fecha,tipo,source,san_martin,neuba_1,neuba_2,gpfm,centro_oeste,norte,total,tgs,tgn
2024-10-27,R,ING_20241106.pdf,,,,,,,106.2,,
2024-10-28,R,ING_20241106.pdf,,,,,,,107.9,,
2024-10-29,R,ING_20241106.pdf,,,,,,,110.5,,
2024-10-30,R,ING_20241106.pdf,,,,,,,114.3,,
2024-10-31,R,ING_20241106.pdf,,,,,,,110.9,,
2024-11-01,R,ING_20241106.pdf,,26.3,10.4,35.4,26.1,,105.8,,
2024-11-02,R,ING_20241106.pdf,,,26.2,34.6,27.6,,105.6,,
2024-11-03,R,ING_20241111.pdf,,,24.9,36.4,26.0,,105.6,,
2024-11-04,R,ING_20241111.pdf,,,25.8,36.0,24.8,,105.8,,
2024-11-05,R,ING_20241111.pdf,,,25.5,36.4,25.1,,107.2,,
2024-11-06,R,ING_20241111.pdf,,25.0,10.3,37.2,21.9,,104.7,,
2024-11-07,R,ING_20241111.pdf,,22.4,12.0,30.4,24.4,,101.1,,
2024-11-08,R,ING_20241111.pdf,23.5,12.2,28.3,12.7,26.2,2.8,105.7,76.7,29.0
2024-11-09,R,ING_20241111.pdf,25.3,12.9,31.6,12.4,25.9,2.7,110.8,82.2,28.6
2024-11-10,R,ING_20241111.pdf,,,,,,,109.8,,
2024-11-11,R,ING_20241111.pdf,,,,,,,106.7,,
2024-11-12,P,ING_20241111.pdf,,,,,,,110.4,,
2024-11-13,P,ING_20241111.pdf,,,,,,,113.1,,
2024-11-14,R,ING_20241121.pdf,,,,,,,111.5,,
2024-11-15,R,ING_20241121.pdf,,,,,,,107.4,,
2024-11-16,R,ING_20241121.pdf,,,,,,,107.4,,
2024-11-17,R,ING_20241126.pdf,,,,,,,102.8,,
2024-11-18,R,ING_20241126.pdf,,,,,,,100.9,,
2024-11-19,R,ING_20241126.pdf,,,,,,,103.4,,
2024-11-20,R,ING_20241126.pdf,,,,,,,107.1,,
2024-11-21,R,ING_20241126.pdf,,,,,,,108.5,,
2024-11-22,R,ING_20241201.pdf,,,,,,,107.9,,
2024-11-23,R,ING_20241201.pdf,,,,,,,109.1,,
2024-11-24,R,ING_20241201.pdf,,,,,,,107.8,,
2024-11-25,R,ING_20241201.pdf,,,,,,,112.2,,
2024-11-26,R,ING_20241201.pdf,,,,,,,108.7,,
2024-11-27,R,ING_20241201.pdf,,,,,,,113.3,,
2024-11-28,R,ING_20241201.pdf,,,,,,,113.7,,
2024-11-29,R,ING_20241201.pdf,,,,,,,113.6,,
2024-11-30,R,ING_20241201.pdf,,,,,,,113.3,,
2024-12-01,R,ING_20241201.pdf,,27.0,31.7,13.8,23.8,,107.8,,
2024-12-02,R,ING_20241211.pdf,,26.6,30.9,12.0,26.4,,107.6,,
2024-12-03,R,ING_20241211.pdf,,26.2,32.3,11.1,28.3,,109.3,,
2024-12-04,R,ING_20241211.pdf,,,24.9,32.0,29.6,,102.6,,
2024-12-05,R,ING_20241211.pdf,,,24.4,33.1,32.2,,108.8,,
2024-12-06,R,ING_20241211.pdf,,,24.2,34.6,30.1,,106.2,,
2024-12-07,R,ING_20241211.pdf,,,25.3,34.2,29.8,,105.6,,
2024-12-08,R,ING_20241211.pdf,,,25.8,33.5,29.0,,101.7,,
2024-12-09,R,ING_20241211.pdf,,,24.3,33.1,28.5,,103.1,,
2024-12-10,R,ING_20241211.pdf,,,,,,,100.5,,
2024-12-11,R,ING_20241211.pdf,,,,,,,102.0,,
2024-12-12,P,ING_20241211.pdf,,,,,,,107.1,,
2024-12-13,P,ING_20241211.pdf,,,,,,,108.6,,
2024-12-14,P,ING_20241211.pdf,,,,,,,108.8,,
2024-12-15,P,ING_20241211.pdf,,,,,,,108.8,,
2024-12-19,R,ING_20241226.pdf,,,,,,,109.2,,
2024-12-20,R,ING_20241226.pdf,,,,,,,111.4,,
2024-12-21,R,ING_20241226.pdf,,,,,,,107.7,,
2024-12-22,R,ING_20241226.pdf,,,,,,,,,
2024-12-23,R,ING_20241226.pdf,,,,,,,101.5,,
2024-12-24,R,ING_20241226.pdf,,,,,,,,,
2024-12-25,R,ING_20241226.pdf,,,,,,,,,
2024-12-26,R,ING_20241226.pdf,,,,,,,,,
2024-12-27,R,ING_20250105.pdf,,,,,,,,,
2024-12-28,R,ING_20250105.pdf,,,,,,,,,
2024-12-29,R,ING_20250105.pdf,,,,,,,,,
2024-12-30,R,ING_20250105.pdf,,,,,,,,,
2024-12-31,R,ING_20250105.pdf,,,,,,,101.3,,
2025-01-01,R,ING_20250105.pdf,22.0,10.0,32.3,10.4,24.8,2.7,102.2,74.7,27.5
2025-01-02,R,ING_20250105.pdf,24.9,10.5,32.9,12.8,27.8,2.6,111.5,81.1,30.4
2025-01-03,R,ING_20250105.pdf,26.4,10.4,31.5,13.2,28.7,2.6,112.8,81.5,31.3
2025-01-04,R,ING_20250105.pdf,25.0,10.2,31.5,11.0,28.2,2.7,108.6,77.7,30.9
2025-01-05,R,ING_20250105.pdf,24.5,10.1,32.6,10.2,29.3,2.7,109.4,77.4,32.0
2025-01-06,R,ING_20250115.pdf,26.5,10.0,31.3,10.3,29.7,2.9,110.7,78.1,32.6
2025-01-07,R,ING_20250115.pdf,27.2,8.8,29.9,11.7,31.2,2.5,111.3,77.6,33.7
2025-01-08,R,ING_20250115.pdf,27.4,9.6,29.4,12.4,31.3,2.6,112.7,78.8,33.9
2025-01-09,R,ING_20250115.pdf,27.9,8.9,28.7,14.1,31.9,2.4,113.9,79.6,34.3
2025-01-10,R,ING_20250115.pdf,,28.3,29.3,15.5,31.1,,116.2,,
2025-01-11,R,ING_20250115.pdf,,27.5,30.1,14.0,29.0,,112.6,,
2025-01-12,R,ING_20250115.pdf,,27.6,28.5,11.3,30.3,,109.7,,
2025-01-13,R,ING_20250115.pdf,,27.5,29.0,15.7,32.1,,116.3,,
2025-01-14,R,ING_20250115.pdf,,29.3,30.4,16.3,32.3,,120.3,,
2025-01-15,R,ING_20250115.pdf,,29.4,29.7,15.0,32.0,,118.4,,
2025-01-16,P,ING_20250115.pdf,,29.8,32.7,16.9,32.6,,124.3,,
2025-01-17,P,ING_20250115.pdf,,30.0,30.6,17.4,32.4,,122.8,,
2025-01-18,P,ING_20250115.pdf,,30.0,30.6,17.4,30.5,,120.9,,
2025-01-19,P,ING_20250115.pdf,,30.0,30.6,17.4,30.1,,120.5,,
2025-01-23,R,ING_20250130.pdf,29.3,10.5,31.1,17.0,32.9,2.7,123.5,87.9,35.6
2025-01-24,R,ING_20250130.pdf,25.8,10.7,29.6,15.9,31.6,2.7,116.3,82.0,34.3
2025-01-25,R,ING_20250130.pdf,28.9,10.5,32.5,16.2,33.1,2.6,123.8,88.1,35.7
2025-01-26,R,ING_20250204.pdf,30.0,10.5,31.3,16.6,33.8,2.7,124.9,88.4,36.5
2025-01-27,R,ING_20250204.pdf,30.7,10.5,28.3,18.6,31.4,2.7,122.2,88.1,34.1
2025-01-28,R,ING_20250204.pdf,30.5,10.7,30.6,18.3,32.1,2.4,124.6,90.1,34.5
2025-01-29,R,ING_20250204.pdf,29.5,10.5,29.6,18.2,33.3,2.7,123.8,87.8,36.0
2025-01-30,R,ING_20250204.pdf,29.6,10.4,27.4,19.4,32.6,3.0,122.4,86.8,35.6
2025-01-31,R,ING_20250209.pdf,29.7,10.7,30.3,18.4,30.8,2.7,122.6,89.1,33.5
2025-02-01,R,ING_20250209.pdf,30.4,10.4,31.4,17.7,32.2,2.6,124.7,89.9,34.8
2025-02-02,R,ING_20250209.pdf,25.4,10.6,30.4,16.4,32.4,2.7,117.9,82.8,35.1
2025-02-03,R,ING_20250209.pdf,28.4,10.2,32.2,17.6,32.7,2.4,123.5,88.4,35.1
2025-02-04,R,ING_20250209.pdf,28.2,10.3,32.0,17.6,32.5,2.5,123.1,88.1,35.0
2025-02-05,R,ING_20250209.pdf,27.0,10.5,31.2,18.0,34.3,2.7,123.7,86.7,37.0
2025-02-06,R,ING_20250209.pdf,28.0,10.3,32.9,17.4,34.2,2.9,125.7,88.6,37.1
2025-02-07,R,ING_20250209.pdf,28.9,10.3,30.9,17.4,33.0,3.0,123.5,87.5,36.0
2025-02-08,R,ING_20250209.pdf,30.2,10.3,31.6,16.8,33.2,2.7,124.8,88.9,35.9
2025-02-09,R,ING_20250209.pdf,29.1,10.2,32.0,16.7,33.5,2.7,124.2,88.0,36.2
2025-02-10,P,ING_20250209.pdf,29.5,10.1,32.0,20.1,33.8,2.6,128.1,91.7,36.4
2025-02-11,P,ING_20250209.pdf,29.3,10.1,32.0,20.7,33.8,2.6,128.5,92.1,36.4
2025-02-12,P,ING_20250209.pdf,29.3,10.1,32.0,20.7,32.6,2.6,127.3,92.1,35.2
2025-02-13,P,ING_20250209.pdf,,29.3,32.0,20.7,32.1,,126.1,,
2025-02-14,P,ING_20250209.pdf,29.3,10.4,32.0,20.7,31.6,2.6,126.6,92.4,34.2
2025-02-15,R,ING_20250224.pdf,30.2,10.3,31.4,19.6,32.8,2.7,127.0,91.5,35.5
2025-02-16,R,ING_20250224.pdf,30.4,10.4,30.7,17.5,34.3,2.6,125.9,89.0,36.9
2025-02-17,R,ING_20250224.pdf,,29.9,33.1,18.0,30.7,,124.2,,
2025-02-18,R,ING_20250224.pdf,,28.1,31.7,14.7,27.6,,114.2,,
2025-02-19,R,ING_20250224.pdf,,29.6,29.5,13.2,34.8,,119.5,,
2025-02-20,R,ING_20250224.pdf,,29.4,31.2,15.7,32.5,,121.0,,
2025-02-21,R,ING_20250224.pdf,30.1,10.0,32.7,18.0,26.3,2.8,119.9,90.8,29.1
2025-02-22,R,ING_20250224.pdf,,29.4,31.7,18.3,34.8,,126.6,,
2025-02-23,R,ING_20250224.pdf,,29.5,32.3,17.5,34.9,,126.6,,
2025-02-24,R,ING_20250224.pdf,30.2,10.1,32.6,18.5,34.9,2.8,129.1,91.4,37.7
2025-02-25,P,ING_20250224.pdf,29.1,10.4,33.0,20.1,30.0,2.7,125.3,92.6,32.7
2025-02-26,P,ING_20250224.pdf,29.1,10.4,33.0,19.1,32.1,2.6,126.3,91.6,34.7
2025-02-27,P,ING_20250224.pdf,29.1,10.4,33.0,19.1,27.5,2.6,121.7,91.6,30.1
2025-02-28,P,ING_20250224.pdf,29.1,10.4,33.0,19.1,33.1,2.6,127.3,91.6,35.7
2025-03-01,P,ING_20250224.pdf,29.1,10.4,31.0,19.6,31.6,2.6,124.3,90.1,34.2
2025-03-02,R,ING_20250311.pdf,29.0,10.3,30.3,18.3,33.9,2.8,124.6,87.9,36.7
2025-03-03,R,ING_20250311.pdf,28.8,10.4,29.8,16.6,34.2,2.8,122.6,85.6,37.0
2025-03-04,R,ING_20250311.pdf,28.8,10.4,27.5,16.1,32.9,2.8,118.5,82.8,35.7
2025-03-05,R,ING_20250311.pdf,28.9,10.3,29.6,17.1,34.9,2.6,123.4,85.9,37.5
2025-03-06,R,ING_20250311.pdf,28.3,9.8,31.7,18.6,35.0,2.6,126.0,88.4,37.6
2025-03-07,R,ING_20250316.pdf,27.0,9.7,17.7,23.6,31.4,2.7,112.1,78.0,34.1
2025-03-08,R,ING_20250316.pdf,24.3,9.6,18.9,23.3,33.0,2.7,111.8,76.1,35.7
2025-03-09,R,ING_20250316.pdf,25.0,10.1,25.8,19.3,33.7,2.6,116.5,80.2,36.3
2025-03-10,R,ING_20250316.pdf,23.4,10.1,24.1,18.4,29.3,2.6,107.9,76.0,31.9
2025-03-11,R,ING_20250316.pdf,23.5,10.1,24.9,17.4,26.5,2.6,105.0,75.9,29.1
2025-03-12,R,ING_20250316.pdf,23.6,10.2,24.2,11.2,29.8,2.7,101.7,69.2,32.5
2025-03-13,R,ING_20250316.pdf,,24.7,26.5,14.5,27.5,,105.6,,
2025-03-14,R,ING_20250316.pdf,25.1,10.2,23.5,13.5,29.4,2.6,104.3,72.3,32.0
2025-03-15,R,ING_20250316.pdf,24.4,10.2,24.8,13.5,34.5,2.7,110.1,72.9,37.2
2025-03-16,R,ING_20250316.pdf,,25.2,10.2,26.6,34.3,,107.6,,
2025-03-17,R,ING_20250326.pdf,,25.1,24.8,10.9,34.5,,108.0,,
2025-03-18,R,ING_20250326.pdf,,25.1,25.9,15.8,30.1,,109.5,,
2025-03-19,R,ING_20250326.pdf,,25.2,24.7,17.6,31.8,,111.9,,
2025-03-20,R,ING_20250326.pdf,,25.1,25.0,17.2,32.6,,112.4,,
2025-03-21,R,ING_20250326.pdf,25.3,10.2,24.9,18.8,30.3,2.7,112.2,79.2,33.0
2025-03-22,R,ING_20250326.pdf,,25.3,24.4,18.3,32.9,,113.4,,
2025-03-23,R,ING_20250326.pdf,,,25.9,28.2,32.1,,107.7,,
2025-03-24,R,ING_20250326.pdf,,,26.4,29.5,32.4,,107.9,,
2025-03-25,R,ING_20250326.pdf,,26.2,28.9,11.9,32.8,,112.0,,
2025-03-26,R,ING_20250326.pdf,,26.5,28.9,16.5,32.8,,115.9,,
2025-03-27,P,ING_20250326.pdf,,27.2,30.2,14.1,31.6,,114.3,,
2025-03-28,P,ING_20250326.pdf,,27.2,30.5,14.1,30.7,,113.7,,
2025-03-29,P,ING_20250326.pdf,,27.1,27.4,10.9,32.0,,108.6,,
2025-03-30,P,ING_20250326.pdf,,27.1,27.1,10.3,33.6,,110.4,,
2025-03-31,R,ING_20250410.pdf,,,27.8,29.2,34.1,,111.4,,
2025-04-01,R,ING_20250410.pdf,27.8,8.3,29.5,4.7,33.3,2.2,105.8,70.3,35.5
2025-04-02,R,ING_20250410.pdf,28.0,9.4,28.2,5.2,34.3,2.4,107.5,70.8,36.7
2025-04-03,R,ING_20250410.pdf,22.5,9.3,26.8,11.0,35.5,2.7,107.8,69.6,38.2
2025-04-04,R,ING_20250410.pdf,23.6,9.7,27.8,17.2,35.6,2.2,116.1,78.3,37.8
2025-04-05,R,ING_20250415.pdf,10.1,9.8,28.6,21.4,35.6,2.2,107.7,69.9,37.8
2025-04-06,R,ING_20250415.pdf,19.2,9.8,27.7,23.0,34.9,2.5,117.1,79.7,37.4
2025-04-07,R,ING_20250415.pdf,25.5,10.0,27.9,17.7,29.6,2.6,113.3,81.1,32.2
2025-04-08,R,ING_20250415.pdf,26.6,8.7,28.6,17.4,29.9,2.5,113.7,81.3,32.4
2025-04-09,R,ING_20250415.pdf,28.0,9.4,27.8,14.3,27.7,2.7,109.9,79.5,30.4
2025-04-10,R,ING_20250415.pdf,,28.7,26.8,13.4,28.8,,110.3,,
2025-04-11,R,ING_20250420.pdf,28.2,10.2,28.8,15.9,31.3,2.7,117.1,83.1,34.0
2025-04-12,R,ING_20250420.pdf,28.3,10.8,27.3,14.3,35.2,2.5,118.4,80.7,37.7
2025-04-13,R,ING_20250420.pdf,28.4,10.7,27.2,15.3,35.2,2.6,119.4,81.6,37.8
2025-04-14,R,ING_20250420.pdf,28.3,10.7,25.3,12.9,27.6,2.6,107.4,77.2,30.2
2025-04-15,R,ING_20250420.pdf,28.5,10.4,25.2,17.3,27.9,2.6,111.9,81.4,30.5
2025-04-16,P,ING_20250420.pdf,29.6,10.7,14.0,23.9,28.0,2.4,108.6,78.2,30.4
2025-04-17,R,ING_20250420.pdf,28.1,10.8,18.1,21.3,27.9,2.5,108.7,78.3,30.4
2025-04-18,R,ING_20250420.pdf,28.2,10.6,25.9,23.1,28.3,2.6,118.7,87.8,30.9
2025-04-19,R,ING_20250420.pdf,28.0,10.2,18.4,23.5,28.6,2.6,111.3,80.1,31.2
2025-04-20,R,ING_20250420.pdf,28.2,10.6,23.1,23.0,27.4,2.6,114.9,84.9,30.0
2025-04-21,P,ING_20250420.pdf,29.1,10.5,31.9,22.8,28.0,2.6,124.9,94.3,30.6
2025-04-22,P,ING_20250420.pdf,26.4,10.5,30.2,22.8,28.0,2.7,120.6,89.9,30.7
2025-04-23,P,ING_20250420.pdf,26.4,10.5,26.9,22.8,30.6,2.7,119.9,86.6,33.3
2025-04-24,P,ING_20250420.pdf,26.4,10.5,31.7,22.8,34.1,2.6,128.1,91.4,36.7
2025-04-25,P,ING_20250420.pdf,26.4,10.5,34.1,22.8,34.1,2.7,130.6,93.8,36.8
2025-04-26,R,ING_20250505.pdf,27.6,10.6,33.3,14.9,30.5,2.9,119.8,86.4,33.4
2025-04-27,R,ING_20250505.pdf,29.7,10.3,33.0,15.7,33.6,2.7,125.0,88.7,36.3
2025-04-28,R,ING_20250505.pdf,,27.3,34.8,15.2,34.8,,124.6,,
2025-04-29,R,ING_20250505.pdf,28.7,10.0,34.1,16.5,35.3,2.6,127.2,89.3,37.9
2025-04-30,P,ING_20250505.pdf,28.4,10.2,32.3,16.8,34.1,2.6,124.4,87.7,36.7
2025-05-01,R,ING_20250505.pdf,26.9,9.3,37.5,8.7,34.6,2.6,119.6,82.4,37.2
2025-05-02,R,ING_20250505.pdf,,25.6,8.6,38.8,33.4,,113.3,,
2025-05-03,R,ING_20250505.pdf,,25.0,8.7,38.0,32.4,,110.5,,
2025-05-04,R,ING_20250505.pdf,26.1,9.5,38.5,7.4,32.1,2.8,116.4,81.5,34.9
2025-05-05,R,ING_20250505.pdf,26.0,9.3,39.2,8.8,32.7,2.7,118.7,83.3,35.4
2025-05-06,P,ING_20250505.pdf,25.0,9.3,39.5,10.8,28.5,2.6,115.7,84.6,31.1
2025-05-07,P,ING_20250505.pdf,25.8,9.4,39.5,14.1,30.0,2.5,121.3,88.8,32.5
2025-05-08,R,ING_20250515.pdf,26.4,8.5,40.0,9.8,35.0,2.6,122.3,84.7,37.6
2025-05-09,R,ING_20250515.pdf,26.8,9.0,39.2,12.5,37.8,2.6,127.9,87.5,40.4
2025-05-10,R,ING_20250515.pdf,27.3,10.0,35.0,14.2,36.8,2.5,125.8,86.5,39.3
2025-05-11,R,ING_20250520.pdf,,25.4,10.4,36.2,36.3,,120.4,,
2025-05-12,R,ING_20250520.pdf,26.2,10.4,37.9,11.8,34.3,2.6,123.2,86.3,36.9
2025-05-13,R,ING_20250520.pdf,25.2,10.4,36.2,12.9,33.1,2.4,120.2,84.7,35.5
2025-05-14,R,ING_20250520.pdf,25.4,10.3,33.9,16.1,31.5,2.4,119.6,85.7,33.9
2025-05-15,R,ING_20250520.pdf,25.9,10.2,33.2,18.3,32.2,2.5,122.3,87.6,34.7
2025-05-16,R,ING_20250525.pdf,26.0,10.2,34.3,20.7,32.1,2.5,125.8,91.2,34.6
2025-05-17,R,ING_20250525.pdf,25.7,10.1,35.4,16.3,35.2,2.6,125.3,87.5,37.8
2025-05-18,R,ING_20250525.pdf,25.9,10.5,37.0,12.9,33.9,2.7,122.9,86.3,36.6
2025-05-19,R,ING_20250525.pdf,26.7,10.5,38.7,19.5,30.7,2.6,128.7,95.4,33.3
2025-05-20,R,ING_20250525.pdf,27.9,10.4,39.6,21.2,30.8,2.6,132.5,99.1,33.4
2025-05-21,R,ING_20250525.pdf,27.9,10.1,42.7,20.5,31.6,2.6,135.4,101.2,34.2
2025-05-22,R,ING_20250525.pdf,27.1,10.3,42.6,18.7,33.1,2.4,134.2,98.7,35.5
2025-05-23,R,ING_20250525.pdf,27.8,10.0,42.7,19.2,34.6,2.5,136.8,99.7,37.1
2025-05-24,R,ING_20250525.pdf,,24.9,42.2,19.0,34.9,,132.7,,
2025-05-25,R,ING_20250525.pdf,27.3,10.3,41.5,18.9,36.0,2.4,136.4,98.0,38.4
2025-05-26,R,ING_20250604.pdf,28.1,10.3,41.1,18.3,36.1,2.4,136.3,97.8,38.5
2025-05-27,R,ING_20250604.pdf,28.9,10.2,43.7,21.4,33.4,2.4,140.0,104.2,35.8
2025-05-28,R,ING_20250604.pdf,,28.8,43.0,22.0,33.4,,139.7,,
2025-05-29,R,ING_20250604.pdf,,29.5,43.1,21.2,35.2,,141.3,,
2025-05-30,R,ING_20250604.pdf,29.5,10.3,42.8,19.6,32.6,2.5,137.3,102.2,35.1
2025-05-31,R,ING_20250609.pdf,29.2,10.4,43.4,20.0,33.4,2.5,138.9,103.0,35.9
2025-06-01,R,ING_20250609.pdf,28.3,10.2,43.0,20.9,34.4,2.5,139.3,102.4,36.9
2025-06-02,R,ING_20250609.pdf,28.3,10.1,41.6,20.3,35.3,2.6,138.2,100.3,37.9
2025-06-03,R,ING_20250609.pdf,28.1,10.2,41.4,21.4,35.2,2.5,138.8,101.1,37.7
2025-06-04,R,ING_20250609.pdf,28.3,10.3,41.1,21.9,34.5,2.6,138.7,101.6,37.1
2025-06-05,R,ING_20250609.pdf,28.2,10.2,42.4,21.2,34.2,2.5,138.7,102.0,36.7
2025-06-06,R,ING_20250609.pdf,28.1,10.1,42.4,22.5,33.3,2.5,138.9,103.1,35.8
2025-06-07,R,ING_20250609.pdf,28.2,9.9,43.1,22.0,32.5,2.6,138.3,103.2,35.1
2025-06-08,R,ING_20250609.pdf,28.1,10.0,43.0,21.3,35.2,2.6,140.2,102.4,37.8
2025-06-09,R,ING_20250609.pdf,28.1,10.0,43.0,20.3,34.5,2.4,138.3,101.4,36.9
2025-06-10,P,ING_20250609.pdf,28.0,10.4,43.0,21.7,34.0,2.6,139.7,103.1,36.6
2025-06-11,P,ING_20250609.pdf,27.8,10.4,43.0,21.7,34.5,2.6,140.0,102.9,37.1
2025-06-12,P,ING_20250609.pdf,27.8,10.4,43.0,21.1,34.0,2.6,138.9,102.3,36.6
2025-06-13,P,ING_20250609.pdf,27.8,10.4,43.0,21.1,35.0,2.6,139.9,102.3,37.6
2025-06-14,P,ING_20250609.pdf,27.8,10.4,43.0,21.1,35.0,2.6,139.9,102.3,37.6
2025-06-15,R,ING_20250624.pdf,28.0,10.5,42.0,20.0,35.2,2.1,137.8,100.5,37.3
2025-06-16,R,ING_20250624.pdf,27.9,10.2,41.2,19.5,33.6,2.5,134.9,98.8,36.1
2025-06-17,R,ING_20250624.pdf,27.8,10.2,42.1,21.6,33.5,2.6,137.8,101.7,36.1
2025-06-18,R,ING_20250624.pdf,27.8,10.2,43.5,23.2,35.0,2.4,142.1,104.7,37.4
2025-06-19,R,ING_20250624.pdf,27.8,10.0,43.3,22.1,35.6,2.2,141.0,103.2,37.8
2025-06-20,R,ING_20250629.pdf,27.9,10.1,42.9,20.4,35.2,2.4,138.9,101.3,37.6
2025-06-21,R,ING_20250629.pdf,,28.0,42.5,19.9,35.2,,137.7,,
2025-06-22,R,ING_20250629.pdf,,27.5,42.4,20.8,35.8,,138.6,,
2025-06-23,R,ING_20250629.pdf,,27.9,42.5,22.1,36.1,,140.7,,
2025-06-24,R,ING_20250629.pdf,28.1,10.1,41.7,21.1,35.7,2.3,139.0,101.0,38.0
2025-06-25,R,ING_20250629.pdf,27.8,10.5,42.3,21.1,35.5,2.5,139.7,101.7,38.0
2025-06-26,R,ING_20250629.pdf,27.9,10.6,41.6,20.8,36.7,2.2,139.8,100.9,38.9
2025-06-27,R,ING_20250629.pdf,27.9,10.6,41.5,20.5,34.9,2.3,137.7,100.5,37.2
2025-06-28,R,ING_20250629.pdf,27.5,10.3,43.5,18.3,35.6,2.4,137.6,99.6,38.0
2025-06-29,R,ING_20250629.pdf,,27.4,44.2,18.5,35.7,,137.7,,
2025-06-30,R,ING_20250709.pdf,27.8,10.2,41.5,16.6,30.7,2.6,129.4,96.1,33.3
2025-07-01,R,ING_20250709.pdf,27.8,9.5,43.5,16.9,31.1,2.3,131.1,97.7,33.4
2025-07-02,R,ING_20250709.pdf,27.9,8.8,43.0,20.7,33.3,2.4,136.1,100.4,35.7
2025-07-03,R,ING_20250709.pdf,28.4,8.7,42.6,21.4,34.5,2.3,137.9,101.1,36.8
2025-07-04,R,ING_20250709.pdf,28.2,9.2,41.7,21.5,33.8,2.5,136.9,100.6,36.3
2025-07-05,R,ING_20250714.pdf,27.8,9.8,40.1,21.1,35.4,2.4,136.6,98.8,37.8
2025-07-06,R,ING_20250714.pdf,27.6,9.6,42.2,20.6,35.8,2.5,138.3,100.0,38.3
2025-07-07,R,ING_20250714.pdf,27.3,9.8,41.4,22.0,36.1,2.6,139.2,100.5,38.7
2025-07-08,R,ING_20250714.pdf,27.4,10.2,42.8,22.3,35.9,2.3,140.9,102.7,38.2
2025-07-09,R,ING_20250714.pdf,27.6,10.4,42.0,21.6,36.3,2.4,140.3,101.6,38.7
2025-07-10,R,ING_20250714.pdf,27.5,10.3,41.9,20.5,36.7,2.5,139.4,100.2,39.2
2025-07-11,R,ING_20250714.pdf,27.2,10.5,40.8,21.9,36.6,2.4,139.4,100.4,39.0
2025-07-12,R,ING_20250714.pdf,27.1,10.3,41.5,20.8,36.5,2.4,138.6,99.7,38.9
2025-07-13,R,ING_20250714.pdf,27.1,10.2,41.9,20.2,36.4,2.5,138.3,99.4,38.9
2025-07-14,R,ING_20250714.pdf,27.1,10.2,42.6,20.1,36.3,2.5,138.8,100.0,38.8
2025-07-15,P,ING_20250714.pdf,27.2,10.5,42.5,21.4,35.9,2.7,140.2,101.6,38.6
2025-07-16,P,ING_20250714.pdf,27.2,10.5,42.5,21.4,35.0,2.7,139.3,101.6,37.7
2025-07-17,R,ING_20250724.pdf,27.1,11.1,41.3,21.1,36.1,2.3,139.0,100.6,38.4
2025-07-18,R,ING_20250724.pdf,27.4,11.2,39.8,21.9,37.2,2.5,140.0,100.3,39.7
2025-07-19,R,ING_20250724.pdf,27.5,10.8,40.8,22.6,36.4,2.6,140.7,101.7,39.0
2025-07-20,R,ING_20250729.pdf,27.4,11.1,41.2,18.8,37.0,2.3,137.8,98.5,39.3
2025-07-21,R,ING_20250729.pdf,27.3,10.3,42.2,18.7,37.2,2.6,138.3,98.5,39.8
2025-07-22,R,ING_20250729.pdf,27.4,10.7,42.1,20.4,37.6,2.4,140.6,100.6,40.0
2025-07-23,R,ING_20250729.pdf,27.4,11.0,43.3,22.4,36.6,2.4,143.1,104.1,39.0
2025-07-24,R,ING_20250729.pdf,27.6,10.9,41.8,21.8,35.0,2.3,139.4,102.1,37.3
2025-07-25,R,ING_20250803.pdf,27.4,10.8,42.2,20.2,35.3,2.4,138.3,100.6,37.7
2025-07-26,R,ING_20250803.pdf,27.3,11.0,42.5,19.6,34.0,2.5,136.9,100.4,36.5
2025-07-27,R,ING_20250803.pdf,,27.4,40.9,18.7,32.1,,130.9,,
2025-07-28,R,ING_20250803.pdf,,27.4,43.3,18.6,34.9,,135.5,,
2025-07-29,R,ING_20250803.pdf,,27.4,42.9,19.1,36.2,,137.7,,
2025-07-30,R,ING_20250803.pdf,27.4,10.6,41.7,21.0,36.8,2.5,140.0,100.7,39.3
2025-07-31,R,ING_20250803.pdf,27.7,10.4,41.8,22.0,36.9,2.5,141.3,101.9,39.4
2025-08-01,R,ING_20250803.pdf,28.2,10.7,41.6,22.2,37.6,2.3,142.6,102.7,39.9
2025-08-02,R,ING_20250803.pdf,28.2,10.9,41.6,21.3,38.3,2.5,142.8,102.0,40.8
2025-08-03,R,ING_20250803.pdf,26.4,10.8,41.0,21.0,38.8,2.5,140.5,99.2,41.3
2025-08-04,P,ING_20250803.pdf,27.0,11.0,42.0,22.5,37.4,2.4,142.3,102.5,39.8
2025-08-05,P,ING_20250803.pdf,27.5,10.8,42.5,22.0,37.4,2.4,142.6,102.8,39.8
2025-08-06,P,ING_20250803.pdf,27.5,10.8,42.5,22.0,37.0,2.4,142.2,102.8,39.4
2025-08-07,R,ING_20250813.pdf,27.7,11.1,42.2,22.4,36.5,2.1,142.0,103.4,38.6
2025-08-08,R,ING_20250813.pdf,27.8,10.9,42.3,23.0,38.2,2.3,144.5,104.0,40.5
2025-08-09,R,ING_20250818.pdf,27.8,11.2,41.7,22.3,37.0,2.2,142.2,103.0,39.2
2025-08-10,R,ING_20250818.pdf,27.7,11.0,41.6,22.6,34.7,2.5,140.1,102.9,37.2
2025-08-11,R,ING_20250818.pdf,27.6,10.7,40.1,21.9,35.9,2.3,138.5,100.3,38.2
2025-08-12,R,ING_20250818.pdf,27.7,10.7,40.4,21.0,37.6,2.5,139.9,99.8,40.1
2025-08-13,R,ING_20250818.pdf,27.4,11.0,41.7,20.2,36.8,2.4,139.5,100.3,39.2
2025-08-14,R,ING_20250818.pdf,27.4,10.8,42.3,22.1,35.5,2.4,140.5,102.6,37.9
2025-08-15,R,ING_20250818.pdf,27.5,10.8,41.4,21.8,34.7,2.3,138.5,101.5,37.0
2025-08-16,R,ING_20250818.pdf,27.5,10.9,41.3,21.9,34.1,2.4,138.1,101.6,36.5
2025-08-17,R,ING_20250818.pdf,27.4,10.7,41.4,22.3,35.5,2.4,139.7,101.8,37.9
2025-08-18,R,ING_20250818.pdf,27.1,10.7,40.8,20.0,37.9,2.4,138.9,98.6,40.3
2025-08-19,P,ING_20250818.pdf,27.0,10.9,41.0,21.3,36.5,2.5,139.2,100.2,39.0
2025-08-20,P,ING_20250818.pdf,27.0,10.9,42.0,21.3,36.5,2.5,140.2,101.2,39.0
2025-08-21,R,ING_20250828.pdf,26.9,10.6,40.8,21.3,37.5,2.3,139.4,99.6,39.8
2025-08-22,R,ING_20250828.pdf,26.4,10.7,41.7,19.3,37.0,2.4,137.5,98.1,39.4
2025-08-23,R,ING_20250828.pdf,25.9,10.9,41.5,16.7,35.3,2.3,132.6,95.0,37.6
2025-08-24,R,ING_20250902.pdf,26.9,10.5,40.9,16.1,34.8,2.2,131.4,94.4,37.0
2025-08-25,R,ING_20250902.pdf,23.6,10.4,40.8,19.6,34.0,2.2,130.6,94.4,36.2
2025-08-26,R,ING_20250902.pdf,25.5,10.3,40.9,21.3,34.1,2.3,134.4,98.0,36.4
2025-08-27,R,ING_20250902.pdf,27.0,10.4,40.2,20.7,35.4,2.3,136.0,98.3,37.7
2025-08-28,R,ING_20250902.pdf,26.1,10.2,38.1,18.6,36.9,2.2,132.1,93.0,39.1
2025-08-29,R,ING_20250907.pdf,24.6,10.3,38.1,15.3,33.3,2.3,123.9,88.3,35.6
2025-08-30,R,ING_20250907.pdf,24.6,10.1,36.8,11.0,31.8,2.5,116.8,82.5,34.3
2025-08-31,R,ING_20250907.pdf,25.1,10.4,39.3,12.0,33.5,2.2,122.5,86.8,35.7
2025-09-01,R,ING_20250907.pdf,26.3,10.7,41.4,16.8,34.9,2.2,132.3,95.2,37.1
2025-09-02,R,ING_20250907.pdf,26.8,10.8,41.1,20.8,31.1,2.3,132.9,99.5,33.4
2025-09-03,R,ING_20250907.pdf,26.4,10.5,42.6,17.1,33.6,2.2,132.4,96.6,35.8
2025-09-04,R,ING_20250907.pdf,27.3,10.2,42.3,13.1,34.4,2.3,129.6,92.9,36.7
2025-09-05,R,ING_20250907.pdf,27.5,10.4,40.5,19.9,33.7,2.2,134.2,98.3,35.9
2025-09-06,R,ING_20250907.pdf,27.4,10.5,42.1,20.2,31.0,2.1,133.3,100.2,33.1
2025-09-07,R,ING_20250907.pdf,27.4,10.7,40.5,21.6,35.6,2.3,138.1,100.2,37.9
2025-09-08,R,ING_20250917.pdf,27.5,10.6,37.0,22.2,36.6,2.2,136.1,97.3,38.8
2025-09-09,R,ING_20250917.pdf,27.2,10.5,35.9,22.8,31.4,2.4,130.2,96.4,33.8
2025-09-10,R,ING_20250917.pdf,27.2,10.5,36.2,19.7,34.2,2.3,130.1,93.6,36.5
2025-09-11,R,ING_20250917.pdf,25.6,10.4,36.2,16.8,32.1,2.4,123.5,89.0,34.5
2025-09-12,R,ING_20250917.pdf,,25.4,10.4,33.5,31.1,,112.7,,
2025-09-13,R,ING_20250922.pdf,,20.7,10.4,33.6,30.6,,105.2,,
2025-09-14,R,ING_20250922.pdf,,,22.1,35.0,29.4,,104.6,,
2025-09-15,R,ING_20250922.pdf,,25.7,37.0,10.1,28.7,,113.7,,
2025-09-16,R,ING_20250922.pdf,26.0,10.4,35.1,11.7,27.7,2.4,113.3,83.2,30.1
2025-09-17,R,ING_20250922.pdf,25.8,10.7,35.1,12.0,27.0,2.2,112.8,83.6,29.2
2025-09-18,R,ING_20250922.pdf,25.8,10.4,35.7,11.5,26.1,2.3,111.8,83.4,28.4
2025-09-19,R,ING_20250922.pdf,25.7,10.3,37.0,11.9,25.3,2.4,112.6,84.9,27.7
2025-09-20,R,ING_20250922.pdf,25.4,10.6,35.5,11.4,26.6,2.3,111.8,82.9,28.9
2025-09-21,R,ING_20250922.pdf,,25.4,10.5,36.7,27.2,,108.2,,
2025-09-22,R,ING_20250922.pdf,,25.6,10.6,37.4,26.8,,111.8,,
2025-09-23,P,ING_20250922.pdf,,25.7,10.7,37.5,29.5,,114.7,,
2025-09-24,P,ING_20250922.pdf,,25.7,10.7,37.5,30.0,,113.9,,
2025-09-25,R,ING_20251002.pdf,,25.9,10.1,36.3,30.8,,114.7,,
2025-09-26,R,ING_20251002.pdf,,25.8,10.0,36.6,30.5,,114.0,,
2025-09-27,R,ING_20251002.pdf,,25.6,10.3,36.5,28.8,,109.3,,
2025-09-28,R,ING_20251007.pdf,,22.4,10.4,35.5,29.5,,103.6,,
2025-09-29,R,ING_20251007.pdf,,19.1,10.4,36.8,29.6,,104.3,,
2025-09-30,R,ING_20251007.pdf,,23.7,10.3,33.6,29.6,,105.6,,
2025-10-01,R,ING_20251007.pdf,,,25.7,32.2,28.8,,105.2,,
2025-10-02,R,ING_20251007.pdf,,,25.9,28.0,30.6,,103.9,,
2025-10-03,R,ING_20251012.pdf,,,25.2,25.0,30.0,,100.5,,
2025-10-04,R,ING_20251012.pdf,,,23.3,27.4,27.4,,95.9,,
2025-10-05,R,ING_20251012.pdf,,,24.4,27.8,28.3,,97.5,,
2025-10-06,R,ING_20251012.pdf,,26.2,30.5,10.4,29.2,,108.1,,
2025-10-07,R,ING_20251012.pdf,26.1,10.1,33.7,13.1,27.4,2.0,112.4,83.0,29.4
2025-10-08,R,ING_20251012.pdf,,25.8,10.2,33.9,29.8,,111.4,,
2025-10-09,R,ING_20251012.pdf,,24.4,10.1,32.7,28.6,,105.0,,
2025-10-10,R,ING_20251012.pdf,,,,,,,,,
2025-10-11,R,ING_20251012.pdf,,,,,,,,,
2025-10-12,R,ING_20251012.pdf,,,,,,,,,
2025-10-13,R,ING_20251022.pdf,,,22.9,31.2,27.2,,100.4,,
2025-10-14,R,ING_20251022.pdf,,,24.1,30.5,28.0,,101.5,,
2025-10-15,R,ING_20251022.pdf,,24.1,10.0,30.9,29.4,,104.8,,
2025-10-16,R,ING_20251022.pdf,,24.2,10.1,28.2,29.8,,99.7,,
2025-10-17,R,ING_20251022.pdf,25.3,10.3,29.2,11.4,29.1,1.4,106.7,76.2,30.5
2025-10-18,R,ING_20251027.pdf,,,24.9,27.9,27.2,,97.2,,
2025-10-19,R,ING_20251027.pdf,,,25.0,27.1,28.2,,94.0,,
2025-10-20,R,ING_20251027.pdf,,,25.0,24.1,28.4,,97.8,,
2025-10-21,R,ING_20251027.pdf,,,23.3,28.9,28.0,,101.0,,
2025-10-22,R,ING_20251027.pdf,,,23.3,28.8,29.3,,102.1,,
2025-10-23,R,ING_20251027.pdf,,23.7,29.7,10.8,29.4,,105.1,,
2025-10-24,R,ING_20251027.pdf,,23.7,29.9,11.3,30.7,,107.3,,
2025-10-25,R,ING_20251027.pdf,,23.8,30.5,11.3,27.9,,104.5,,
2025-10-26,R,ING_20251027.pdf,,,24.1,29.1,27.2,,98.6,,
2025-10-27,R,ING_20251027.pdf,24.6,10.1,32.7,10.7,28.3,1.7,108.1,78.1,30.0
2025-10-28,P,ING_20251027.pdf,25.0,10.3,34.0,14.8,28.7,1.8,114.6,84.1,30.5
2025-10-29,P,ING_20251027.pdf,25.0,10.3,34.0,12.3,29.0,1.8,112.4,81.6,30.8
2025-10-30,R,ING_20251106.pdf,24.6,10.0,33.4,10.7,29.7,1.9,110.3,78.7,31.6
2025-10-31,R,ING_20251106.pdf,26.2,10.1,32.0,10.8,28.5,1.8,109.4,79.1,30.3
2025-11-01,R,ING_20251106.pdf,25.1,9.7,26.5,8.9,26.6,1.8,98.6,70.2,28.4
2025-11-02,R,ING_20251111.pdf,25.1,9.8,30.0,6.7,26.3,1.9,99.8,71.6,28.2
2025-11-03,R,ING_20251111.pdf,25.0,10.1,28.7,7.8,27.3,1.8,100.7,71.6,29.1
2025-11-04,R,ING_20251111.pdf,26.0,10.3,27.0,11.6,27.9,1.9,104.7,74.9,29.8
2025-11-05,R,ING_20251111.pdf,26.0,10.5,26.1,14.8,28.3,1.9,107.6,77.4,30.2
2025-11-06,R,ING_20251111.pdf,26.4,10.4,24.0,14.0,28.3,2.0,105.1,74.8,30.3
2025-11-07,R,ING_20251116.pdf,26.3,10.2,24.5,9.3,29.1,1.6,101.0,70.3,30.7
2025-11-08,R,ING_20251116.pdf,26.8,10.5,25.0,10.6,29.0,1.6,103.5,72.9,30.6
2025-11-09,R,ING_20251116.pdf,26.1,10.6,24.8,8.6,29.3,1.7,101.1,70.1,31.0
2025-11-10,R,ING_20251116.pdf,25.8,10.4,23.7,10.6,30.0,1.8,102.3,70.5,31.8
2025-11-11,R,ING_20251116.pdf,,25.9,24.1,12.1,29.9,,103.3,,
2025-11-12,R,ING_20251116.pdf,,25.7,24.5,11.8,28.7,,102.3,,
2025-11-13,R,ING_20251116.pdf,,25.4,24.7,11.7,29.1,,102.4,,
2025-11-14,R,ING_20251116.pdf,,25.5,24.8,11.5,26.1,,99.1,,
2025-11-15,R,ING_20251116.pdf,,24.0,23.9,11.6,18.3,,89.1,,
2025-11-16,R,ING_20251116.pdf,,23.5,24.0,11.3,21.2,,91.5,,
2025-11-17,R,ING_20251126.pdf,,25.4,23.4,11.9,28.0,,100.3,,
2025-11-18,R,ING_20251126.pdf,24.5,10.1,23.6,12.1,27.7,1.8,99.8,70.3,29.5
2025-11-19,R,ING_20251126.pdf,25.6,10.1,24.8,11.1,28.4,1.5,101.5,71.6,29.9
2025-11-20,P,ING_20251126.pdf,25.0,10.3,24.5,13.2,26.0,1.7,100.7,73.0,27.7
2025-11-21,R,ING_20251126.pdf,,25.5,26.5,14.2,19.7,,97.8,,
2025-11-22,R,ING_20251201.pdf,25.8,10.1,26.3,14.5,19.8,2.1,98.6,76.7,21.9
2025-11-23,R,ING_20251201.pdf,26.0,10.0,26.8,12.7,29.0,1.8,106.3,75.5,30.8
2025-11-24,R,ING_20251201.pdf,24.1,10.0,25.6,11.3,28.4,0.9,100.3,71.0,29.3
2025-11-25,R,ING_20251201.pdf,23.5,10.0,22.6,16.5,28.4,1.2,102.2,72.6,29.6
2025-11-26,R,ING_20251201.pdf,,22.9,21.5,19.3,27.8,,102.5,,
2025-11-27,R,ING_20251201.pdf,,23.7,25.7,18.8,27.1,,104.9,,
2025-11-28,R,ING_20251201.pdf,,24.2,26.6,18.4,28.9,,108.7,,
2025-11-29,R,ING_20251201.pdf,,20.4,27.0,18.5,29.9,,106.7,,
2025-11-30,R,ING_20251201.pdf,,25.7,24.7,20.9,28.2,,110.0,,
2025-12-01,R,ING_20251201.pdf,26.0,9.5,26.4,18.0,28.4,1.6,109.9,79.9,30.0
2025-12-02,P,ING_20251201.pdf,25.2,9.5,27.8,20.0,28.1,1.8,112.4,82.5,29.9
2025-12-03,P,ING_20251201.pdf,25.0,9.5,31.3,21.4,28.5,1.8,117.5,87.2,30.3
2025-12-04,R,ING_20251211.pdf,24.7,5.8,31.6,20.4,27.2,2.1,111.8,82.5,29.3
2025-12-05,R,ING_20251211.pdf,26.8,5.9,33.3,20.9,29.1,1.9,117.9,86.9,31.0
2025-12-06,R,ING_20251211.pdf,26.7,7.9,30.7,20.7,28.5,1.8,116.3,86.0,30.3
2025-12-07,R,ING_20251216.pdf,24.7,9.5,31.0,18.4,29.0,1.8,114.4,83.6,30.8
2025-12-08,R,ING_20251216.pdf,24.9,9.2,30.6,16.3,22.8,1.8,105.6,81.0,24.6
2025-12-09,R,ING_20251216.pdf,24.9,8.9,30.9,17.6,19.5,2.1,103.9,82.3,21.6
2025-12-10,R,ING_20251216.pdf,,24.8,29.9,19.8,29.6,,115.2,,
2025-12-11,R,ING_20251216.pdf,,24.9,29.8,20.2,31.3,,116.7,,
2025-12-12,R,ING_20251221.pdf,,24.8,30.7,17.7,31.0,,115.8,,
2025-12-13,R,ING_20251221.pdf,,24.9,29.3,17.0,29.1,,111.7,,
2025-12-14,R,ING_20251221.pdf,,25.5,29.4,15.8,29.2,,110.8,,
2025-12-15,R,ING_20251221.pdf,,22.8,32.8,17.1,30.2,,114.0,,
2025-12-16,R,ING_20251221.pdf,,26.2,32.1,18.6,28.8,,116.8,,
2025-12-17,R,ING_20251221.pdf,,26.3,30.9,19.0,28.6,,116.0,,
2025-12-18,R,ING_20251221.pdf,,26.1,30.3,17.7,28.8,,114.0,,
2025-12-19,R,ING_20251221.pdf,,25.6,29.6,17.8,26.7,,111.0,,
2025-12-20,R,ING_20251221.pdf,,25.1,30.3,14.4,27.4,,108.6,,
2025-12-21,R,ING_20251221.pdf,,25.3,28.7,14.8,27.0,,107.2,,
2025-12-22,P,ING_20251221.pdf,,25.0,28.1,19.2,24.9,,108.5,,
2025-12-23,P,ING_20251221.pdf,,25.0,27.3,19.2,25.5,,108.3,,
2025-12-24,P,ING_20251221.pdf,,25.0,27.3,18.7,25.5,,107.6,,
2025-12-25,P,ING_20251221.pdf,,25.0,24.5,18.7,24.5,,103.8,,
2025-12-26,P,ING_20251221.pdf,,25.0,26.2,17.6,24.5,,104.6,,
2025-12-27,R,ING_20260105.pdf,,23.7,27.0,18.2,30.2,,110.2,,
2025-12-28,R,ING_20260105.pdf,,25.1,25.9,18.7,28.1,,109.3,,
2025-12-29,R,ING_20260105.pdf,,26.1,28.8,19.0,30.8,,115.4,,
2025-12-30,R,ING_20260105.pdf,,24.6,29.9,18.3,31.7,,116.0,,
2025-12-31,R,ING_20260105.pdf,,24.3,30.1,19.4,31.3,,116.6,,
2026-01-01,R,ING_20260105.pdf,25.3,9.8,23.2,14.8,28.2,2.0,103.3,73.1,30.2
2026-01-02,R,ING_20260105.pdf,25.3,10.0,22.6,15.1,30.2,2.1,105.3,73.0,32.3
2026-01-03,R,ING_20260105.pdf,25.3,10.0,22.0,13.3,30.0,2.0,102.6,70.6,32.0
2026-01-04,R,ING_20260105.pdf,21.6,9.9,23.4,12.0,28.7,1.9,97.5,66.9,30.6
2026-01-05,R,ING_20260105.pdf,22.2,9.6,22.9,9.1,29.2,2.0,95.0,63.8,31.2
2026-01-06,P,ING_20260105.pdf,21.3,9.8,24.6,6.6,31.0,1.9,95.2,62.3,32.9
2026-01-07,P,ING_20260105.pdf,21.3,9.8,22.2,14.8,30.7,1.9,100.7,68.1,32.6
2026-01-08,P,ING_20260105.pdf,22.3,9.8,22.2,15.4,30.5,1.9,102.1,69.7,32.4
2026-01-09,P,ING_20260105.pdf,22.3,9.8,22.2,15.4,30.5,1.9,102.1,69.7,32.4
2026-01-10,P,ING_20260105.pdf,22.3,9.8,19.5,14.3,30.0,1.9,97.8,65.9,31.9
2026-01-11,R,ING_20260120.pdf,22.6,10.1,19.1,12.2,29.2,2.0,95.2,64.0,31.2
2026-01-12,R,ING_20260120.pdf,22.4,9.9,25.4,17.8,30.7,2.0,108.2,75.5,32.7
2026-01-13,R,ING_20260120.pdf,24.1,9.6,29.2,20.6,28.5,1.9,113.9,83.5,30.4
2026-01-14,R,ING_20260120.pdf,25.5,9.5,28.8,22.1,29.8,1.6,117.3,85.9,31.4
2026-01-15,R,ING_20260120.pdf,22.7,10.2,27.5,21.6,31.5,2.3,115.8,82.0,33.8
2026-01-16,R,ING_20260125.pdf,22.6,10.2,28.2,22.9,33.6,1.9,119.4,83.9,35.5
2026-01-17,R,ING_20260125.pdf,24.0,10.1,28.7,22.3,32.7,1.7,119.5,85.1,34.4
2026-01-18,R,ING_20260125.pdf,23.9,10.0,29.1,20.5,31.3,1.8,116.6,83.5,33.1
2026-01-19,R,ING_20260125.pdf,23.8,9.3,29.2,19.4,29.7,1.8,113.2,81.7,31.5
2026-01-20,R,ING_20260125.pdf,23.5,9.9,29.0,22.0,30.9,1.8,117.1,84.4,32.7
2026-01-21,R,ING_20260125.pdf,25.0,9.2,29.9,20.7,31.0,1.7,117.5,84.8,32.7
2026-01-22,R,ING_20260125.pdf,25.4,9.4,32.2,18.6,31.3,2.2,119.1,85.6,33.5
2026-01-23,R,ING_20260125.pdf,26.8,9.8,31.7,20.4,32.1,2.0,122.8,88.7,34.1
2026-01-24,R,ING_20260125.pdf,26.0,10.2,30.9,20.8,32.4,2.1,122.4,87.9,34.5
2026-01-25,R,ING_20260125.pdf,26.0,10.2,31.6,22.2,32.6,2.1,124.7,90.0,34.7
2026-01-26,R,ING_20260204.pdf,26.6,10.3,31.1,21.7,32.7,1.8,124.2,89.7,34.5
2026-01-27,R,ING_20260204.pdf,26.8,9.9,31.7,20.8,33.5,1.7,124.4,89.2,35.2
2026-01-28,R,ING_20260204.pdf,27.0,9.9,29.9,21.8,34.5,1.5,124.6,88.6,36.0
2026-01-29,R,ING_20260204.pdf,26.9,9.7,31.4,21.5,32.5,1.9,123.9,89.5,34.4
2026-01-30,R,ING_20260204.pdf,26.0,9.4,28.7,21.6,34.8,1.8,122.3,85.7,36.6
2026-01-31,R,ING_20260209.pdf,27.0,9.6,31.8,20.6,32.9,1.7,123.6,89.0,34.6
2026-02-01,R,ING_20260209.pdf,27.0,9.9,30.4,18.9,34.2,1.8,122.2,86.2,36.0
2026-02-02,R,ING_20260209.pdf,27.0,9.9,30.0,21.1,34.2,1.7,123.9,88.0,35.9
2026-02-03,R,ING_20260209.pdf,26.9,9.8,32.3,21.8,35.6,1.7,128.1,90.8,37.3
2026-02-04,R,ING_20260209.pdf,26.9,10.1,32.4,20.8,35.4,1.7,127.3,90.2,37.1
2026-02-05,R,ING_20260209.pdf,26.5,9.9,32.3,20.3,35.5,1.7,126.2,89.0,37.2
2026-02-06,R,ING_20260209.pdf,26.4,9.5,32.6,20.3,34.2,1.8,124.8,88.8,36.0
2026-02-07,R,ING_20260209.pdf,26.4,9.9,32.1,20.0,32.6,1.8,122.8,88.4,34.4
2026-02-08,R,ING_20260209.pdf,26.3,9.8,31.4,18.4,31.6,1.9,119.4,85.9,33.5
2026-02-09,R,ING_20260209.pdf,26.1,9.7,31.4,19.8,33.1,1.8,121.9,87.0,34.9
2026-02-10,P,ING_20260209.pdf,26.4,9.9,33.8,20.9,32.0,1.9,124.9,91.0,33.9
2026-02-11,P,ING_20260209.pdf,26.6,9.9,35.2,22.0,32.0,1.9,127.6,93.7,33.9
2026-02-12,R,ING_20260219.pdf,24.8,9.9,32.7,17.8,32.8,2.0,120.0,85.2,34.8
2026-02-13,R,ING_20260219.pdf,24.8,9.6,31.8,19.5,32.7,1.5,119.9,85.7,34.2
2026-02-14,R,ING_20260219.pdf,24.7,10.3,32.0,18.6,32.3,1.4,119.3,85.6,33.7
2026-02-15,R,ING_20260224.pdf,25.2,9.7,31.2,16.9,32.2,1.4,116.6,83.0,33.6
2026-02-16,R,ING_20260224.pdf,25.3,9.8,30.0,13.8,31.5,1.5,111.9,78.9,33.0
2026-02-17,R,ING_20260224.pdf,25.5,10.0,31.2,15.2,33.4,1.4,116.7,81.9,34.8
2026-02-18,R,ING_20260224.pdf,26.0,9.8,31.3,18.6,31.5,1.7,118.9,85.7,33.2
2026-02-19,R,ING_20260224.pdf,25.4,9.8,31.1,20.2,33.5,1.8,121.8,86.5,35.3
2026-02-20,R,ING_20260301.pdf,24.3,9.5,31.7,18.3,34.5,1.8,120.1,83.8,36.3
2026-02-21,R,ING_20260301.pdf,24.5,10.0,30.6,19.5,33.1,1.8,119.5,84.6,34.9
2026-02-22,R,ING_20260301.pdf,24.7,9.9,31.1,18.7,32.2,2.0,118.6,84.4,34.2
2026-02-23,R,ING_20260301.pdf,25.9,9.8,27.9,19.1,31.5,1.9,116.1,82.7,33.4
2026-02-24,R,ING_20260301.pdf,26.2,9.9,27.5,18.4,30.3,1.7,114.0,82.0,32.0
2026-02-25,R,ING_20260301.pdf,26.7,9.9,30.3,16.6,31.5,2.1,117.1,83.5,33.6
2026-02-26,R,ING_20260301.pdf,26.9,9.5,31.2,17.1,29.6,1.9,116.2,84.7,31.5
2026-02-27,R,ING_20260301.pdf,27.0,9.7,31.7,18.8,35.6,1.9,124.7,87.2,37.5
2026-02-28,R,ING_20260301.pdf,26.4,9.9,30.2,19.6,35.7,1.7,123.5,86.1,37.4
2026-03-01,R,ING_20260301.pdf,26.5,8.0,32.9,18.8,34.2,2.0,122.4,86.2,36.2
2026-03-02,R,ING_20260311.pdf,26.5,7.0,35.3,19.4,32.8,2.2,123.2,88.2,35.0
2026-03-03,R,ING_20260311.pdf,26.2,6.5,35.5,19.6,33.9,1.8,123.5,87.8,35.7
2026-03-04,R,ING_20260311.pdf,26.3,6.8,35.0,20.6,33.7,2.1,124.5,88.7,35.8
2026-03-05,R,ING_20260311.pdf,18.1,6.9,36.5,19.7,33.2,2.0,116.4,81.2,35.2
2026-03-06,R,ING_20260311.pdf,19.4,6.9,35.9,20.6,33.4,2.0,118.2,82.8,35.4
2026-03-07,R,ING_20260316.pdf,19.2,8.5,34.7,21.5,33.2,2.0,119.1,83.9,35.2
2026-03-08,R,ING_20260316.pdf,18.6,9.0,33.5,19.6,33.0,1.8,115.5,80.7,34.8
2026-03-09,R,ING_20260316.pdf,19.7,8.8,33.1,20.0,32.9,2.0,116.5,81.6,34.9
2026-03-10,R,ING_20260316.pdf,21.7,8.5,32.5,19.5,33.5,1.9,117.6,82.2,35.4
2026-03-11,R,ING_20260316.pdf,26.4,8.5,32.8,19.1,34.3,2.0,123.1,86.8,36.3
2026-03-12,R,ING_20260316.pdf,26.5,8.6,32.6,20.0,34.9,1.6,124.2,87.7,36.5
2026-03-13,R,ING_20260316.pdf,26.3,8.6,31.7,19.6,33.6,2.0,121.8,86.2,35.6
2026-03-14,R,ING_20260316.pdf,26.4,8.8,33.7,19.6,33.1,2.1,123.7,88.5,35.2
2026-03-15,R,ING_20260316.pdf,25.7,9.0,34.2,19.1,31.8,2.1,121.9,88.0,33.9
2026-03-16,R,ING_20260316.pdf,25.3,8.9,33.4,18.2,30.2,2.2,118.2,85.8,32.4
2026-03-17,P,ING_20260316.pdf,25.0,8.8,35.3,17.0,31.1,1.9,119.1,86.1,33.0
2026-03-18,P,ING_20260316.pdf,25.4,8.9,35.0,18.0,31.3,1.9,120.5,87.3,33.2
2026-03-19,R,ING_20260326.pdf,25.2,8.9,35.5,18.1,31.1,2.0,120.8,87.7,33.1
2026-03-20,R,ING_20260326.pdf,25.3,8.8,36.9,17.7,32.4,2.0,123.1,88.7,34.4
2026-03-21,R,ING_20260326.pdf,25.2,8.9,38.8,16.0,35.2,2.2,126.3,88.9,37.4
2026-03-22,R,ING_20260326.pdf,25.0,9.3,37.5,14.4,33.5,2.2,121.9,86.2,35.7
2026-03-23,R,ING_20260326.pdf,25.0,9.5,36.1,15.3,27.5,2.1,115.5,85.9,29.6
2026-03-24,R,ING_20260326.pdf,25.0,10.2,35.2,18.5,31.7,1.8,122.4,88.9,33.5
2026-03-25,R,ING_20260326.pdf,24.8,10.2,35.8,19.7,31.3,2.0,123.8,90.5,33.3
2026-03-26,R,ING_20260331.pdf,22.3,10.4,35.6,18.9,30.5,2.1,119.8,87.2,32.6
2026-03-27,R,ING_20260405.pdf,20.7,10.4,33.7,21.0,32.0,2.2,120.0,85.8,34.2
2026-03-28,R,ING_20260406.pdf,25.1,10.3,34.2,22.0,33.2,2.1,126.9,91.6,35.3
2026-03-29,R,ING_20260407.pdf,25.7,10.2,34.6,21.5,33.0,2.0,127.0,92.0,35.0
2026-03-30,R,ING_20260408.pdf,25.7,10.0,33.7,22.1,33.6,1.7,126.8,91.5,35.3
2026-03-31,R,ING_20260408.pdf,25.6,10.2,33.0,21.1,32.6,2.0,124.5,89.9,34.6
2026-04-01,R,ING_20260408.pdf,25.5,10.5,33.3,20.9,32.3,1.9,124.4,90.2,34.2
2026-04-02,R,ING_20260409.pdf,22.9,10.5,34.0,19.5,32.0,1.9,120.8,86.9,33.9
2026-04-03,R,ING_20260412.pdf,20.6,10.3,35.0,19.1,30.1,2.1,117.2,85.0,32.2
2026-04-04,R,ING_20260413.pdf,19.5,10.1,35.7,20.1,30.7,1.9,118.0,85.4,32.6
2026-04-05,R,ING_20260414.pdf,8.1,10.0,34.6,20.2,31.2,2.0,106.1,72.9,33.2
2026-04-06,R,ING_20260415.pdf,21.6,9.9,35.3,20.2,30.3,1.8,119.1,87.0,32.1
2026-04-07,R,ING_20260415.pdf,24.8,9.4,35.8,20.9,31.7,1.7,124.3,90.9,33.4
2026-04-08,R,ING_20260415.pdf,25.4,10.0,34.5,20.8,32.8,2.2,125.7,90.7,35.0
2026-04-09,R,ING_20260416.pdf,25.5,10.1,34.4,20.5,34.2,1.8,126.5,90.5,36.0
2026-04-10,R,ING_20260419.pdf,24.3,9.8,34.3,21.7,33.8,1.8,125.7,90.1,35.6
2026-04-11,R,ING_20260420.pdf,25.3,10.1,32.1,17.2,32.9,2.1,119.7,84.7,35.0
2026-04-12,R,ING_20260421.pdf,22.1,10.1,32.7,10.8,31.5,1.9,109.1,75.7,33.4
2026-04-13,R,ING_20260422.pdf,20.5,10.0,29.0,13.8,30.6,2.0,105.9,73.3,32.6
2026-04-14,R,ING_20260422.pdf,20.5,10.5,27.7,19.1,29.2,2.1,109.1,77.8,31.3
2026-04-15,R,ING_20260422.pdf,22.3,10.1,29.1,18.6,30.5,2.0,112.6,80.1,32.5
2026-04-16,R,ING_20260423.pdf,22.3,10.0,31.1,19.9,31.8,2.1,117.2,83.3,33.9
2026-04-17,R,ING_20260426.pdf,22.4,10.2,33.6,20.3,29.5,1.8,117.8,86.5,31.3
2026-04-18,R,ING_20260427.pdf,22.2,10.2,33.7,20.6,29.9,2.0,118.6,86.7,31.9
2026-04-19,R,ING_20260427.pdf,23.5,10.1,35.1,20.3,29.9,1.9,120.8,89.0,31.8
2026-04-20,R,ING_20260427.pdf,24.6,9.8,36.0,20.9,27.0,1.8,120.1,91.3,28.8
2026-04-21,R,ING_20260427.pdf,24.5,9.6,37.0,21.5,27.7,1.9,122.2,92.6,29.6
2026-04-22,R,ING_20260427.pdf,24.6,9.8,36.6,21.5,34.1,1.7,128.3,92.5,35.8
2026-04-23,R,ING_20260427.pdf,24.7,9.8,36.9,19.8,32.4,1.9,125.5,91.2,34.3
2026-04-24,R,ING_20260427.pdf,24.8,9.8,32.3,18.9,26.1,2.4,114.3,85.8,28.5
2026-04-25,R,ING_20260427.pdf,20.0,9.9,32.9,17.8,34.1,2.3,117.0,80.6,36.4
2026-04-26,R,ING_20260427.pdf,24.7,9.5,35.6,16.2,34.0,1.8,121.8,86.0,35.8
2026-04-27,R,ING_20260427.pdf,25.3,9.8,38.6,24.5,27.8,1.7,127.7,98.2,29.5
2026-04-28,P,ING_20260427.pdf,24.4,9.5,40.1,23.1,32.5,1.8,131.4,97.1,34.3
2026-04-29,P,ING_20260427.pdf,23.7,10.0,40.1,21.4,31.5,1.8,128.5,95.2,33.3
2026-04-30,P,ING_20260427.pdf,24.8,10.0,40.1,21.4,31.5,1.8,129.6,96.3,33.3
2026-05-01,P,ING_20260427.pdf,24.8,10.0,38.5,19.8,31.0,1.8,125.9,93.1,32.8
2026-05-02,P,ING_20260427.pdf,24.8,10.0,38.5,19.8,31.0,1.8,125.9,93.1,32.8
2026-05-03,R,ING_20260512.pdf,24.9,10.1,38.3,22.3,31.8,2.0,129.4,95.6,33.8
2026-05-04,R,ING_20260513.pdf,25.2,10.0,35.0,22.2,36.0,1.7,130.1,92.4,37.7
2026-05-05,R,ING_20260513.pdf,25.4,10.3,35.8,22.9,34.6,2.0,131.0,94.4,36.6
2026-05-06,R,ING_20260513.pdf,25.4,10.4,38.4,19.7,34.5,2.0,130.4,93.9,36.5
2026-05-07,R,ING_20260514.pdf,25.3,10.2,38.7,20.6,35.7,1.6,132.1,94.8,37.3
2026-05-08,R,ING_20260517.pdf,25.3,10.2,39.2,22.5,34.7,1.8,133.7,97.2,36.5
2026-05-09,R,ING_20260518.pdf,25.2,10.3,38.6,23.5,32.2,2.0,131.8,97.6,34.2
2026-05-10,R,ING_20260519.pdf,25.1,10.4,38.7,23.3,33.0,2.0,132.5,97.5,35.0
2026-05-11,R,ING_20260520.pdf,25.1,8.6,38.4,23.1,34.5,1.9,131.6,95.2,36.4
2026-05-12,R,ING_20260520.pdf,25.3,8.3,39.0,23.1,37.1,2.0,134.8,95.7,39.1
2026-05-13,R,ING_20260520.pdf,25.7,9.4,39.5,22.7,37.2,2.0,136.5,97.3,39.2
2026-05-14,R,ING_20260520.pdf,25.4,9.4,39.6,23.5,36.8,1.6,136.3,97.9,38.4
2026-05-15,R,ING_20260521.pdf,25.4,9.4,39.5,24.0,37.2,1.9,137.4,98.3,39.1
2026-05-16,R,ING_20260525.pdf,25.3,9.3,39.0,23.1,36.8,1.9,135.4,96.7,38.7
2026-05-17,R,ING_20260526.pdf,25.2,9.8,40.0,23.1,36.7,2.2,137.0,98.1,38.9
2026-05-18,R,ING_20260527.pdf,25.3,9.8,40.5,23.3,33.2,2.1,134.2,98.9,35.3
2026-05-19,R,ING_20260527.pdf,23.7,9.7,39.6,22.8,34.0,1.9,131.7,95.8,35.9
2026-05-20,R,ING_20260527.pdf,22.7,9.6,40.8,23.7,35.2,2.1,134.1,96.8,37.3
2026-05-21,R,ING_20260528.pdf,26.1,9.7,40.8,23.9,38.1,2.0,140.6,100.5,40.1
2026-05-22,R,ING_20260531.pdf,26.1,9.6,41.0,24.2,32.3,2.1,135.3,100.9,34.4
2026-05-23,R,ING_20260531.pdf,25.9,9.5,41.2,24.8,33.2,2.0,136.6,101.4,35.2
2026-05-24,R,ING_20260602.pdf,23.2,9.4,41.4,24.4,37.5,2.1,138.0,98.4,39.6
2026-05-25,R,ING_20260603.pdf,23.1,9.5,41.1,24.4,37.4,2.1,137.6,98.1,39.5
2026-05-26,R,ING_20260603.pdf,26.0,9.3,41.2,24.1,34.7,2.0,137.3,100.6,36.7
2026-05-27,R,ING_20260603.pdf,26.1,9.3,41.1,24.2,37.0,2.0,139.7,100.7,39.0
2026-05-28,R,ING_20260604.pdf,26.1,9.6,41.3,24.2,34.7,2.0,137.9,101.2,36.7
2026-05-29,R,ING_20260607.pdf,22.3,9.5,40.9,23.7,35.6,2.2,134.2,96.4,37.8
2026-05-30,R,ING_20260608.pdf,22.0,9.7,41.3,23.9,35.7,2.0,134.6,96.9,37.7
2026-05-31,R,ING_20260609.pdf,21.4,9.8,41.3,23.9,37.1,2.0,135.5,96.4,39.1
2026-06-01,R,ING_20260610.pdf,21.3,9.7,42.2,24.0,39.4,2.4,139.0,97.2,41.8
2026-06-02,R,ING_20260610.pdf,20.9,9.8,41.5,23.9,37.2,2.2,135.5,96.1,39.4
2026-06-03,R,ING_20260610.pdf,24.0,9.8,40.9,23.7,35.9,2.5,136.8,98.4,38.4
2026-06-04,R,ING_20260610.pdf,25.3,9.6,41.6,23.5,38.0,2.2,140.2,100.0,40.2
2026-06-05,R,ING_20260611.pdf,25.0,9.7,40.5,21.7,36.8,2.2,135.9,96.9,39.0
2026-06-06,R,ING_20260615.pdf,24.9,9.9,38.9,19.8,37.7,2.4,133.6,93.5,40.1
2026-06-07,R,ING_20260616.pdf,24.9,9.8,40.6,19.4,36.0,2.5,133.2,94.7,38.5
2026-06-08,R,ING_20260617.pdf,24.7,9.8,41.2,22.2,36.9,2.5,137.3,97.9,39.4
2026-06-09,R,ING_20260617.pdf,24.8,10.0,40.9,23.3,36.8,2.5,138.3,99.0,39.3
2026-06-10,R,ING_20260617.pdf,21.3,9.7,42.2,23.6,36.2,2.4,135.4,96.8,38.6
2026-06-11,R,ING_20260618.pdf,22.7,9.9,41.2,22.9,35.2,2.3,134.2,96.7,37.5
2026-06-12,R,ING_20260621.pdf,24.1,10.6,39.9,21.4,36.2,2.3,134.5,96.0,38.5
2026-06-13,R,ING_20260622.pdf,24.5,10.9,41.2,21.6,37.0,2.5,137.7,98.2,39.5
2026-06-14,R,ING_20260623.pdf,24.5,11.0,41.0,23.6,37.1,2.4,139.6,100.1,39.5
2026-06-15,R,ING_20260624.pdf,24.4,11.0,40.6,23.7,36.9,2.4,139.0,99.7,39.3
2026-06-16,R,ING_20260624.pdf,23.7,10.0,41.1,23.6,35.9,2.3,136.6,98.4,38.2
2026-06-17,R,ING_20260624.pdf,23.5,9.8,42.5,22.9,34.6,2.4,135.7,98.7,37.0
2026-06-18,R,ING_20260625.pdf,23.8,9.5,42.6,22.3,34.1,2.5,134.8,98.2,36.6
2026-06-19,R,ING_20260628.pdf,23.8,9.9,42.5,21.8,36.7,2.4,137.1,98.0,39.1
2026-06-20,R,ING_20260629.pdf,24.1,10.0,41.9,22.4,38.4,2.3,139.1,98.4,40.7
2026-06-21,R,ING_20260630.pdf,24.6,10.9,40.2,21.9,38.7,2.5,138.8,97.6,41.2
2026-06-22,R,ING_20260701.pdf,24.4,10.3,42.1,20.7,36.5,2.5,136.5,97.5,39.0
2026-06-23,R,ING_20260701.pdf,24.4,10.1,42.0,21.6,39.3,2.5,139.9,98.1,41.8
2026-06-24,R,ING_20260701.pdf,24.4,10.0,41.3,21.6,38.0,2.6,137.9,97.3,40.6
2026-06-25,R,ING_20260702.pdf,24.7,9.9,41.5,22.1,38.1,2.5,138.8,98.2,40.6
2026-06-26,R,ING_20260705.pdf,24.7,9.8,41.8,21.9,37.7,2.4,138.3,98.2,40.1
2026-06-27,R,ING_20260706.pdf,24.6,10.0,41.2,21.9,38.4,2.4,138.5,97.7,40.8
2026-06-28,R,ING_20260706.pdf,24.6,10.1,40.3,22.0,37.2,2.3,136.5,97.0,39.5
2026-06-29,R,ING_20260706.pdf,24.8,10.2,41.8,20.9,38.4,2.7,138.8,97.7,41.1
2026-06-30,R,ING_20260706.pdf,24.7,10.4,42.9,22.0,38.6,2.3,140.9,100.0,40.9
2026-07-01,R,ING_20260706.pdf,23.2,11.2,42.3,21.8,38.0,2.4,138.9,98.5,40.4
2026-07-02,R,ING_20260707.pdf,24.4,10.6,40.8,22.7,36.5,2.3,137.3,98.5,38.8
2026-07-03,R,ING_20260707.pdf,24.6,11.0,40.1,23.1,37.1,2.3,138.2,98.8,39.4
2026-07-04,R,ING_20260713.pdf,22.5,11.4,42.3,21.9,37.0,2.5,137.6,98.1,39.5
2026-07-05,R,ING_20260714.pdf,24.3,11.4,42.1,22.7,37.2,2.9,140.6,100.5,40.1
2026-07-06,R,ING_20260715.pdf,25.0,10.8,41.8,23.0,37.5,2.4,140.5,100.6,39.9
2026-07-07,R,ING_20260715.pdf,24.2,10.8,41.4,23.0,38.4,2.3,140.1,99.4,40.7
2026-07-08,R,ING_20260715.pdf,24.9,11.5,40.3,22.0,38.2,2.3,139.2,98.7,40.5
2026-07-09,R,ING_20260716.pdf,24.0,11.5,40.5,21.5,38.1,2.5,138.1,97.5,40.6
2026-07-10,R,ING_20260719.pdf,24.0,11.2,41.7,23.1,35.5,2.5,138.0,100.0,38.0
2026-07-11,R,ING_20260720.pdf,23.9,10.8,40.9,22.6,37.4,2.4,138.0,98.2,39.8
2026-07-12,R,ING_20260721.pdf,23.9,11.5,41.6,23.0,37.7,2.5,140.2,100.0,40.2
2026-07-13,R,ING_20260721.pdf,23.9,10.9,41.5,23.0,37.7,2.3,139.3,99.3,40.0
2026-07-14,R,ING_20260721.pdf,23.9,10.3,41.9,23.1,37.7,2.3,139.2,99.2,40.0
2026-07-15,R,ING_20260722.pdf,24.1,10.6,41.2,22.6,38.1,2.5,139.1,98.5,40.6
2026-07-16,R,ING_20260726.pdf,23.7,11.2,41.0,21.5,37.8,2.5,137.7,97.4,40.3
2026-07-17,R,ING_20260727.pdf,22.7,11.3,37.9,20.7,36.9,2.3,131.8,92.6,39.2
2026-07-18,R,ING_20260728.pdf,22.1,11.4,39.1,18.4,35.7,2.1,128.8,91.0,37.8
2026-07-19,R,ING_20260729.pdf,23.1,11.4,41.1,20.5,35.0,2.2,133.3,96.1,37.2
2026-07-20,R,ING_20260729.pdf,23.2,11.4,41.5,22.3,36.4,2.6,137.4,98.4,39.0
2026-07-21,R,ING_20260729.pdf,22.8,11.2,41.9,22.5,36.9,2.4,137.7,98.4,39.3
2026-07-22,R,ING_20260730.pdf,21.5,10.8,42.3,22.6,37.1,2.3,136.6,97.2,39.4
2026-07-23,R,ING_20260802.pdf,22.5,11.2,41.4,23.3,36.6,2.2,137.2,98.4,38.8
2026-07-24,R,ING_20260803.pdf,23.0,11.3,39.5,22.1,36.7,2.5,135.1,95.9,39.2
2026-07-25,R,ING_20260804.pdf,22.6,11.2,40.3,22.4,36.8,2.5,135.8,96.5,39.3
2026-07-26,R,ING_20260805.pdf,24.0,11.7,38.8,21.7,36.7,2.4,135.3,96.2,39.1
2026-07-27,R,ING_20260805.pdf,24.2,11.5,40.1,20.4,35.5,2.4,134.1,96.2,37.9
2026-07-28,R,ING_20260805.pdf,23.7,11.6,39.9,20.3,35.9,2.4,133.8,95.5,38.3
2026-07-29,R,ING_20260806.pdf,23.6,11.3,41.7,19.0,34.8,2.6,133.0,95.6,37.4
2026-07-30,R,ING_20260809.pdf,23.4,11.3,41.4,21.6,34.9,2.6,135.2,97.7,37.5
2026-07-31,R,ING_20260810.pdf,23.5,11.0,40.6,21.6,32.8,2.3,131.8,96.7,35.1
2026-08-01,R,ING_20260811.pdf,23.7,11.0,41.2,21.9,29.3,2.3,129.4,97.8,31.6
2026-08-02,R,ING_20260812.pdf,23.7,11.6,40.4,21.6,29.0,2.4,128.7,97.3,31.4
2026-08-03,R,ING_20260812.pdf,24.2,11.2,38.9,21.1,33.4,2.3,131.1,95.4,35.7
2026-08-04,R,ING_20260812.pdf,23.8,10.8,40.5,21.3,34.3,2.6,133.3,96.4,36.9
2026-08-05,R,ING_20260812.pdf,23.9,10.7,41.1,20.9,32.6,2.6,131.8,96.6,35.2
2026-08-06,R,ING_20260813.pdf,24.1,10.3,42.6,21.0,31.5,2.1,131.6,98.0,33.6
2026-08-07,R,ING_20260817.pdf,,,,,,,,,
2026-08-08,R,ING_20260818.pdf,23.9,10.6,42.6,23.2,33.0,2.5,135.8,100.3,35.5
2026-08-09,R,ING_20260819.pdf,23.8,10.2,41.8,22.4,32.5,2.6,133.3,98.2,35.1
2026-08-10,R,ING_20260819.pdf,23.5,9.6,41.1,22.4,33.5,2.5,132.6,96.6,36.0
2026-08-11,R,ING_20260819.pdf,24.4,10.4,41.9,23.0,35.7,2.5,137.9,99.7,38.2
2026-08-12,R,ING_20260819.pdf,23.4,10.6,42.3,23.6,36.7,2.4,139.0,99.9,39.1
2026-08-13,R,ING_20260819.pdf,24.1,10.3,43.2,23.6,37.8,2.4,141.4,101.2,40.2
2026-08-14,R,ING_20260819.pdf,24.2,10.7,42.5,21.9,36.2,2.3,137.8,99.3,38.5
2026-08-15,R,ING_20260819.pdf,24.1,10.4,41.5,21.8,37.4,2.4,137.6,97.8,39.8
2026-08-16,R,ING_20260819.pdf,24.0,10.5,40.8,21.7,33.5,2.2,132.7,97.0,35.7
2026-08-17,R,ING_20260819.pdf,24.1,10.7,41.1,23.2,33.5,2.2,134.8,99.1,35.7
2026-08-18,R,ING_20260819.pdf,24.1,10.8,41.6,23.8,35.1,2.3,137.7,100.3,37.4
2026-08-19,R,ING_20260819.pdf,24.2,9.3,40.9,23.6,35.3,2.4,135.7,98.0,37.7
2026-08-20,P,ING_20260819.pdf,24.0,10.3,41.1,23.8,33.0,2.1,134.3,99.2,35.1
2026-08-21,P,ING_20260819.pdf,24.0,10.3,41.1,23.8,33.3,2.1,134.6,99.2,35.4
2026-08-22,P,ING_20260819.pdf,24.0,10.3,41.1,23.8,33.3,2.1,134.6,99.2,35.4
2026-08-23,P,ING_20260819.pdf,24.0,10.3,41.1,23.8,33.3,2.1,134.6,99.2,35.4
