fecha,linepack_tgn_est,linepack_tgs_est,temp_prom,linepack_total_est
2026-09-25,131.87,226.85,,
2026-09-26,131.79,226.0,,
2026-09-27,131.72,225.4,16.1,
2026-09-28,131.66,224.98,16.8,368.48
2026-09-29,131.61,224.69,16.9,366.3
2026-09-30,131.57,224.49,14.0,364.77
2026-10-01,131.54,224.35,13.7,363.7
2026-10-02,131.51,224.25,13.2,362.95
2026-10-03,131.49,224.18,15.2,362.43
2026-10-04,131.47,224.13,15.8,362.06
2026-10-05,131.45,224.1,15.0,361.8
2026-10-06,131.43,224.07,17.1,361.62
2026-10-07,131.42,224.05,18.5,361.5
2026-10-08,131.41,224.04,18.2,361.41
2026-10-09,131.4,224.03,15.6,361.35
2026-10-10,131.39,224.03,12.8,361.31
