ciudad_id,ciudad,region,lat,lon,fecha,temp_max,temp_min,temp_prom
ba,Buenos Aires,pampa,-34.6037,-58.3816,2024-08-09,10.7,3.0,6.8
ba,Buenos Aires,pampa,-34.6037,-58.3816,2024-08-10,15.0,3.1,9.1
ba,Buenos Aires,pampa,-34.6037,-58.3816,2024-08-11,14.1,7.1,10.6
ba,Buenos Aires,pampa,-34.6037,-58.3816,2024-08-12,11.8,3.2,7.5
ba,Buenos Aires,pampa,-34.6037,-58.3816,2024-08-13,16.5,6.4,11.4
ba,Buenos Aires,pampa,-34.6037,-58.3816,2024-08-14,16.8,7.0,11.9
ba,Buenos Aires,pampa,-34.6037,-58.3816,2024-08-15,18.4,9.3,13.8
ba,Buenos Aires,pampa,-34.6037,-58.3816,2024-08-16,13.3,6.4,9.9
ba,Buenos Aires,pampa,-34.6037,-58.3816,2024-08-17,14.6,9.6,12.1
ba,Buenos Aires,pampa,-34.6037,-58.3816,2024-08-18,14.7,10.7,12.7
ba,Buenos Aires,pampa,-34.6037,-58.3816,2024-08-19,13.4,8.2,10.8
ba,Buenos Aires,pampa,-34.6037,-58.3816,2024-08-20,11.2,6.7,8.9
ba,Buenos Aires,pampa,-34.6037,-58.3816,2024-08-21,14.3,11.0,12.7
ba,Buenos Aires,pampa,-34.6037,-58.3816,2024-08-22,11.4,8.2,9.8
ba,Buenos Aires,pampa,-34.6037,-58.3816,2024-08-23,12.5,3.3,7.9
ba,Buenos Aires,pampa,-34.6037,-58.3816,2024-08-24,13.2,3.1,8.2
ba,Buenos Aires,pampa,-34.6037,-58.3816,2024-08-25,10.8,3.4,7.1
ba,Buenos Aires,pampa,-34.6037,-58.3816,2024-08-26,12.1,4.6,8.3
ba,Buenos Aires,pampa,-34.6037,-58.3816,2024-08-27,15.7,4.6,10.1
ba,Buenos Aires,pampa,-34.6037,-58.3816,2024-08-28,16.5,8.1,12.3
ba,Buenos Aires,pampa,-34.6037,-58.3816,2024-08-29,17.3,9.8,13.6
ba,Buenos Aires,pampa,-34.6037,-58.3816,2024-08-30,12.6,10.0,11.3
ba,Buenos Aires,pampa,-34.6037,-58.3816,2024-08-31,12.4,10.3,11.4
ba,Buenos Aires,pampa,-34.6037,-58.3816,2024-09-01,15.0,9.5,12.2
ba,Buenos Aires,pampa,-34.6037,-58.3816,2024-09-02,16.6,10.1,13.4
ba,Buenos Aires,pampa,-34.6037,-58.3816,2024-09-03,17.8,10.2,14.0
ba,Buenos Aires,pampa,-34.6037,-58.3816,2024-09-04,18.6,6.8,12.7
ba,Buenos Aires,pampa,-34.6037,-58.3816,2024-09-05,15.0,3.9,9.4
ba,Buenos Aires,pampa,-34.6037,-58.3816,2024-09-06,19.5,11.8,15.7
ba,Buenos Aires,pampa,-34.6037,-58.3816,2024-09-07,21.3,7.6,14.4
ba,Buenos Aires,pampa,-34.6037,-58.3816,2024-09-08,19.0,8.6,13.8
ba,Buenos Aires,pampa,-34.6037,-58.3816,2024-09-09,16.9,11.8,14.3
ba,Buenos Aires,pampa,-34.6037,-58.3816,2024-09-10,17.8,12.4,15.1
ba,Buenos Aires,pampa,-34.6037,-58.3816,2024-09-11,17.3,12.1,14.7
ba,Buenos Aires,pampa,-34.6037,-58.3816,2024-09-12,16.9,7.7,12.3
ba,Buenos Aires,pampa,-34.6037,-58.3816,2024-09-13,17.4,9.2,13.3
ba,Buenos Aires,pampa,-34.6037,-58.3816,2024-09-14,17.4,8.5,12.9
ba,Buenos Aires,pampa,-34.6037,-58.3816,2024-09-15,18.0,9.2,13.6
ba,Buenos Aires,pampa,-34.6037,-58.3816,2024-09-16,23.9,9.5,16.7
ba,Buenos Aires,pampa,-34.6037,-58.3816,2024-09-17,22.0,13.9,17.9
ba,Buenos Aires,pampa,-34.6037,-58.3816,2024-09-18,23.1,15.4,19.2
ba,Buenos Aires,pampa,-34.6037,-58.3816,2024-09-19,23.7,15.5,19.6
ba,Buenos Aires,pampa,-34.6037,-58.3816,2024-09-20,22.5,10.6,16.6
ba,Buenos Aires,pampa,-34.6037,-58.3816,2024-09-21,24.1,14.7,19.4
ba,Buenos Aires,pampa,-34.6037,-58.3816,2024-09-22,25.0,13.8,19.4
ba,Buenos Aires,pampa,-34.6037,-58.3816,2024-09-23,19.5,10.9,15.2
ba,Buenos Aires,pampa,-34.6037,-58.3816,2024-09-24,19.6,12.2,15.9
ba,Buenos Aires,pampa,-34.6037,-58.3816,2024-09-25,19.7,13.9,16.8
ba,Buenos Aires,pampa,-34.6037,-58.3816,2024-09-26,19.8,10.1,14.9
ba,Buenos Aires,pampa,-34.6037,-58.3816,2024-09-27,19.0,10.3,14.7
ba,Buenos Aires,pampa,-34.6037,-58.3816,2024-09-28,23.3,13.2,18.2
ba,Buenos Aires,pampa,-34.6037,-58.3816,2024-09-29,25.1,15.1,20.1
ba,Buenos Aires,pampa,-34.6037,-58.3816,2024-09-30,30.3,18.5,24.4
ba,Buenos Aires,pampa,-34.6037,-58.3816,2024-10-01,21.2,12.7,16.9
ba,Buenos Aires,pampa,-34.6037,-58.3816,2024-10-02,18.5,11.0,14.8
ba,Buenos Aires,pampa,-34.6037,-58.3816,2024-10-03,17.7,7.8,12.8
ba,Buenos Aires,pampa,-34.6037,-58.3816,2024-10-04,21.3,12.4,16.9
ba,Buenos Aires,pampa,-34.6037,-58.3816,2024-10-05,22.9,13.9,18.4
ba,Buenos Aires,pampa,-34.6037,-58.3816,2024-10-06,20.2,13.4,16.8
ba,Buenos Aires,pampa,-34.6037,-58.3816,2024-10-07,20.2,16.1,18.1
ba,Buenos Aires,pampa,-34.6037,-58.3816,2024-10-08,21.0,13.2,17.1
ba,Buenos Aires,pampa,-34.6037,-58.3816,2024-10-09,19.4,13.2,16.3
ba,Buenos Aires,pampa,-34.6037,-58.3816,2024-10-10,20.3,15.2,17.8
ba,Buenos Aires,pampa,-34.6037,-58.3816,2024-10-11,27.6,14.2,20.9
ba,Buenos Aires,pampa,-34.6037,-58.3816,2024-10-12,22.4,13.6,18.0
ba,Buenos Aires,pampa,-34.6037,-58.3816,2024-10-13,19.2,15.3,17.2
ba,Buenos Aires,pampa,-34.6037,-58.3816,2024-10-14,20.5,16.2,18.4
ba,Buenos Aires,pampa,-34.6037,-58.3816,2024-10-15,25.0,15.7,20.4
ba,Buenos Aires,pampa,-34.6037,-58.3816,2024-10-16,21.6,14.9,18.2
ba,Buenos Aires,pampa,-34.6037,-58.3816,2024-10-17,25.2,15.8,20.5
ba,Buenos Aires,pampa,-34.6037,-58.3816,2024-10-18,24.0,15.0,19.5
ba,Buenos Aires,pampa,-34.6037,-58.3816,2024-10-19,26.6,15.8,21.2
ba,Buenos Aires,pampa,-34.6037,-58.3816,2024-10-20,28.9,18.5,23.7
ba,Buenos Aires,pampa,-34.6037,-58.3816,2024-10-21,30.7,21.6,26.1
ba,Buenos Aires,pampa,-34.6037,-58.3816,2024-10-22,26.4,19.9,23.1
ba,Buenos Aires,pampa,-34.6037,-58.3816,2024-10-23,23.7,18.8,21.2
ba,Buenos Aires,pampa,-34.6037,-58.3816,2024-10-24,19.8,14.8,17.3
ba,Buenos Aires,pampa,-34.6037,-58.3816,2024-10-25,20.0,11.5,15.8
ba,Buenos Aires,pampa,-34.6037,-58.3816,2024-10-26,23.1,8.1,15.6
ba,Buenos Aires,pampa,-34.6037,-58.3816,2024-10-27,25.3,12.8,19.1
ba,Buenos Aires,pampa,-34.6037,-58.3816,2024-10-28,27.1,15.7,21.4
ba,Buenos Aires,pampa,-34.6037,-58.3816,2024-10-29,27.6,17.9,22.8
ba,Buenos Aires,pampa,-34.6037,-58.3816,2024-10-30,26.3,19.2,22.8
ba,Buenos Aires,pampa,-34.6037,-58.3816,2024-10-31,26.2,19.4,22.8
ba,Buenos Aires,pampa,-34.6037,-58.3816,2024-11-01,29.7,21.3,25.5
ba,Buenos Aires,pampa,-34.6037,-58.3816,2024-11-02,25.0,19.3,22.1
ba,Buenos Aires,pampa,-34.6037,-58.3816,2024-11-03,22.3,14.3,18.3
ba,Buenos Aires,pampa,-34.6037,-58.3816,2024-11-04,23.4,17.5,20.4
ba,Buenos Aires,pampa,-34.6037,-58.3816,2024-11-05,23.0,14.1,18.6
ba,Buenos Aires,pampa,-34.6037,-58.3816,2024-11-06,23.6,15.4,19.5
ba,Buenos Aires,pampa,-34.6037,-58.3816,2024-11-07,22.7,15.5,19.1
ba,Buenos Aires,pampa,-34.6037,-58.3816,2024-11-08,22.4,14.1,18.2
ba,Buenos Aires,pampa,-34.6037,-58.3816,2024-11-09,26.1,17.4,21.8
ba,Buenos Aires,pampa,-34.6037,-58.3816,2024-11-10,28.8,19.3,24.1
ba,Buenos Aires,pampa,-34.6037,-58.3816,2024-11-11,22.7,13.6,18.1
ba,Buenos Aires,pampa,-34.6037,-58.3816,2024-11-12,23.6,10.0,16.8
ba,Buenos Aires,pampa,-34.6037,-58.3816,2024-11-13,26.6,15.2,20.9
ba,Buenos Aires,pampa,-34.6037,-58.3816,2024-11-14,29.0,18.6,23.8
ba,Buenos Aires,pampa,-34.6037,-58.3816,2024-11-15,30.8,21.4,26.1
ba,Buenos Aires,pampa,-34.6037,-58.3816,2024-11-16,32.4,22.5,27.4
ba,Buenos Aires,pampa,-34.6037,-58.3816,2024-11-17,23.7,14.9,19.3
ba,Buenos Aires,pampa,-34.6037,-58.3816,2024-11-18,23.5,12.6,18.1
ba,Buenos Aires,pampa,-34.6037,-58.3816,2024-11-19,21.1,16.5,18.8
ba,Buenos Aires,pampa,-34.6037,-58.3816,2024-11-20,24.2,18.2,21.2
ba,Buenos Aires,pampa,-34.6037,-58.3816,2024-11-21,24.8,18.6,21.7
ba,Buenos Aires,pampa,-34.6037,-58.3816,2024-11-22,25.8,18.8,22.3
ba,Buenos Aires,pampa,-34.6037,-58.3816,2024-11-23,26.9,19.6,23.2
ba,Buenos Aires,pampa,-34.6037,-58.3816,2024-11-24,31.9,21.2,26.5
ba,Buenos Aires,pampa,-34.6037,-58.3816,2024-11-25,27.2,21.6,24.4
ba,Buenos Aires,pampa,-34.6037,-58.3816,2024-11-26,26.2,21.3,23.8
ba,Buenos Aires,pampa,-34.6037,-58.3816,2024-11-27,23.9,20.2,22.0
ba,Buenos Aires,pampa,-34.6037,-58.3816,2024-11-28,25.4,19.8,22.6
ba,Buenos Aires,pampa,-34.6037,-58.3816,2024-11-29,26.5,17.6,22.1
ba,Buenos Aires,pampa,-34.6037,-58.3816,2024-11-30,24.2,18.2,21.2
ba,Buenos Aires,pampa,-34.6037,-58.3816,2024-12-01,23.3,19.3,21.3
ba,Buenos Aires,pampa,-34.6037,-58.3816,2024-12-02,21.1,13.8,17.5
ba,Buenos Aires,pampa,-34.6037,-58.3816,2024-12-03,21.6,10.2,15.9
ba,Buenos Aires,pampa,-34.6037,-58.3816,2024-12-04,26.1,15.2,20.6
ba,Buenos Aires,pampa,-34.6037,-58.3816,2024-12-05,31.4,18.3,24.9
ba,Buenos Aires,pampa,-34.6037,-58.3816,2024-12-06,27.1,19.8,23.5
ba,Buenos Aires,pampa,-34.6037,-58.3816,2024-12-07,21.4,13.2,17.3
ba,Buenos Aires,pampa,-34.6037,-58.3816,2024-12-08,21.7,12.5,17.1
ba,Buenos Aires,pampa,-34.6037,-58.3816,2024-12-09,24.7,15.5,20.1
ba,Buenos Aires,pampa,-34.6037,-58.3816,2024-12-10,27.6,18.6,23.1
ba,Buenos Aires,pampa,-34.6037,-58.3816,2024-12-11,28.7,20.8,24.8
ba,Buenos Aires,pampa,-34.6037,-58.3816,2024-12-12,30.9,21.9,26.4
ba,Buenos Aires,pampa,-34.6037,-58.3816,2024-12-13,27.3,21.5,24.4
ba,Buenos Aires,pampa,-34.6037,-58.3816,2024-12-14,28.1,18.0,23.1
ba,Buenos Aires,pampa,-34.6037,-58.3816,2024-12-15,27.1,17.6,22.4
ba,Buenos Aires,pampa,-34.6037,-58.3816,2024-12-16,25.3,14.9,20.1
ba,Buenos Aires,pampa,-34.6037,-58.3816,2024-12-17,26.8,19.7,23.2
ba,Buenos Aires,pampa,-34.6037,-58.3816,2024-12-18,28.2,21.3,24.8
ba,Buenos Aires,pampa,-34.6037,-58.3816,2024-12-19,26.6,20.5,23.6
ba,Buenos Aires,pampa,-34.6037,-58.3816,2024-12-20,29.9,20.7,25.3
ba,Buenos Aires,pampa,-34.6037,-58.3816,2024-12-21,22.7,15.7,19.2
ba,Buenos Aires,pampa,-34.6037,-58.3816,2024-12-22,26.6,17.3,22.0
ba,Buenos Aires,pampa,-34.6037,-58.3816,2024-12-23,29.8,19.1,24.5
ba,Buenos Aires,pampa,-34.6037,-58.3816,2024-12-24,25.3,19.4,22.4
ba,Buenos Aires,pampa,-34.6037,-58.3816,2024-12-25,21.5,15.1,18.3
ba,Buenos Aires,pampa,-34.6037,-58.3816,2024-12-26,25.0,14.8,19.9
ba,Buenos Aires,pampa,-34.6037,-58.3816,2024-12-27,27.5,16.4,21.9
ba,Buenos Aires,pampa,-34.6037,-58.3816,2024-12-28,25.4,18.0,21.7
ba,Buenos Aires,pampa,-34.6037,-58.3816,2024-12-29,26.0,19.4,22.7
ba,Buenos Aires,pampa,-34.6037,-58.3816,2024-12-30,28.4,19.9,24.1
ba,Buenos Aires,pampa,-34.6037,-58.3816,2024-12-31,30.4,21.8,26.1
ba,Buenos Aires,pampa,-34.6037,-58.3816,2025-01-01,31.4,23.2,27.3
ba,Buenos Aires,pampa,-34.6037,-58.3816,2025-01-02,31.3,20.3,25.8
ba,Buenos Aires,pampa,-34.6037,-58.3816,2025-01-03,27.5,18.2,22.9
ba,Buenos Aires,pampa,-34.6037,-58.3816,2025-01-04,26.1,16.5,21.3
ba,Buenos Aires,pampa,-34.6037,-58.3816,2025-01-05,25.6,17.6,21.6
ba,Buenos Aires,pampa,-34.6037,-58.3816,2025-01-06,27.1,19.7,23.4
ba,Buenos Aires,pampa,-34.6037,-58.3816,2025-01-07,28.1,20.7,24.4
ba,Buenos Aires,pampa,-34.6037,-58.3816,2025-01-08,29.2,21.9,25.5
ba,Buenos Aires,pampa,-34.6037,-58.3816,2025-01-09,29.8,22.6,26.2
ba,Buenos Aires,pampa,-34.6037,-58.3816,2025-01-10,28.8,22.6,25.7
ba,Buenos Aires,pampa,-34.6037,-58.3816,2025-01-11,28.1,22.3,25.2
ba,Buenos Aires,pampa,-34.6037,-58.3816,2025-01-12,28.3,21.9,25.1
ba,Buenos Aires,pampa,-34.6037,-58.3816,2025-01-13,30.5,23.6,27.1
ba,Buenos Aires,pampa,-34.6037,-58.3816,2025-01-14,31.4,23.3,27.4
ba,Buenos Aires,pampa,-34.6037,-58.3816,2025-01-15,32.4,24.3,28.4
ba,Buenos Aires,pampa,-34.6037,-58.3816,2025-01-16,34.3,26.0,30.1
ba,Buenos Aires,pampa,-34.6037,-58.3816,2025-01-17,31.8,22.6,27.2
ba,Buenos Aires,pampa,-34.6037,-58.3816,2025-01-18,27.2,21.1,24.1
ba,Buenos Aires,pampa,-34.6037,-58.3816,2025-01-19,25.0,19.9,22.4
ba,Buenos Aires,pampa,-34.6037,-58.3816,2025-01-20,25.8,18.7,22.2
ba,Buenos Aires,pampa,-34.6037,-58.3816,2025-01-21,26.2,20.0,23.1
ba,Buenos Aires,pampa,-34.6037,-58.3816,2025-01-22,33.1,21.9,27.5
ba,Buenos Aires,pampa,-34.6037,-58.3816,2025-01-23,33.6,24.3,29.0
ba,Buenos Aires,pampa,-34.6037,-58.3816,2025-01-24,31.7,23.7,27.7
ba,Buenos Aires,pampa,-34.6037,-58.3816,2025-01-25,30.8,22.1,26.5
ba,Buenos Aires,pampa,-34.6037,-58.3816,2025-01-26,32.1,24.0,28.1
ba,Buenos Aires,pampa,-34.6037,-58.3816,2025-01-27,29.8,23.2,26.5
ba,Buenos Aires,pampa,-34.6037,-58.3816,2025-01-28,29.6,21.1,25.4
ba,Buenos Aires,pampa,-34.6037,-58.3816,2025-01-29,29.9,20.8,25.4
ba,Buenos Aires,pampa,-34.6037,-58.3816,2025-01-30,28.3,23.9,26.1
ba,Buenos Aires,pampa,-34.6037,-58.3816,2025-01-31,28.7,22.6,25.6
ba,Buenos Aires,pampa,-34.6037,-58.3816,2025-02-01,31.6,22.7,27.1
ba,Buenos Aires,pampa,-34.6037,-58.3816,2025-02-02,33.4,24.9,29.1
ba,Buenos Aires,pampa,-34.6037,-58.3816,2025-02-03,35.8,26.6,31.2
ba,Buenos Aires,pampa,-34.6037,-58.3816,2025-02-04,28.8,23.2,26.0
ba,Buenos Aires,pampa,-34.6037,-58.3816,2025-02-05,25.6,20.9,23.2
ba,Buenos Aires,pampa,-34.6037,-58.3816,2025-02-06,27.7,18.6,23.1
ba,Buenos Aires,pampa,-34.6037,-58.3816,2025-02-07,28.7,21.4,25.0
ba,Buenos Aires,pampa,-34.6037,-58.3816,2025-02-08,33.2,23.6,28.4
ba,Buenos Aires,pampa,-34.6037,-58.3816,2025-02-09,28.6,21.1,24.9
ba,Buenos Aires,pampa,-34.6037,-58.3816,2025-02-10,38.0,23.8,30.9
ba,Buenos Aires,pampa,-34.6037,-58.3816,2025-02-11,31.7,20.4,26.0
ba,Buenos Aires,pampa,-34.6037,-58.3816,2025-02-12,25.4,20.6,23.0
ba,Buenos Aires,pampa,-34.6037,-58.3816,2025-02-13,28.8,21.2,25.0
ba,Buenos Aires,pampa,-34.6037,-58.3816,2025-02-14,28.5,22.1,25.3
ba,Buenos Aires,pampa,-34.6037,-58.3816,2025-02-15,26.8,21.2,24.0
ba,Buenos Aires,pampa,-34.6037,-58.3816,2025-02-16,29.2,22.1,25.6
ba,Buenos Aires,pampa,-34.6037,-58.3816,2025-02-17,31.0,18.4,24.7
ba,Buenos Aires,pampa,-34.6037,-58.3816,2025-02-18,23.4,13.0,18.2
ba,Buenos Aires,pampa,-34.6037,-58.3816,2025-02-19,28.2,18.0,23.1
ba,Buenos Aires,pampa,-34.6037,-58.3816,2025-02-20,31.8,22.8,27.3
ba,Buenos Aires,pampa,-34.6037,-58.3816,2025-02-21,33.0,25.5,29.2
ba,Buenos Aires,pampa,-34.6037,-58.3816,2025-02-22,32.4,24.3,28.4
ba,Buenos Aires,pampa,-34.6037,-58.3816,2025-02-23,29.2,24.0,26.6
ba,Buenos Aires,pampa,-34.6037,-58.3816,2025-02-24,28.3,23.6,26.0
ba,Buenos Aires,pampa,-34.6037,-58.3816,2025-02-25,25.4,22.5,23.9
ba,Buenos Aires,pampa,-34.6037,-58.3816,2025-02-26,26.9,22.3,24.6
ba,Buenos Aires,pampa,-34.6037,-58.3816,2025-02-27,27.1,21.9,24.5
ba,Buenos Aires,pampa,-34.6037,-58.3816,2025-02-28,26.4,24.2,25.3
ba,Buenos Aires,pampa,-34.6037,-58.3816,2025-03-01,29.2,23.3,26.2
ba,Buenos Aires,pampa,-34.6037,-58.3816,2025-03-02,25.2,23.1,24.1
ba,Buenos Aires,pampa,-34.6037,-58.3816,2025-03-03,26.5,22.2,24.4
ba,Buenos Aires,pampa,-34.6037,-58.3816,2025-03-04,28.4,22.0,25.2
ba,Buenos Aires,pampa,-34.6037,-58.3816,2025-03-05,33.0,25.7,29.4
ba,Buenos Aires,pampa,-34.6037,-58.3816,2025-03-06,33.1,25.8,29.5
ba,Buenos Aires,pampa,-34.6037,-58.3816,2025-03-07,32.3,26.1,29.2
ba,Buenos Aires,pampa,-34.6037,-58.3816,2025-03-08,28.8,17.2,23.0
ba,Buenos Aires,pampa,-34.6037,-58.3816,2025-03-09,21.2,13.5,17.4
ba,Buenos Aires,pampa,-34.6037,-58.3816,2025-03-10,23.5,15.8,19.6
ba,Buenos Aires,pampa,-34.6037,-58.3816,2025-03-11,21.3,15.9,18.6
ba,Buenos Aires,pampa,-34.6037,-58.3816,2025-03-12,21.6,14.3,18.0
ba,Buenos Aires,pampa,-34.6037,-58.3816,2025-03-13,20.6,12.3,16.5
ba,Buenos Aires,pampa,-34.6037,-58.3816,2025-03-14,21.9,14.1,18.0
ba,Buenos Aires,pampa,-34.6037,-58.3816,2025-03-15,23.1,17.9,20.5
ba,Buenos Aires,pampa,-34.6037,-58.3816,2025-03-16,24.2,18.9,21.5
ba,Buenos Aires,pampa,-34.6037,-58.3816,2025-03-17,27.2,20.2,23.7
ba,Buenos Aires,pampa,-34.6037,-58.3816,2025-03-18,29.3,19.8,24.6
ba,Buenos Aires,pampa,-34.6037,-58.3816,2025-03-19,30.7,21.6,26.1
ba,Buenos Aires,pampa,-34.6037,-58.3816,2025-03-20,30.6,21.5,26.1
ba,Buenos Aires,pampa,-34.6037,-58.3816,2025-03-21,30.3,22.9,26.6
ba,Buenos Aires,pampa,-34.6037,-58.3816,2025-03-22,27.6,20.2,23.9
ba,Buenos Aires,pampa,-34.6037,-58.3816,2025-03-23,21.8,18.0,19.9
ba,Buenos Aires,pampa,-34.6037,-58.3816,2025-03-24,23.6,18.0,20.8
ba,Buenos Aires,pampa,-34.6037,-58.3816,2025-03-25,23.7,15.6,19.6
ba,Buenos Aires,pampa,-34.6037,-58.3816,2025-03-26,23.9,18.3,21.1
ba,Buenos Aires,pampa,-34.6037,-58.3816,2025-03-27,25.3,20.6,23.0
ba,Buenos Aires,pampa,-34.6037,-58.3816,2025-03-28,25.2,19.6,22.4
ba,Buenos Aires,pampa,-34.6037,-58.3816,2025-03-29,23.6,16.5,20.1
ba,Buenos Aires,pampa,-34.6037,-58.3816,2025-03-30,28.4,18.0,23.2
ba,Buenos Aires,pampa,-34.6037,-58.3816,2025-03-31,20.0,14.5,17.2
ba,Buenos Aires,pampa,-34.6037,-58.3816,2025-04-01,19.3,11.1,15.2
ba,Buenos Aires,pampa,-34.6037,-58.3816,2025-04-02,22.8,13.9,18.4
ba,Buenos Aires,pampa,-34.6037,-58.3816,2025-04-03,21.0,10.3,15.7
ba,Buenos Aires,pampa,-34.6037,-58.3816,2025-04-04,15.6,7.6,11.6
ba,Buenos Aires,pampa,-34.6037,-58.3816,2025-04-05,17.6,9.7,13.7
ba,Buenos Aires,pampa,-34.6037,-58.3816,2025-04-06,21.5,14.7,18.1
ba,Buenos Aires,pampa,-34.6037,-58.3816,2025-04-07,19.6,16.5,18.1
ba,Buenos Aires,pampa,-34.6037,-58.3816,2025-04-08,21.6,16.4,19.0
ba,Buenos Aires,pampa,-34.6037,-58.3816,2025-04-09,21.6,17.7,19.6
ba,Buenos Aires,pampa,-34.6037,-58.3816,2025-04-10,22.0,18.9,20.4
ba,Buenos Aires,pampa,-34.6037,-58.3816,2025-04-11,22.8,19.0,20.9
ba,Buenos Aires,pampa,-34.6037,-58.3816,2025-04-12,24.3,16.2,20.2
ba,Buenos Aires,pampa,-34.6037,-58.3816,2025-04-13,20.9,12.4,16.6
ba,Buenos Aires,pampa,-34.6037,-58.3816,2025-04-14,20.6,12.3,16.5
ba,Buenos Aires,pampa,-34.6037,-58.3816,2025-04-15,19.4,15.4,17.4
ba,Buenos Aires,pampa,-34.6037,-58.3816,2025-04-16,19.5,12.5,16.0
ba,Buenos Aires,pampa,-34.6037,-58.3816,2025-04-17,21.3,13.9,17.6
ba,Buenos Aires,pampa,-34.6037,-58.3816,2025-04-18,20.6,13.9,17.2
ba,Buenos Aires,pampa,-34.6037,-58.3816,2025-04-19,18.3,9.6,13.9
ba,Buenos Aires,pampa,-34.6037,-58.3816,2025-04-20,18.1,10.2,14.2
ba,Buenos Aires,pampa,-34.6037,-58.3816,2025-04-21,18.0,10.8,14.4
ba,Buenos Aires,pampa,-34.6037,-58.3816,2025-04-22,21.2,15.8,18.5
ba,Buenos Aires,pampa,-34.6037,-58.3816,2025-04-23,24.5,17.3,20.9
ba,Buenos Aires,pampa,-34.6037,-58.3816,2025-04-24,21.3,17.0,19.1
ba,Buenos Aires,pampa,-34.6037,-58.3816,2025-04-25,24.7,17.7,21.2
ba,Buenos Aires,pampa,-34.6037,-58.3816,2025-04-26,19.7,12.8,16.2
ba,Buenos Aires,pampa,-34.6037,-58.3816,2025-04-27,19.9,10.3,15.1
ba,Buenos Aires,pampa,-34.6037,-58.3816,2025-04-28,20.0,10.3,15.2
ba,Buenos Aires,pampa,-34.6037,-58.3816,2025-04-29,19.7,10.9,15.3
ba,Buenos Aires,pampa,-34.6037,-58.3816,2025-04-30,21.7,13.2,17.4
ba,Buenos Aires,pampa,-34.6037,-58.3816,2025-05-01,19.7,15.0,17.4
ba,Buenos Aires,pampa,-34.6037,-58.3816,2025-05-02,23.1,15.3,19.2
ba,Buenos Aires,pampa,-34.6037,-58.3816,2025-05-03,22.8,13.7,18.2
ba,Buenos Aires,pampa,-34.6037,-58.3816,2025-05-04,24.7,17.2,20.9
ba,Buenos Aires,pampa,-34.6037,-58.3816,2025-05-05,18.8,15.2,17.0
ba,Buenos Aires,pampa,-34.6037,-58.3816,2025-05-06,21.9,18.0,19.9
ba,Buenos Aires,pampa,-34.6037,-58.3816,2025-05-07,22.0,17.6,19.8
ba,Buenos Aires,pampa,-34.6037,-58.3816,2025-05-08,21.5,17.3,19.4
ba,Buenos Aires,pampa,-34.6037,-58.3816,2025-05-09,20.6,12.9,16.8
ba,Buenos Aires,pampa,-34.6037,-58.3816,2025-05-10,19.9,14.3,17.1
ba,Buenos Aires,pampa,-34.6037,-58.3816,2025-05-11,18.4,14.0,16.2
ba,Buenos Aires,pampa,-34.6037,-58.3816,2025-05-12,18.9,13.8,16.4
ba,Buenos Aires,pampa,-34.6037,-58.3816,2025-05-13,20.3,15.1,17.7
ba,Buenos Aires,pampa,-34.6037,-58.3816,2025-05-14,22.3,16.0,19.1
ba,Buenos Aires,pampa,-34.6037,-58.3816,2025-05-15,23.5,19.0,21.2
ba,Buenos Aires,pampa,-34.6037,-58.3816,2025-05-16,21.2,17.8,19.5
ba,Buenos Aires,pampa,-34.6037,-58.3816,2025-05-17,22.5,17.7,20.1
ba,Buenos Aires,pampa,-34.6037,-58.3816,2025-05-18,19.1,11.0,15.1
ba,Buenos Aires,pampa,-34.6037,-58.3816,2025-05-19,14.5,9.3,11.9
ba,Buenos Aires,pampa,-34.6037,-58.3816,2025-05-20,16.4,7.5,11.9
ba,Buenos Aires,pampa,-34.6037,-58.3816,2025-05-21,14.5,8.9,11.7
ba,Buenos Aires,pampa,-34.6037,-58.3816,2025-05-22,14.7,7.8,11.2
ba,Buenos Aires,pampa,-34.6037,-58.3816,2025-05-23,15.2,11.0,13.1
ba,Buenos Aires,pampa,-34.6037,-58.3816,2025-05-24,16.5,13.1,14.8
ba,Buenos Aires,pampa,-34.6037,-58.3816,2025-05-25,17.6,12.0,14.8
ba,Buenos Aires,pampa,-34.6037,-58.3816,2025-05-26,19.4,15.7,17.5
ba,Buenos Aires,pampa,-34.6037,-58.3816,2025-05-27,18.0,10.6,14.3
ba,Buenos Aires,pampa,-34.6037,-58.3816,2025-05-28,11.9,7.5,9.7
ba,Buenos Aires,pampa,-34.6037,-58.3816,2025-05-29,11.7,4.5,8.1
ba,Buenos Aires,pampa,-34.6037,-58.3816,2025-05-30,13.5,5.5,9.5
ba,Buenos Aires,pampa,-34.6037,-58.3816,2025-05-31,16.2,6.4,11.3
ba,Buenos Aires,pampa,-34.6037,-58.3816,2025-06-01,14.8,4.7,9.8
ba,Buenos Aires,pampa,-34.6037,-58.3816,2025-06-02,16.0,7.4,11.7
ba,Buenos Aires,pampa,-34.6037,-58.3816,2025-06-03,15.2,8.1,11.6
ba,Buenos Aires,pampa,-34.6037,-58.3816,2025-06-04,18.2,10.3,14.2
ba,Buenos Aires,pampa,-34.6037,-58.3816,2025-06-05,14.4,7.5,10.9
ba,Buenos Aires,pampa,-34.6037,-58.3816,2025-06-06,17.1,6.9,12.0
ba,Buenos Aires,pampa,-34.6037,-58.3816,2025-06-07,16.0,8.1,12.1
ba,Buenos Aires,pampa,-34.6037,-58.3816,2025-06-08,14.2,8.0,11.1
ba,Buenos Aires,pampa,-34.6037,-58.3816,2025-06-09,11.7,6.3,9.0
ba,Buenos Aires,pampa,-34.6037,-58.3816,2025-06-10,13.6,5.2,9.4
ba,Buenos Aires,pampa,-34.6037,-58.3816,2025-06-11,13.8,9.7,11.8
ba,Buenos Aires,pampa,-34.6037,-58.3816,2025-06-12,15.6,9.9,12.8
ba,Buenos Aires,pampa,-34.6037,-58.3816,2025-06-13,13.7,12.1,12.9
ba,Buenos Aires,pampa,-34.6037,-58.3816,2025-06-14,12.6,9.6,11.1
ba,Buenos Aires,pampa,-34.6037,-58.3816,2025-06-15,13.2,4.5,8.8
ba,Buenos Aires,pampa,-34.6037,-58.3816,2025-06-16,13.9,9.1,11.5
ba,Buenos Aires,pampa,-34.6037,-58.3816,2025-06-17,15.1,8.4,11.8
ba,Buenos Aires,pampa,-34.6037,-58.3816,2025-06-18,15.4,5.5,10.4
ba,Buenos Aires,pampa,-34.6037,-58.3816,2025-06-19,14.8,6.2,10.5
ba,Buenos Aires,pampa,-34.6037,-58.3816,2025-06-20,16.3,7.2,11.8
ba,Buenos Aires,pampa,-34.6037,-58.3816,2025-06-21,14.5,7.7,11.1
ba,Buenos Aires,pampa,-34.6037,-58.3816,2025-06-22,15.3,6.2,10.8
ba,Buenos Aires,pampa,-34.6037,-58.3816,2025-06-23,9.4,3.4,6.4
ba,Buenos Aires,pampa,-34.6037,-58.3816,2025-06-24,12.9,2.4,7.7
ba,Buenos Aires,pampa,-34.6037,-58.3816,2025-06-25,13.7,6.7,10.2
ba,Buenos Aires,pampa,-34.6037,-58.3816,2025-06-26,12.8,3.7,8.2
ba,Buenos Aires,pampa,-34.6037,-58.3816,2025-06-27,13.3,5.0,9.2
ba,Buenos Aires,pampa,-34.6037,-58.3816,2025-06-28,12.7,6.5,9.6
ba,Buenos Aires,pampa,-34.6037,-58.3816,2025-06-29,8.5,4.1,6.3
ba,Buenos Aires,pampa,-34.6037,-58.3816,2025-06-30,5.7,2.5,4.1
ba,Buenos Aires,pampa,-34.6037,-58.3816,2025-07-01,7.4,-0.4,3.5
ba,Buenos Aires,pampa,-34.6037,-58.3816,2025-07-02,8.1,1.2,4.6
ba,Buenos Aires,pampa,-34.6037,-58.3816,2025-07-03,11.7,3.9,7.8
ba,Buenos Aires,pampa,-34.6037,-58.3816,2025-07-04,12.8,6.8,9.8
ba,Buenos Aires,pampa,-34.6037,-58.3816,2025-07-05,12.6,5.8,9.2
ba,Buenos Aires,pampa,-34.6037,-58.3816,2025-07-06,14.0,8.1,11.1
ba,Buenos Aires,pampa,-34.6037,-58.3816,2025-07-07,17.5,10.6,14.1
ba,Buenos Aires,pampa,-34.6037,-58.3816,2025-07-08,13.1,9.0,11.1
ba,Buenos Aires,pampa,-34.6037,-58.3816,2025-07-09,15.7,8.9,12.3
ba,Buenos Aires,pampa,-34.6037,-58.3816,2025-07-10,13.5,10.3,11.9
ba,Buenos Aires,pampa,-34.6037,-58.3816,2025-07-11,16.2,8.7,12.4
ba,Buenos Aires,pampa,-34.6037,-58.3816,2025-07-12,15.2,11.8,13.5
ba,Buenos Aires,pampa,-34.6037,-58.3816,2025-07-13,14.6,10.0,12.3
ba,Buenos Aires,pampa,-34.6037,-58.3816,2025-07-14,14.1,10.2,12.1
ba,Buenos Aires,pampa,-34.6037,-58.3816,2025-07-15,21.0,13.4,17.2
ba,Buenos Aires,pampa,-34.6037,-58.3816,2025-07-16,17.9,10.3,14.1
ba,Buenos Aires,pampa,-34.6037,-58.3816,2025-07-17,11.7,7.3,9.5
ba,Buenos Aires,pampa,-34.6037,-58.3816,2025-07-18,15.6,5.4,10.5
ba,Buenos Aires,pampa,-34.6037,-58.3816,2025-07-19,17.0,7.5,12.2
ba,Buenos Aires,pampa,-34.6037,-58.3816,2025-07-20,16.3,8.9,12.6
ba,Buenos Aires,pampa,-34.6037,-58.3816,2025-07-21,17.4,10.4,13.9
ba,Buenos Aires,pampa,-34.6037,-58.3816,2025-07-22,13.5,8.6,11.1
ba,Buenos Aires,pampa,-34.6037,-58.3816,2025-07-23,10.9,4.1,7.5
ba,Buenos Aires,pampa,-34.6037,-58.3816,2025-07-24,14.1,8.3,11.2
ba,Buenos Aires,pampa,-34.6037,-58.3816,2025-07-25,14.4,11.1,12.8
ba,Buenos Aires,pampa,-34.6037,-58.3816,2025-07-26,12.9,7.0,9.9
ba,Buenos Aires,pampa,-34.6037,-58.3816,2025-07-27,12.6,8.4,10.5
ba,Buenos Aires,pampa,-34.6037,-58.3816,2025-07-28,14.3,8.4,11.4
ba,Buenos Aires,pampa,-34.6037,-58.3816,2025-07-29,12.6,7.9,10.2
ba,Buenos Aires,pampa,-34.6037,-58.3816,2025-07-30,16.6,9.9,13.2
ba,Buenos Aires,pampa,-34.6037,-58.3816,2025-07-31,18.0,12.2,15.1
ba,Buenos Aires,pampa,-34.6037,-58.3816,2025-08-01,19.3,15.3,17.3
ba,Buenos Aires,pampa,-34.6037,-58.3816,2025-08-02,18.8,11.4,15.1
ba,Buenos Aires,pampa,-34.6037,-58.3816,2025-08-03,16.8,9.7,13.2
ba,Buenos Aires,pampa,-34.6037,-58.3816,2025-08-04,14.4,7.4,10.9
ba,Buenos Aires,pampa,-34.6037,-58.3816,2025-08-05,10.8,7.1,8.9
ba,Buenos Aires,pampa,-34.6037,-58.3816,2025-08-06,14.9,8.3,11.6
ba,Buenos Aires,pampa,-34.6037,-58.3816,2025-08-07,12.1,7.1,9.6
ba,Buenos Aires,pampa,-34.6037,-58.3816,2025-08-08,12.7,4.5,8.6
ba,Buenos Aires,pampa,-34.6037,-58.3816,2025-08-09,13.3,3.7,8.5
ba,Buenos Aires,pampa,-34.6037,-58.3816,2025-08-10,15.9,6.6,11.2
ba,Buenos Aires,pampa,-34.6037,-58.3816,2025-08-11,18.7,7.6,13.1
ba,Buenos Aires,pampa,-34.6037,-58.3816,2025-08-12,20.6,10.0,15.3
ba,Buenos Aires,pampa,-34.6037,-58.3816,2025-08-13,15.5,9.9,12.7
ba,Buenos Aires,pampa,-34.6037,-58.3816,2025-08-14,11.7,4.9,8.3
ba,Buenos Aires,pampa,-34.6037,-58.3816,2025-08-15,10.9,6.5,8.7
ba,Buenos Aires,pampa,-34.6037,-58.3816,2025-08-16,12.5,8.5,10.5
ba,Buenos Aires,pampa,-34.6037,-58.3816,2025-08-17,14.8,11.1,12.9
ba,Buenos Aires,pampa,-34.6037,-58.3816,2025-08-18,15.7,12.3,14.0
ba,Buenos Aires,pampa,-34.6037,-58.3816,2025-08-19,16.0,13.9,14.9
ba,Buenos Aires,pampa,-34.6037,-58.3816,2025-08-20,17.5,12.3,14.9
ba,Buenos Aires,pampa,-34.6037,-58.3816,2025-08-21,18.2,9.4,13.8
ba,Buenos Aires,pampa,-34.6037,-58.3816,2025-08-22,19.2,11.4,15.3
ba,Buenos Aires,pampa,-34.6037,-58.3816,2025-08-23,14.2,8.6,11.4
ba,Buenos Aires,pampa,-34.6037,-58.3816,2025-08-24,17.1,5.8,11.5
ba,Buenos Aires,pampa,-34.6037,-58.3816,2025-08-25,19.4,9.3,14.3
ba,Buenos Aires,pampa,-34.6037,-58.3816,2025-08-26,19.0,11.5,15.2
ba,Buenos Aires,pampa,-34.6037,-58.3816,2025-08-27,19.6,12.1,15.9
ba,Buenos Aires,pampa,-34.6037,-58.3816,2025-08-28,19.6,12.6,16.1
ba,Buenos Aires,pampa,-34.6037,-58.3816,2025-08-29,20.3,14.2,17.2
ba,Buenos Aires,pampa,-34.6037,-58.3816,2025-08-30,21.5,14.9,18.2
ba,Buenos Aires,pampa,-34.6037,-58.3816,2025-08-31,19.5,14.3,16.9
ba,Buenos Aires,pampa,-34.6037,-58.3816,2025-09-01,18.3,11.3,14.8
ba,Buenos Aires,pampa,-34.6037,-58.3816,2025-09-02,14.4,10.0,12.2
ba,Buenos Aires,pampa,-34.6037,-58.3816,2025-09-03,18.1,9.5,13.8
ba,Buenos Aires,pampa,-34.6037,-58.3816,2025-09-04,12.0,5.4,8.7
ba,Buenos Aires,pampa,-34.6037,-58.3816,2025-09-05,13.7,3.1,8.4
ba,Buenos Aires,pampa,-34.6037,-58.3816,2025-09-06,13.4,5.0,9.2
ba,Buenos Aires,pampa,-34.6037,-58.3816,2025-09-07,14.7,8.9,11.8
ba,Buenos Aires,pampa,-34.6037,-58.3816,2025-09-08,18.4,12.1,15.2
ba,Buenos Aires,pampa,-34.6037,-58.3816,2025-09-09,22.1,10.5,16.3
ba,Buenos Aires,pampa,-34.6037,-58.3816,2025-09-10,22.6,13.3,18.0
ba,Buenos Aires,pampa,-34.6037,-58.3816,2025-09-11,22.9,12.4,17.6
ba,Buenos Aires,pampa,-34.6037,-58.3816,2025-09-12,20.0,12.7,16.4
ba,Buenos Aires,pampa,-34.6037,-58.3816,2025-09-13,19.0,12.3,15.7
ba,Buenos Aires,pampa,-34.6037,-58.3816,2025-09-14,22.7,14.6,18.6
ba,Buenos Aires,pampa,-34.6037,-58.3816,2025-09-15,19.9,14.4,17.1
ba,Buenos Aires,pampa,-34.6037,-58.3816,2025-09-16,19.0,13.1,16.1
ba,Buenos Aires,pampa,-34.6037,-58.3816,2025-09-17,22.2,14.6,18.4
ba,Buenos Aires,pampa,-34.6037,-58.3816,2025-09-18,21.9,17.0,19.4
ba,Buenos Aires,pampa,-34.6037,-58.3816,2025-09-19,20.8,17.0,18.9
ba,Buenos Aires,pampa,-34.6037,-58.3816,2025-09-20,18.6,13.6,16.1
ba,Buenos Aires,pampa,-34.6037,-58.3816,2025-09-21,16.5,11.5,14.0
ba,Buenos Aires,pampa,-34.6037,-58.3816,2025-09-22,19.7,9.8,14.8
ba,Buenos Aires,pampa,-34.6037,-58.3816,2025-09-23,19.6,10.0,14.8
ba,Buenos Aires,pampa,-34.6037,-58.3816,2025-09-24,15.4,7.9,11.7
ba,Buenos Aires,pampa,-34.6037,-58.3816,2025-09-25,16.6,9.9,13.2
ba,Buenos Aires,pampa,-34.6037,-58.3816,2025-09-26,21.9,12.1,17.0
ba,Buenos Aires,pampa,-34.6037,-58.3816,2025-09-27,18.6,14.2,16.4
ba,Buenos Aires,pampa,-34.6037,-58.3816,2025-09-28,21.5,10.4,15.9
ba,Buenos Aires,pampa,-34.6037,-58.3816,2025-09-29,21.8,14.4,18.1
ba,Buenos Aires,pampa,-34.6037,-58.3816,2025-09-30,23.6,14.1,18.9
ba,Buenos Aires,pampa,-34.6037,-58.3816,2025-10-01,23.2,14.0,18.6
ba,Buenos Aires,pampa,-34.6037,-58.3816,2025-10-02,22.8,16.6,19.7
ba,Buenos Aires,pampa,-34.6037,-58.3816,2025-10-03,24.7,17.5,21.1
ba,Buenos Aires,pampa,-34.6037,-58.3816,2025-10-04,26.9,19.9,23.4
ba,Buenos Aires,pampa,-34.6037,-58.3816,2025-10-05,23.7,12.9,18.3
ba,Buenos Aires,pampa,-34.6037,-58.3816,2025-10-06,16.6,9.1,12.9
ba,Buenos Aires,pampa,-34.6037,-58.3816,2025-10-07,23.7,9.1,16.4
ba,Buenos Aires,pampa,-34.6037,-58.3816,2025-10-08,25.8,14.1,19.9
ba,Buenos Aires,pampa,-34.6037,-58.3816,2025-10-09,26.0,15.6,20.8
ba,Buenos Aires,pampa,-34.6037,-58.3816,2025-10-10,26.8,16.9,21.9
ba,Buenos Aires,pampa,-34.6037,-58.3816,2025-10-11,26.1,19.3,22.7
ba,Buenos Aires,pampa,-34.6037,-58.3816,2025-10-12,20.2,13.9,17.1
ba,Buenos Aires,pampa,-34.6037,-58.3816,2025-10-13,25.2,14.1,19.6
ba,Buenos Aires,pampa,-34.6037,-58.3816,2025-10-14,23.7,14.4,19.1
ba,Buenos Aires,pampa,-34.6037,-58.3816,2025-10-15,26.3,18.7,22.5
ba,Buenos Aires,pampa,-34.6037,-58.3816,2025-10-16,25.9,18.6,22.2
ba,Buenos Aires,pampa,-34.6037,-58.3816,2025-10-17,22.2,17.3,19.8
ba,Buenos Aires,pampa,-34.6037,-58.3816,2025-10-18,22.4,11.9,17.1
ba,Buenos Aires,pampa,-34.6037,-58.3816,2025-10-19,20.9,12.1,16.5
ba,Buenos Aires,pampa,-34.6037,-58.3816,2025-10-20,23.7,15.1,19.4
ba,Buenos Aires,pampa,-34.6037,-58.3816,2025-10-21,27.5,18.1,22.8
ba,Buenos Aires,pampa,-34.6037,-58.3816,2025-10-22,24.6,19.8,22.2
ba,Buenos Aires,pampa,-34.6037,-58.3816,2025-10-23,30.7,20.6,25.6
ba,Buenos Aires,pampa,-34.6037,-58.3816,2025-10-24,25.8,19.2,22.5
ba,Buenos Aires,pampa,-34.6037,-58.3816,2025-10-25,19.2,13.2,16.2
ba,Buenos Aires,pampa,-34.6037,-58.3816,2025-10-26,22.6,11.9,17.2
ba,Buenos Aires,pampa,-34.6037,-58.3816,2025-10-27,16.0,10.4,13.2
ba,Buenos Aires,pampa,-34.6037,-58.3816,2025-10-28,17.4,7.6,12.5
ba,Buenos Aires,pampa,-34.6037,-58.3816,2025-10-29,16.7,8.9,12.8
ba,Buenos Aires,pampa,-34.6037,-58.3816,2025-10-30,18.7,13.5,16.1
ba,Buenos Aires,pampa,-34.6037,-58.3816,2025-10-31,22.6,14.6,18.6
ba,Buenos Aires,pampa,-34.6037,-58.3816,2025-11-01,27.8,16.3,22.1
ba,Buenos Aires,pampa,-34.6037,-58.3816,2025-11-02,23.3,17.6,20.5
ba,Buenos Aires,pampa,-34.6037,-58.3816,2025-11-03,26.5,18.7,22.6
ba,Buenos Aires,pampa,-34.6037,-58.3816,2025-11-04,22.0,16.7,19.4
ba,Buenos Aires,pampa,-34.6037,-58.3816,2025-11-05,20.2,13.6,16.9
ba,Buenos Aires,pampa,-34.6037,-58.3816,2025-11-06,17.7,11.5,14.6
ba,Buenos Aires,pampa,-34.6037,-58.3816,2025-11-07,16.7,13.5,15.1
ba,Buenos Aires,pampa,-34.6037,-58.3816,2025-11-08,19.9,12.6,16.2
ba,Buenos Aires,pampa,-34.6037,-58.3816,2025-11-09,24.6,13.7,19.1
ba,Buenos Aires,pampa,-34.6037,-58.3816,2025-11-10,26.1,16.1,21.1
ba,Buenos Aires,pampa,-34.6037,-58.3816,2025-11-11,28.6,17.4,23.0
ba,Buenos Aires,pampa,-34.6037,-58.3816,2025-11-12,26.0,15.1,20.6
ba,Buenos Aires,pampa,-34.6037,-58.3816,2025-11-13,27.0,16.3,21.6
ba,Buenos Aires,pampa,-34.6037,-58.3816,2025-11-14,29.1,18.5,23.8
ba,Buenos Aires,pampa,-34.6037,-58.3816,2025-11-15,31.5,20.0,25.8
ba,Buenos Aires,pampa,-34.6037,-58.3816,2025-11-16,26.4,15.1,20.8
ba,Buenos Aires,pampa,-34.6037,-58.3816,2025-11-17,22.6,10.1,16.4
ba,Buenos Aires,pampa,-34.6037,-58.3816,2025-11-18,28.5,16.1,22.3
ba,Buenos Aires,pampa,-34.6037,-58.3816,2025-11-19,23.9,15.9,19.9
ba,Buenos Aires,pampa,-34.6037,-58.3816,2025-11-20,26.9,15.9,21.4
ba,Buenos Aires,pampa,-34.6037,-58.3816,2025-11-21,20.5,14.3,17.4
ba,Buenos Aires,pampa,-34.6037,-58.3816,2025-11-22,19.8,10.9,15.4
ba,Buenos Aires,pampa,-34.6037,-58.3816,2025-11-23,22.5,14.3,18.4
ba,Buenos Aires,pampa,-34.6037,-58.3816,2025-11-24,24.7,17.0,20.9
ba,Buenos Aires,pampa,-34.6037,-58.3816,2025-11-25,28.3,18.7,23.5
ba,Buenos Aires,pampa,-34.6037,-58.3816,2025-11-26,29.9,20.9,25.4
ba,Buenos Aires,pampa,-34.6037,-58.3816,2025-11-27,30.6,21.8,26.2
ba,Buenos Aires,pampa,-34.6037,-58.3816,2025-11-28,28.0,17.6,22.8
ba,Buenos Aires,pampa,-34.6037,-58.3816,2025-11-29,20.6,16.5,18.6
ba,Buenos Aires,pampa,-34.6037,-58.3816,2025-11-30,20.8,16.6,18.7
ba,Buenos Aires,pampa,-34.6037,-58.3816,2025-12-01,25.3,18.7,22.0
ba,Buenos Aires,pampa,-34.6037,-58.3816,2025-12-02,26.9,16.5,21.7
ba,Buenos Aires,pampa,-34.6037,-58.3816,2025-12-03,32.1,20.8,26.5
ba,Buenos Aires,pampa,-34.6037,-58.3816,2025-12-04,34.1,22.9,28.5
ba,Buenos Aires,pampa,-34.6037,-58.3816,2025-12-05,32.3,24.1,28.2
ba,Buenos Aires,pampa,-34.6037,-58.3816,2025-12-06,32.5,23.0,27.8
ba,Buenos Aires,pampa,-34.6037,-58.3816,2025-12-07,26.6,17.5,22.1
ba,Buenos Aires,pampa,-34.6037,-58.3816,2025-12-08,25.2,19.1,22.1
ba,Buenos Aires,pampa,-34.6037,-58.3816,2025-12-09,23.9,20.8,22.4
ba,Buenos Aires,pampa,-34.6037,-58.3816,2025-12-10,28.4,18.5,23.4
ba,Buenos Aires,pampa,-34.6037,-58.3816,2025-12-11,31.2,19.4,25.3
ba,Buenos Aires,pampa,-34.6037,-58.3816,2025-12-12,34.8,20.2,27.5
ba,Buenos Aires,pampa,-34.6037,-58.3816,2025-12-13,33.4,21.9,27.6
ba,Buenos Aires,pampa,-34.6037,-58.3816,2025-12-14,24.5,19.4,21.9
ba,Buenos Aires,pampa,-34.6037,-58.3816,2025-12-15,26.8,17.4,22.1
ba,Buenos Aires,pampa,-34.6037,-58.3816,2025-12-16,25.0,14.9,19.9
ba,Buenos Aires,pampa,-34.6037,-58.3816,2025-12-17,29.9,17.5,23.7
ba,Buenos Aires,pampa,-34.6037,-58.3816,2025-12-18,33.2,21.4,27.3
ba,Buenos Aires,pampa,-34.6037,-58.3816,2025-12-19,29.7,20.2,24.9
ba,Buenos Aires,pampa,-34.6037,-58.3816,2025-12-20,27.5,22.3,24.9
ba,Buenos Aires,pampa,-34.6037,-58.3816,2025-12-21,28.8,19.9,24.4
ba,Buenos Aires,pampa,-34.6037,-58.3816,2025-12-22,28.6,21.6,25.1
ba,Buenos Aires,pampa,-34.6037,-58.3816,2025-12-23,30.3,22.1,26.2
ba,Buenos Aires,pampa,-34.6037,-58.3816,2025-12-24,33.4,23.4,28.4
ba,Buenos Aires,pampa,-34.6037,-58.3816,2025-12-25,27.9,20.0,23.9
ba,Buenos Aires,pampa,-34.6037,-58.3816,2025-12-26,32.5,21.2,26.9
ba,Buenos Aires,pampa,-34.6037,-58.3816,2025-12-27,36.1,24.5,30.3
ba,Buenos Aires,pampa,-34.6037,-58.3816,2025-12-28,32.2,23.7,28.0
ba,Buenos Aires,pampa,-34.6037,-58.3816,2025-12-29,33.3,23.2,28.2
ba,Buenos Aires,pampa,-34.6037,-58.3816,2025-12-30,36.9,24.9,30.9
ba,Buenos Aires,pampa,-34.6037,-58.3816,2025-12-31,38.7,25.8,32.2
ba,Buenos Aires,pampa,-34.6037,-58.3816,2026-01-01,31.0,19.9,25.4
ba,Buenos Aires,pampa,-34.6037,-58.3816,2026-01-02,27.8,18.5,23.1
ba,Buenos Aires,pampa,-34.6037,-58.3816,2026-01-03,23.8,13.5,18.6
ba,Buenos Aires,pampa,-34.6037,-58.3816,2026-01-04,25.1,12.6,18.9
ba,Buenos Aires,pampa,-34.6037,-58.3816,2026-01-05,27.2,16.8,22.0
ba,Buenos Aires,pampa,-34.6037,-58.3816,2026-01-06,30.6,21.5,26.1
ba,Buenos Aires,pampa,-34.6037,-58.3816,2026-01-07,27.0,17.2,22.1
ba,Buenos Aires,pampa,-34.6037,-58.3816,2026-01-08,23.2,14.2,18.7
ba,Buenos Aires,pampa,-34.6037,-58.3816,2026-01-09,23.9,19.9,21.9
ba,Buenos Aires,pampa,-34.6037,-58.3816,2026-01-10,21.8,18.1,20.0
ba,Buenos Aires,pampa,-34.6037,-58.3816,2026-01-11,28.9,16.3,22.6
ba,Buenos Aires,pampa,-34.6037,-58.3816,2026-01-12,35.1,21.5,28.3
ba,Buenos Aires,pampa,-34.6037,-58.3816,2026-01-13,31.8,24.6,28.2
ba,Buenos Aires,pampa,-34.6037,-58.3816,2026-01-14,32.5,22.2,27.4
ba,Buenos Aires,pampa,-34.6037,-58.3816,2026-01-15,32.6,22.5,27.6
ba,Buenos Aires,pampa,-34.6037,-58.3816,2026-01-16,28.3,18.8,23.6
ba,Buenos Aires,pampa,-34.6037,-58.3816,2026-01-17,32.8,22.4,27.6
ba,Buenos Aires,pampa,-34.6037,-58.3816,2026-01-18,26.8,19.8,23.3
ba,Buenos Aires,pampa,-34.6037,-58.3816,2026-01-19,23.3,13.7,18.5
ba,Buenos Aires,pampa,-34.6037,-58.3816,2026-01-20,27.1,19.1,23.1
ba,Buenos Aires,pampa,-34.6037,-58.3816,2026-01-21,29.0,20.6,24.8
ba,Buenos Aires,pampa,-34.6037,-58.3816,2026-01-22,28.9,21.5,25.2
ba,Buenos Aires,pampa,-34.6037,-58.3816,2026-01-23,31.1,22.3,26.7
ba,Buenos Aires,pampa,-34.6037,-58.3816,2026-01-24,30.8,23.6,27.2
ba,Buenos Aires,pampa,-34.6037,-58.3816,2026-01-25,31.6,24.6,28.1
ba,Buenos Aires,pampa,-34.6037,-58.3816,2026-01-26,34.5,23.9,29.2
ba,Buenos Aires,pampa,-34.6037,-58.3816,2026-01-27,29.8,21.8,25.8
ba,Buenos Aires,pampa,-34.6037,-58.3816,2026-01-28,30.0,20.3,25.1
ba,Buenos Aires,pampa,-34.6037,-58.3816,2026-01-29,28.2,19.7,23.9
ba,Buenos Aires,pampa,-34.6037,-58.3816,2026-01-30,27.7,22.7,25.2
ba,Buenos Aires,pampa,-34.6037,-58.3816,2026-01-31,27.4,22.1,24.8
ba,Buenos Aires,pampa,-34.6037,-58.3816,2026-02-01,29.5,19.5,24.5
ba,Buenos Aires,pampa,-34.6037,-58.3816,2026-02-02,32.7,23.2,28.0
ba,Buenos Aires,pampa,-34.6037,-58.3816,2026-02-03,35.0,24.8,29.9
ba,Buenos Aires,pampa,-34.6037,-58.3816,2026-02-04,28.5,21.7,25.1
ba,Buenos Aires,pampa,-34.6037,-58.3816,2026-02-05,28.1,23.6,25.9
ba,Buenos Aires,pampa,-34.6037,-58.3816,2026-02-06,29.5,17.9,23.7
ba,Buenos Aires,pampa,-34.6037,-58.3816,2026-02-07,31.9,18.0,24.9
ba,Buenos Aires,pampa,-34.6037,-58.3816,2026-02-08,30.2,21.4,25.8
ba,Buenos Aires,pampa,-34.6037,-58.3816,2026-02-09,32.3,23.0,27.6
ba,Buenos Aires,pampa,-34.6037,-58.3816,2026-02-10,33.6,20.8,27.2
ba,Buenos Aires,pampa,-34.6037,-58.3816,2026-02-11,30.8,24.4,27.6
ba,Buenos Aires,pampa,-34.6037,-58.3816,2026-02-12,26.4,21.9,24.1
ba,Buenos Aires,pampa,-34.6037,-58.3816,2026-02-13,27.3,16.9,22.1
ba,Buenos Aires,pampa,-34.6037,-58.3816,2026-02-14,26.7,18.5,22.6
ba,Buenos Aires,pampa,-34.6037,-58.3816,2026-02-15,28.3,19.8,24.1
ba,Buenos Aires,pampa,-34.6037,-58.3816,2026-02-16,28.0,20.3,24.1
ba,Buenos Aires,pampa,-34.6037,-58.3816,2026-02-17,28.7,21.1,24.9
ba,Buenos Aires,pampa,-34.6037,-58.3816,2026-02-18,31.6,20.7,26.1
ba,Buenos Aires,pampa,-34.6037,-58.3816,2026-02-19,28.5,22.2,25.4
ba,Buenos Aires,pampa,-34.6037,-58.3816,2026-02-20,26.6,17.0,21.8
ba,Buenos Aires,pampa,-34.6037,-58.3816,2026-02-21,27.5,19.6,23.6
ba,Buenos Aires,pampa,-34.6037,-58.3816,2026-02-22,28.3,21.0,24.6
ba,Buenos Aires,pampa,-34.6037,-58.3816,2026-02-23,27.9,22.4,25.1
ba,Buenos Aires,pampa,-34.6037,-58.3816,2026-02-24,31.8,21.2,26.5
ba,Buenos Aires,pampa,-34.6037,-58.3816,2026-02-25,25.5,15.1,20.3
ba,Buenos Aires,pampa,-34.6037,-58.3816,2026-02-26,25.2,16.2,20.7
ba,Buenos Aires,pampa,-34.6037,-58.3816,2026-02-27,26.7,19.6,23.1
ba,Buenos Aires,pampa,-34.6037,-58.3816,2026-02-28,28.7,20.9,24.8
ba,Buenos Aires,pampa,-34.6037,-58.3816,2026-03-01,29.2,21.9,25.5
ba,Buenos Aires,pampa,-34.6037,-58.3816,2026-03-02,29.9,20.9,25.4
ba,Buenos Aires,pampa,-34.6037,-58.3816,2026-03-03,26.7,21.2,23.9
ba,Buenos Aires,pampa,-34.6037,-58.3816,2026-03-04,30.6,20.0,25.3
ba,Buenos Aires,pampa,-34.6037,-58.3816,2026-03-05,27.2,20.1,23.6
ba,Buenos Aires,pampa,-34.6037,-58.3816,2026-03-06,24.4,21.0,22.7
ba,Buenos Aires,pampa,-34.6037,-58.3816,2026-03-07,23.9,19.3,21.6
ba,Buenos Aires,pampa,-34.6037,-58.3816,2026-03-08,24.5,19.6,22.1
ba,Buenos Aires,pampa,-34.6037,-58.3816,2026-03-09,24.9,19.3,22.1
ba,Buenos Aires,pampa,-34.6037,-58.3816,2026-03-10,24.7,18.3,21.5
ba,Buenos Aires,pampa,-34.6037,-58.3816,2026-03-11,24.8,19.0,21.9
ba,Buenos Aires,pampa,-34.6037,-58.3816,2026-03-12,24.8,19.8,22.3
ba,Buenos Aires,pampa,-34.6037,-58.3816,2026-03-13,25.2,19.5,22.4
ba,Buenos Aires,pampa,-34.6037,-58.3816,2026-03-14,26.2,20.0,23.1
ba,Buenos Aires,pampa,-34.6037,-58.3816,2026-03-15,31.1,20.3,25.7
ba,Buenos Aires,pampa,-34.6037,-58.3816,2026-03-16,31.8,24.0,27.9
ba,Buenos Aires,pampa,-34.6037,-58.3816,2026-03-17,27.9,18.8,23.4
ba,Buenos Aires,pampa,-34.6037,-58.3816,2026-03-18,25.3,16.1,20.7
ba,Buenos Aires,pampa,-34.6037,-58.3816,2026-03-19,25.5,17.6,21.6
ba,Buenos Aires,pampa,-34.6037,-58.3816,2026-03-20,27.1,20.3,23.7
ba,Buenos Aires,pampa,-34.6037,-58.3816,2026-03-21,23.7,16.3,20.0
ba,Buenos Aires,pampa,-34.6037,-58.3816,2026-03-22,23.4,13.1,18.2
ba,Buenos Aires,pampa,-34.6037,-58.3816,2026-03-23,24.1,16.5,20.3
ba,Buenos Aires,pampa,-34.6037,-58.3816,2026-03-24,24.5,11.6,18.1
ba,Buenos Aires,pampa,-34.6037,-58.3816,2026-03-25,25.9,14.0,19.9
ba,Buenos Aires,pampa,-34.6037,-58.3816,2026-03-26,25.8,17.3,21.6
ba,Buenos Aires,pampa,-34.6037,-58.3816,2026-03-27,24.8,20.4,22.6
ba,Buenos Aires,pampa,-34.6037,-58.3816,2026-03-28,25.1,21.5,23.3
ba,Buenos Aires,pampa,-34.6037,-58.3816,2026-03-29,26.3,21.5,23.9
ba,Buenos Aires,pampa,-34.6037,-58.3816,2026-03-30,27.2,22.0,24.6
ba,Buenos Aires,pampa,-34.6037,-58.3816,2026-03-31,30.4,23.1,26.8
ba,Buenos Aires,pampa,-34.6037,-58.3816,2026-04-01,26.1,23.5,24.8
ba,Buenos Aires,pampa,-34.6037,-58.3816,2026-04-02,27.6,22.5,25.1
ba,Buenos Aires,pampa,-34.6037,-58.3816,2026-04-03,31.0,22.0,26.5
ba,Buenos Aires,pampa,-34.6037,-58.3816,2026-04-04,19.6,14.3,17.0
ba,Buenos Aires,pampa,-34.6037,-58.3816,2026-04-05,19.2,11.3,15.2
ba,Buenos Aires,pampa,-34.6037,-58.3816,2026-04-06,19.7,15.6,17.6
ba,Buenos Aires,pampa,-34.6037,-58.3816,2026-04-07,20.2,17.6,18.9
ba,Buenos Aires,pampa,-34.6037,-58.3816,2026-04-08,21.2,16.1,18.6
ba,Buenos Aires,pampa,-34.6037,-58.3816,2026-04-09,20.8,12.5,16.6
ba,Buenos Aires,pampa,-34.6037,-58.3816,2026-04-10,22.3,11.4,16.9
ba,Buenos Aires,pampa,-34.6037,-58.3816,2026-04-11,22.6,16.5,19.6
ba,Buenos Aires,pampa,-34.6037,-58.3816,2026-04-12,25.3,16.0,20.6
ba,Buenos Aires,pampa,-34.6037,-58.3816,2026-04-13,23.0,15.6,19.3
ba,Buenos Aires,pampa,-34.6037,-58.3816,2026-04-14,24.4,19.4,21.9
ba,Buenos Aires,pampa,-34.6037,-58.3816,2026-04-15,22.4,20.3,21.4
ba,Buenos Aires,pampa,-34.6037,-58.3816,2026-04-16,23.6,18.5,21.1
ba,Buenos Aires,pampa,-34.6037,-58.3816,2026-04-17,24.7,17.4,21.0
ba,Buenos Aires,pampa,-34.6037,-58.3816,2026-04-18,27.1,16.5,21.8
ba,Buenos Aires,pampa,-34.6037,-58.3816,2026-04-19,25.8,17.6,21.7
ba,Buenos Aires,pampa,-34.6037,-58.3816,2026-04-20,21.9,19.8,20.9
ba,Buenos Aires,pampa,-34.6037,-58.3816,2026-04-21,21.1,16.7,18.9
ba,Buenos Aires,pampa,-34.6037,-58.3816,2026-04-22,20.3,11.5,15.9
ba,Buenos Aires,pampa,-34.6037,-58.3816,2026-04-23,21.9,12.1,17.0
ba,Buenos Aires,pampa,-34.6037,-58.3816,2026-04-24,21.3,12.4,16.9
ba,Buenos Aires,pampa,-34.6037,-58.3816,2026-04-25,24.8,14.4,19.6
ba,Buenos Aires,pampa,-34.6037,-58.3816,2026-04-26,17.1,10.6,13.9
ba,Buenos Aires,pampa,-34.6037,-58.3816,2026-04-27,16.4,7.9,12.1
ba,Buenos Aires,pampa,-34.6037,-58.3816,2026-04-28,20.1,7.9,14.0
ba,Buenos Aires,pampa,-34.6037,-58.3816,2026-04-29,23.2,12.9,18.1
ba,Buenos Aires,pampa,-34.6037,-58.3816,2026-04-30,22.4,11.3,16.9
ba,Buenos Aires,pampa,-34.6037,-58.3816,2026-05-01,24.0,16.7,20.4
ba,Buenos Aires,pampa,-34.6037,-58.3816,2026-05-02,17.6,10.2,13.9
ba,Buenos Aires,pampa,-34.6037,-58.3816,2026-05-03,17.0,5.2,11.1
ba,Buenos Aires,pampa,-34.6037,-58.3816,2026-05-04,21.4,10.8,16.1
ba,Buenos Aires,pampa,-34.6037,-58.3816,2026-05-05,22.4,14.7,18.5
ba,Buenos Aires,pampa,-34.6037,-58.3816,2026-05-06,23.8,17.6,20.7
ba,Buenos Aires,pampa,-34.6037,-58.3816,2026-05-07,20.2,11.7,15.9
ba,Buenos Aires,pampa,-34.6037,-58.3816,2026-05-08,12.8,8.1,10.4
ba,Buenos Aires,pampa,-34.6037,-58.3816,2026-05-09,12.1,6.6,9.3
ba,Buenos Aires,pampa,-34.6037,-58.3816,2026-05-10,15.0,5.0,10.0
ba,Buenos Aires,pampa,-34.6037,-58.3816,2026-05-11,16.6,4.7,10.7
ba,Buenos Aires,pampa,-34.6037,-58.3816,2026-05-12,21.0,9.6,15.3
ba,Buenos Aires,pampa,-34.6037,-58.3816,2026-05-13,15.1,7.3,11.2
ba,Buenos Aires,pampa,-34.6037,-58.3816,2026-05-14,16.4,8.2,12.3
ba,Buenos Aires,pampa,-34.6037,-58.3816,2026-05-15,16.2,7.4,11.8
ba,Buenos Aires,pampa,-34.6037,-58.3816,2026-05-16,13.7,9.9,11.8
ba,Buenos Aires,pampa,-34.6037,-58.3816,2026-05-17,13.5,7.9,10.7
ba,Buenos Aires,pampa,-34.6037,-58.3816,2026-05-18,15.8,4.7,10.2
ba,Buenos Aires,pampa,-34.6037,-58.3816,2026-05-19,17.2,5.9,11.6
ba,Buenos Aires,pampa,-34.6037,-58.3816,2026-05-20,14.2,7.1,10.6
ba,Buenos Aires,pampa,-34.6037,-58.3816,2026-05-21,12.2,5.9,9.1
ba,Buenos Aires,pampa,-34.6037,-58.3816,2026-05-22,12.1,4.8,8.4
ba,Buenos Aires,pampa,-34.6037,-58.3816,2026-05-23,13.6,8.7,11.1
ba,Buenos Aires,pampa,-34.6037,-58.3816,2026-05-24,14.6,9.9,12.2
ba,Buenos Aires,pampa,-34.6037,-58.3816,2026-05-25,15.9,11.4,13.7
ba,Buenos Aires,pampa,-34.6037,-58.3816,2026-05-26,14.3,7.2,10.8
ba,Buenos Aires,pampa,-34.6037,-58.3816,2026-05-27,13.9,10.4,12.2
ba,Buenos Aires,pampa,-34.6037,-58.3816,2026-05-28,14.1,12.2,13.1
ba,Buenos Aires,pampa,-34.6037,-58.3816,2026-05-29,14.0,10.9,12.4
ba,Buenos Aires,pampa,-34.6037,-58.3816,2026-05-30,15.2,7.1,11.1
ba,Buenos Aires,pampa,-34.6037,-58.3816,2026-05-31,16.0,5.6,10.8
ba,Buenos Aires,pampa,-34.6037,-58.3816,2026-06-01,13.6,11.4,12.5
ba,Buenos Aires,pampa,-34.6037,-58.3816,2026-06-02,14.8,10.6,12.7
ba,Buenos Aires,pampa,-34.6037,-58.3816,2026-06-03,16.6,13.0,14.8
ba,Buenos Aires,pampa,-34.6037,-58.3816,2026-06-04,15.3,13.6,14.4
ba,Buenos Aires,pampa,-34.6037,-58.3816,2026-06-05,17.8,14.0,15.9
ba,Buenos Aires,pampa,-34.6037,-58.3816,2026-06-06,17.2,13.3,15.2
ba,Buenos Aires,pampa,-34.6037,-58.3816,2026-06-07,15.4,13.7,14.6
ba,Buenos Aires,pampa,-34.6037,-58.3816,2026-06-08,14.0,11.1,12.6
ba,Buenos Aires,pampa,-34.6037,-58.3816,2026-06-09,13.0,7.0,10.0
ba,Buenos Aires,pampa,-34.6037,-58.3816,2026-06-10,14.0,11.3,12.7
ba,Buenos Aires,pampa,-34.6037,-58.3816,2026-06-11,16.5,10.3,13.4
ba,Buenos Aires,pampa,-34.6037,-58.3816,2026-06-12,14.5,6.9,10.7
ba,Buenos Aires,pampa,-34.6037,-58.3816,2026-06-13,14.3,7.8,11.1
ba,Buenos Aires,pampa,-34.6037,-58.3816,2026-06-14,9.9,3.2,6.6
ba,Buenos Aires,pampa,-34.6037,-58.3816,2026-06-15,13.4,2.3,7.8
ba,Buenos Aires,pampa,-34.6037,-58.3816,2026-06-16,17.9,7.3,12.6
ba,Buenos Aires,pampa,-34.6037,-58.3816,2026-06-17,13.3,6.4,9.9
ba,Buenos Aires,pampa,-34.6037,-58.3816,2026-06-18,12.7,9.9,11.3
ba,Buenos Aires,pampa,-34.6037,-58.3816,2026-06-19,14.4,8.3,11.4
ba,Buenos Aires,pampa,-34.6037,-58.3816,2026-06-20,14.3,5.6,9.9
ba,Buenos Aires,pampa,-34.6037,-58.3816,2026-06-21,14.0,8.0,11.0
ba,Buenos Aires,pampa,-34.6037,-58.3816,2026-06-22,11.5,6.9,9.2
ba,Buenos Aires,pampa,-34.6037,-58.3816,2026-06-23,12.0,4.0,8.0
ba,Buenos Aires,pampa,-34.6037,-58.3816,2026-06-24,10.6,3.0,6.8
ba,Buenos Aires,pampa,-34.6037,-58.3816,2026-06-25,11.9,6.6,9.2
ba,Buenos Aires,pampa,-34.6037,-58.3816,2026-06-26,12.3,4.5,8.4
ba,Buenos Aires,pampa,-34.6037,-58.3816,2026-06-27,15.0,7.1,11.1
ba,Buenos Aires,pampa,-34.6037,-58.3816,2026-06-28,14.0,7.7,10.8
ba,Buenos Aires,pampa,-34.6037,-58.3816,2026-06-29,14.8,5.2,10.0
ba,Buenos Aires,pampa,-34.6037,-58.3816,2026-06-30,13.1,5.3,9.2
ba,Buenos Aires,pampa,-34.6037,-58.3816,2026-07-01,13.7,3.5,8.6
ba,Buenos Aires,pampa,-34.6037,-58.3816,2026-07-02,8.1,1.7,4.9
ba,Buenos Aires,pampa,-34.6037,-58.3816,2026-07-03,9.1,0.0,4.5
ba,Buenos Aires,pampa,-34.6037,-58.3816,2026-07-04,9.7,1.5,5.6
ba,Buenos Aires,pampa,-34.6037,-58.3816,2026-07-05,9.4,3.9,6.7
ba,Buenos Aires,pampa,-34.6037,-58.3816,2026-07-06,10.9,2.9,6.9
ba,Buenos Aires,pampa,-34.6037,-58.3816,2026-07-07,16.1,2.4,9.2
ba,Buenos Aires,pampa,-34.6037,-58.3816,2026-07-08,14.8,8.5,11.7
ba,Buenos Aires,pampa,-34.6037,-58.3816,2026-07-09,17.5,9.9,13.7
ba,Buenos Aires,pampa,-34.6037,-58.3816,2026-07-10,12.6,9.2,10.9
ba,Buenos Aires,pampa,-34.6037,-58.3816,2026-07-11,13.1,8.9,11.0
ba,Buenos Aires,pampa,-34.6037,-58.3816,2026-07-12,11.2,6.6,8.9
ba,Buenos Aires,pampa,-34.6037,-58.3816,2026-07-13,9.7,3.1,6.4
ba,Buenos Aires,pampa,-34.6037,-58.3816,2026-07-14,13.9,7.8,10.8
ba,Buenos Aires,pampa,-34.6037,-58.3816,2026-07-15,16.9,11.4,14.1
ba,Buenos Aires,pampa,-34.6037,-58.3816,2026-07-16,20.2,15.2,17.7
ba,Buenos Aires,pampa,-34.6037,-58.3816,2026-07-17,23.8,17.4,20.6
ba,Buenos Aires,pampa,-34.6037,-58.3816,2026-07-18,19.0,13.3,16.1
ba,Buenos Aires,pampa,-34.6037,-58.3816,2026-07-19,12.7,9.1,10.9
ba,Buenos Aires,pampa,-34.6037,-58.3816,2026-07-20,13.7,9.6,11.6
ba,Buenos Aires,pampa,-34.6037,-58.3816,2026-07-21,13.0,10.5,11.8
ba,Buenos Aires,pampa,-34.6037,-58.3816,2026-07-22,13.3,8.3,10.8
ba,Buenos Aires,pampa,-34.6037,-58.3816,2026-07-23,13.4,8.4,10.9
ba,Buenos Aires,pampa,-34.6037,-58.3816,2026-07-24,14.9,9.9,12.4
ba,Buenos Aires,pampa,-34.6037,-58.3816,2026-07-25,13.3,10.2,11.8
ba,Buenos Aires,pampa,-34.6037,-58.3816,2026-07-26,17.2,11.4,14.3
ba,Buenos Aires,pampa,-34.6037,-58.3816,2026-07-27,16.3,11.6,13.9
ba,Buenos Aires,pampa,-34.6037,-58.3816,2026-07-28,15.5,10.8,13.2
ba,Buenos Aires,pampa,-34.6037,-58.3816,2026-07-29,14.3,7.9,11.1
ba,Buenos Aires,pampa,-34.6037,-58.3816,2026-07-30,15.3,10.1,12.7
ba,Buenos Aires,pampa,-34.6037,-58.3816,2026-07-31,20.9,14.1,17.5
ba,Buenos Aires,pampa,-34.6037,-58.3816,2026-08-01,18.5,12.6,15.6
ba,Buenos Aires,pampa,-34.6037,-58.3816,2026-08-02,16.2,10.7,13.4
ba,Buenos Aires,pampa,-34.6037,-58.3816,2026-08-03,15.7,12.7,14.2
ba,Buenos Aires,pampa,-34.6037,-58.3816,2026-08-04,14.2,11.5,12.8
ba,Buenos Aires,pampa,-34.6037,-58.3816,2026-08-05,16.4,12.6,14.5
ba,Buenos Aires,pampa,-34.6037,-58.3816,2026-08-06,14.2,8.5,11.3
ba,Buenos Aires,pampa,-34.6037,-58.3816,2026-08-07,12.5,4.8,8.7
ba,Buenos Aires,pampa,-34.6037,-58.3816,2026-08-08,12.6,6.6,9.6
ba,Buenos Aires,pampa,-34.6037,-58.3816,2026-08-09,13.2,4.7,8.9
mendoza,Mendoza,cuyo,-32.8895,-68.8458,2024-08-09,10.8,2.1,6.5
mendoza,Mendoza,cuyo,-32.8895,-68.8458,2024-08-10,16.6,3.1,9.9
mendoza,Mendoza,cuyo,-32.8895,-68.8458,2024-08-11,13.5,8.3,10.9
mendoza,Mendoza,cuyo,-32.8895,-68.8458,2024-08-12,15.3,6.8,11.1
mendoza,Mendoza,cuyo,-32.8895,-68.8458,2024-08-13,19.0,4.6,11.8
mendoza,Mendoza,cuyo,-32.8895,-68.8458,2024-08-14,20.9,7.8,14.3
mendoza,Mendoza,cuyo,-32.8895,-68.8458,2024-08-15,15.7,7.7,11.7
mendoza,Mendoza,cuyo,-32.8895,-68.8458,2024-08-16,14.4,4.7,9.6
mendoza,Mendoza,cuyo,-32.8895,-68.8458,2024-08-17,12.1,5.6,8.8
mendoza,Mendoza,cuyo,-32.8895,-68.8458,2024-08-18,12.8,5.4,9.1
mendoza,Mendoza,cuyo,-32.8895,-68.8458,2024-08-19,8.6,4.9,6.8
mendoza,Mendoza,cuyo,-32.8895,-68.8458,2024-08-20,6.2,3.6,4.9
mendoza,Mendoza,cuyo,-32.8895,-68.8458,2024-08-21,9.1,3.3,6.2
mendoza,Mendoza,cuyo,-32.8895,-68.8458,2024-08-22,9.1,-0.2,4.5
mendoza,Mendoza,cuyo,-32.8895,-68.8458,2024-08-23,11.7,1.4,6.5
mendoza,Mendoza,cuyo,-32.8895,-68.8458,2024-08-24,8.7,2.8,5.8
mendoza,Mendoza,cuyo,-32.8895,-68.8458,2024-08-25,12.9,-0.3,6.3
mendoza,Mendoza,cuyo,-32.8895,-68.8458,2024-08-26,18.5,2.8,10.7
mendoza,Mendoza,cuyo,-32.8895,-68.8458,2024-08-27,16.0,4.3,10.2
mendoza,Mendoza,cuyo,-32.8895,-68.8458,2024-08-28,18.0,7.0,12.5
mendoza,Mendoza,cuyo,-32.8895,-68.8458,2024-08-29,13.7,11.4,12.6
mendoza,Mendoza,cuyo,-32.8895,-68.8458,2024-08-30,13.1,7.1,10.1
mendoza,Mendoza,cuyo,-32.8895,-68.8458,2024-08-31,15.2,5.2,10.2
mendoza,Mendoza,cuyo,-32.8895,-68.8458,2024-09-01,18.1,7.6,12.9
mendoza,Mendoza,cuyo,-32.8895,-68.8458,2024-09-02,26.9,7.4,17.1
mendoza,Mendoza,cuyo,-32.8895,-68.8458,2024-09-03,13.6,7.1,10.3
mendoza,Mendoza,cuyo,-32.8895,-68.8458,2024-09-04,18.0,5.9,11.9
mendoza,Mendoza,cuyo,-32.8895,-68.8458,2024-09-05,19.5,5.8,12.7
mendoza,Mendoza,cuyo,-32.8895,-68.8458,2024-09-06,20.3,10.3,15.3
mendoza,Mendoza,cuyo,-32.8895,-68.8458,2024-09-07,19.7,10.5,15.1
mendoza,Mendoza,cuyo,-32.8895,-68.8458,2024-09-08,18.6,9.1,13.9
mendoza,Mendoza,cuyo,-32.8895,-68.8458,2024-09-09,21.0,12.5,16.8
mendoza,Mendoza,cuyo,-32.8895,-68.8458,2024-09-10,23.0,13.4,18.2
mendoza,Mendoza,cuyo,-32.8895,-68.8458,2024-09-11,18.1,6.4,12.2
mendoza,Mendoza,cuyo,-32.8895,-68.8458,2024-09-12,20.1,6.2,13.2
mendoza,Mendoza,cuyo,-32.8895,-68.8458,2024-09-13,20.5,9.7,15.1
mendoza,Mendoza,cuyo,-32.8895,-68.8458,2024-09-14,19.9,8.0,13.9
mendoza,Mendoza,cuyo,-32.8895,-68.8458,2024-09-15,24.7,9.2,16.9
mendoza,Mendoza,cuyo,-32.8895,-68.8458,2024-09-16,24.2,13.1,18.6
mendoza,Mendoza,cuyo,-32.8895,-68.8458,2024-09-17,27.3,12.3,19.8
mendoza,Mendoza,cuyo,-32.8895,-68.8458,2024-09-18,25.6,16.2,20.9
mendoza,Mendoza,cuyo,-32.8895,-68.8458,2024-09-19,26.4,16.8,21.6
mendoza,Mendoza,cuyo,-32.8895,-68.8458,2024-09-20,20.5,11.5,16.0
mendoza,Mendoza,cuyo,-32.8895,-68.8458,2024-09-21,30.7,15.2,22.9
mendoza,Mendoza,cuyo,-32.8895,-68.8458,2024-09-22,22.3,13.1,17.7
mendoza,Mendoza,cuyo,-32.8895,-68.8458,2024-09-23,20.6,13.5,17.1
mendoza,Mendoza,cuyo,-32.8895,-68.8458,2024-09-24,23.0,10.6,16.8
mendoza,Mendoza,cuyo,-32.8895,-68.8458,2024-09-25,18.9,10.1,14.5
mendoza,Mendoza,cuyo,-32.8895,-68.8458,2024-09-26,19.5,7.6,13.6
mendoza,Mendoza,cuyo,-32.8895,-68.8458,2024-09-27,24.6,10.1,17.4
mendoza,Mendoza,cuyo,-32.8895,-68.8458,2024-09-28,25.5,13.8,19.6
mendoza,Mendoza,cuyo,-32.8895,-68.8458,2024-09-29,29.8,13.5,21.6
mendoza,Mendoza,cuyo,-32.8895,-68.8458,2024-09-30,28.3,17.1,22.7
mendoza,Mendoza,cuyo,-32.8895,-68.8458,2024-10-01,20.0,11.4,15.7
mendoza,Mendoza,cuyo,-32.8895,-68.8458,2024-10-02,15.3,8.5,11.9
mendoza,Mendoza,cuyo,-32.8895,-68.8458,2024-10-03,20.1,10.4,15.2
mendoza,Mendoza,cuyo,-32.8895,-68.8458,2024-10-04,26.9,13.5,20.2
mendoza,Mendoza,cuyo,-32.8895,-68.8458,2024-10-05,28.2,15.3,21.8
mendoza,Mendoza,cuyo,-32.8895,-68.8458,2024-10-06,25.4,16.3,20.9
mendoza,Mendoza,cuyo,-32.8895,-68.8458,2024-10-07,22.6,14.9,18.8
mendoza,Mendoza,cuyo,-32.8895,-68.8458,2024-10-08,15.7,12.3,14.0
mendoza,Mendoza,cuyo,-32.8895,-68.8458,2024-10-09,17.6,11.1,14.4
mendoza,Mendoza,cuyo,-32.8895,-68.8458,2024-10-10,22.5,10.8,16.6
mendoza,Mendoza,cuyo,-32.8895,-68.8458,2024-10-11,21.2,12.2,16.7
mendoza,Mendoza,cuyo,-32.8895,-68.8458,2024-10-12,19.5,12.4,15.9
mendoza,Mendoza,cuyo,-32.8895,-68.8458,2024-10-13,23.1,12.0,17.6
mendoza,Mendoza,cuyo,-32.8895,-68.8458,2024-10-14,24.6,13.7,19.1
mendoza,Mendoza,cuyo,-32.8895,-68.8458,2024-10-15,24.2,15.9,20.1
mendoza,Mendoza,cuyo,-32.8895,-68.8458,2024-10-16,27.9,14.7,21.3
mendoza,Mendoza,cuyo,-32.8895,-68.8458,2024-10-17,23.5,16.5,20.0
mendoza,Mendoza,cuyo,-32.8895,-68.8458,2024-10-18,27.9,15.2,21.5
mendoza,Mendoza,cuyo,-32.8895,-68.8458,2024-10-19,31.4,15.5,23.4
mendoza,Mendoza,cuyo,-32.8895,-68.8458,2024-10-20,33.6,17.6,25.6
mendoza,Mendoza,cuyo,-32.8895,-68.8458,2024-10-21,24.9,15.5,20.2
mendoza,Mendoza,cuyo,-32.8895,-68.8458,2024-10-22,20.8,15.5,18.1
mendoza,Mendoza,cuyo,-32.8895,-68.8458,2024-10-23,22.9,13.0,17.9
mendoza,Mendoza,cuyo,-32.8895,-68.8458,2024-10-24,26.7,10.9,18.8
mendoza,Mendoza,cuyo,-32.8895,-68.8458,2024-10-25,20.8,11.3,16.1
mendoza,Mendoza,cuyo,-32.8895,-68.8458,2024-10-26,25.2,10.4,17.8
mendoza,Mendoza,cuyo,-32.8895,-68.8458,2024-10-27,30.1,12.6,21.4
mendoza,Mendoza,cuyo,-32.8895,-68.8458,2024-10-28,31.8,15.3,23.6
mendoza,Mendoza,cuyo,-32.8895,-68.8458,2024-10-29,33.5,18.7,26.1
mendoza,Mendoza,cuyo,-32.8895,-68.8458,2024-10-30,34.1,19.8,27.0
mendoza,Mendoza,cuyo,-32.8895,-68.8458,2024-10-31,31.5,22.0,26.8
mendoza,Mendoza,cuyo,-32.8895,-68.8458,2024-11-01,35.1,17.9,26.5
mendoza,Mendoza,cuyo,-32.8895,-68.8458,2024-11-02,24.2,16.9,20.5
mendoza,Mendoza,cuyo,-32.8895,-68.8458,2024-11-03,27.2,12.6,19.9
mendoza,Mendoza,cuyo,-32.8895,-68.8458,2024-11-04,25.2,15.3,20.2
mendoza,Mendoza,cuyo,-32.8895,-68.8458,2024-11-05,28.2,14.9,21.6
mendoza,Mendoza,cuyo,-32.8895,-68.8458,2024-11-06,28.1,16.6,22.4
mendoza,Mendoza,cuyo,-32.8895,-68.8458,2024-11-07,26.9,15.1,21.0
mendoza,Mendoza,cuyo,-32.8895,-68.8458,2024-11-08,29.2,16.9,23.0
mendoza,Mendoza,cuyo,-32.8895,-68.8458,2024-11-09,32.1,18.3,25.2
mendoza,Mendoza,cuyo,-32.8895,-68.8458,2024-11-10,27.7,17.8,22.8
mendoza,Mendoza,cuyo,-32.8895,-68.8458,2024-11-11,24.0,12.9,18.4
mendoza,Mendoza,cuyo,-32.8895,-68.8458,2024-11-12,28.8,13.2,21.0
mendoza,Mendoza,cuyo,-32.8895,-68.8458,2024-11-13,31.7,18.2,24.9
mendoza,Mendoza,cuyo,-32.8895,-68.8458,2024-11-14,33.3,21.3,27.3
mendoza,Mendoza,cuyo,-32.8895,-68.8458,2024-11-15,36.3,22.1,29.2
mendoza,Mendoza,cuyo,-32.8895,-68.8458,2024-11-16,28.0,18.6,23.3
mendoza,Mendoza,cuyo,-32.8895,-68.8458,2024-11-17,20.7,13.1,16.9
mendoza,Mendoza,cuyo,-32.8895,-68.8458,2024-11-18,25.8,11.2,18.5
mendoza,Mendoza,cuyo,-32.8895,-68.8458,2024-11-19,29.3,14.4,21.9
mendoza,Mendoza,cuyo,-32.8895,-68.8458,2024-11-20,25.7,18.2,21.9
mendoza,Mendoza,cuyo,-32.8895,-68.8458,2024-11-21,27.9,16.4,22.1
mendoza,Mendoza,cuyo,-32.8895,-68.8458,2024-11-22,32.4,20.0,26.2
mendoza,Mendoza,cuyo,-32.8895,-68.8458,2024-11-23,29.5,21.9,25.7
mendoza,Mendoza,cuyo,-32.8895,-68.8458,2024-11-24,30.1,21.3,25.7
mendoza,Mendoza,cuyo,-32.8895,-68.8458,2024-11-25,30.6,20.4,25.5
mendoza,Mendoza,cuyo,-32.8895,-68.8458,2024-11-26,27.0,20.5,23.8
mendoza,Mendoza,cuyo,-32.8895,-68.8458,2024-11-27,27.5,17.7,22.6
mendoza,Mendoza,cuyo,-32.8895,-68.8458,2024-11-28,29.2,16.6,22.9
mendoza,Mendoza,cuyo,-32.8895,-68.8458,2024-11-29,27.3,16.4,21.9
mendoza,Mendoza,cuyo,-32.8895,-68.8458,2024-11-30,29.8,16.1,23.0
mendoza,Mendoza,cuyo,-32.8895,-68.8458,2024-12-01,26.5,17.7,22.1
mendoza,Mendoza,cuyo,-32.8895,-68.8458,2024-12-02,25.3,15.2,20.2
mendoza,Mendoza,cuyo,-32.8895,-68.8458,2024-12-03,29.1,14.7,21.9
mendoza,Mendoza,cuyo,-32.8895,-68.8458,2024-12-04,31.8,17.0,24.4
mendoza,Mendoza,cuyo,-32.8895,-68.8458,2024-12-05,29.6,20.7,25.1
mendoza,Mendoza,cuyo,-32.8895,-68.8458,2024-12-06,26.4,16.5,21.4
mendoza,Mendoza,cuyo,-32.8895,-68.8458,2024-12-07,21.8,11.7,16.8
mendoza,Mendoza,cuyo,-32.8895,-68.8458,2024-12-08,26.8,12.8,19.8
mendoza,Mendoza,cuyo,-32.8895,-68.8458,2024-12-09,29.1,16.2,22.6
mendoza,Mendoza,cuyo,-32.8895,-68.8458,2024-12-10,33.6,19.7,26.6
mendoza,Mendoza,cuyo,-32.8895,-68.8458,2024-12-11,33.4,21.4,27.4
mendoza,Mendoza,cuyo,-32.8895,-68.8458,2024-12-12,30.9,20.5,25.7
mendoza,Mendoza,cuyo,-32.8895,-68.8458,2024-12-13,30.9,17.6,24.2
mendoza,Mendoza,cuyo,-32.8895,-68.8458,2024-12-14,34.2,21.0,27.6
mendoza,Mendoza,cuyo,-32.8895,-68.8458,2024-12-15,33.0,22.6,27.8
mendoza,Mendoza,cuyo,-32.8895,-68.8458,2024-12-16,31.1,21.9,26.5
mendoza,Mendoza,cuyo,-32.8895,-68.8458,2024-12-17,30.2,20.6,25.4
mendoza,Mendoza,cuyo,-32.8895,-68.8458,2024-12-18,29.9,18.4,24.1
mendoza,Mendoza,cuyo,-32.8895,-68.8458,2024-12-19,33.4,18.7,26.0
mendoza,Mendoza,cuyo,-32.8895,-68.8458,2024-12-20,28.7,21.9,25.3
mendoza,Mendoza,cuyo,-32.8895,-68.8458,2024-12-21,29.9,18.1,24.0
mendoza,Mendoza,cuyo,-32.8895,-68.8458,2024-12-22,33.5,19.5,26.5
mendoza,Mendoza,cuyo,-32.8895,-68.8458,2024-12-23,34.4,22.7,28.5
mendoza,Mendoza,cuyo,-32.8895,-68.8458,2024-12-24,30.1,20.1,25.1
mendoza,Mendoza,cuyo,-32.8895,-68.8458,2024-12-25,30.8,18.3,24.6
mendoza,Mendoza,cuyo,-32.8895,-68.8458,2024-12-26,33.8,19.6,26.7
mendoza,Mendoza,cuyo,-32.8895,-68.8458,2024-12-27,34.4,22.3,28.4
mendoza,Mendoza,cuyo,-32.8895,-68.8458,2024-12-28,32.0,22.7,27.4
mendoza,Mendoza,cuyo,-32.8895,-68.8458,2024-12-29,34.2,21.7,28.0
mendoza,Mendoza,cuyo,-32.8895,-68.8458,2024-12-30,32.0,20.2,26.1
mendoza,Mendoza,cuyo,-32.8895,-68.8458,2024-12-31,32.2,23.0,27.6
mendoza,Mendoza,cuyo,-32.8895,-68.8458,2025-01-01,28.6,21.1,24.9
mendoza,Mendoza,cuyo,-32.8895,-68.8458,2025-01-02,33.4,22.1,27.8
mendoza,Mendoza,cuyo,-32.8895,-68.8458,2025-01-03,35.2,22.4,28.8
mendoza,Mendoza,cuyo,-32.8895,-68.8458,2025-01-04,36.0,24.5,30.2
mendoza,Mendoza,cuyo,-32.8895,-68.8458,2025-01-05,31.7,24.3,28.0
mendoza,Mendoza,cuyo,-32.8895,-68.8458,2025-01-06,32.9,22.8,27.9
mendoza,Mendoza,cuyo,-32.8895,-68.8458,2025-01-07,33.5,23.3,28.4
mendoza,Mendoza,cuyo,-32.8895,-68.8458,2025-01-08,31.8,22.4,27.1
mendoza,Mendoza,cuyo,-32.8895,-68.8458,2025-01-09,28.5,20.8,24.6
mendoza,Mendoza,cuyo,-32.8895,-68.8458,2025-01-10,26.3,20.3,23.3
mendoza,Mendoza,cuyo,-32.8895,-68.8458,2025-01-11,26.6,19.1,22.9
mendoza,Mendoza,cuyo,-32.8895,-68.8458,2025-01-12,34.4,19.2,26.8
mendoza,Mendoza,cuyo,-32.8895,-68.8458,2025-01-13,34.3,22.0,28.1
mendoza,Mendoza,cuyo,-32.8895,-68.8458,2025-01-14,36.5,23.7,30.1
mendoza,Mendoza,cuyo,-32.8895,-68.8458,2025-01-15,35.1,26.6,30.9
mendoza,Mendoza,cuyo,-32.8895,-68.8458,2025-01-16,30.5,22.9,26.7
mendoza,Mendoza,cuyo,-32.8895,-68.8458,2025-01-17,32.2,20.2,26.2
mendoza,Mendoza,cuyo,-32.8895,-68.8458,2025-01-18,27.2,19.3,23.2
mendoza,Mendoza,cuyo,-32.8895,-68.8458,2025-01-19,29.2,17.0,23.1
mendoza,Mendoza,cuyo,-32.8895,-68.8458,2025-01-20,32.5,17.7,25.1
mendoza,Mendoza,cuyo,-32.8895,-68.8458,2025-01-21,34.0,21.0,27.5
mendoza,Mendoza,cuyo,-32.8895,-68.8458,2025-01-22,37.1,22.7,29.9
mendoza,Mendoza,cuyo,-32.8895,-68.8458,2025-01-23,35.3,22.2,28.8
mendoza,Mendoza,cuyo,-32.8895,-68.8458,2025-01-24,31.6,23.7,27.6
mendoza,Mendoza,cuyo,-32.8895,-68.8458,2025-01-25,34.2,20.7,27.5
mendoza,Mendoza,cuyo,-32.8895,-68.8458,2025-01-26,33.3,21.5,27.4
mendoza,Mendoza,cuyo,-32.8895,-68.8458,2025-01-27,28.1,21.4,24.8
mendoza,Mendoza,cuyo,-32.8895,-68.8458,2025-01-28,29.6,20.5,25.1
mendoza,Mendoza,cuyo,-32.8895,-68.8458,2025-01-29,33.9,20.0,26.9
mendoza,Mendoza,cuyo,-32.8895,-68.8458,2025-01-30,35.0,21.5,28.2
mendoza,Mendoza,cuyo,-32.8895,-68.8458,2025-01-31,36.4,22.9,29.6
mendoza,Mendoza,cuyo,-32.8895,-68.8458,2025-02-01,36.8,25.5,31.1
mendoza,Mendoza,cuyo,-32.8895,-68.8458,2025-02-02,37.5,25.3,31.4
mendoza,Mendoza,cuyo,-32.8895,-68.8458,2025-02-03,31.8,24.2,28.0
mendoza,Mendoza,cuyo,-32.8895,-68.8458,2025-02-04,31.1,22.1,26.6
mendoza,Mendoza,cuyo,-32.8895,-68.8458,2025-02-05,34.2,19.9,27.1
mendoza,Mendoza,cuyo,-32.8895,-68.8458,2025-02-06,36.1,21.9,29.0
mendoza,Mendoza,cuyo,-32.8895,-68.8458,2025-02-07,38.4,25.5,31.9
mendoza,Mendoza,cuyo,-32.8895,-68.8458,2025-02-08,36.2,27.9,32.0
mendoza,Mendoza,cuyo,-32.8895,-68.8458,2025-02-09,35.9,26.8,31.4
mendoza,Mendoza,cuyo,-32.8895,-68.8458,2025-02-10,40.9,25.8,33.4
mendoza,Mendoza,cuyo,-32.8895,-68.8458,2025-02-11,30.3,22.7,26.5
mendoza,Mendoza,cuyo,-32.8895,-68.8458,2025-02-12,31.1,19.9,25.5
mendoza,Mendoza,cuyo,-32.8895,-68.8458,2025-02-13,31.8,19.3,25.6
mendoza,Mendoza,cuyo,-32.8895,-68.8458,2025-02-14,34.1,23.3,28.7
mendoza,Mendoza,cuyo,-32.8895,-68.8458,2025-02-15,32.3,22.8,27.5
mendoza,Mendoza,cuyo,-32.8895,-68.8458,2025-02-16,29.7,20.6,25.1
mendoza,Mendoza,cuyo,-32.8895,-68.8458,2025-02-17,29.4,20.8,25.1
mendoza,Mendoza,cuyo,-32.8895,-68.8458,2025-02-18,29.3,16.1,22.7
mendoza,Mendoza,cuyo,-32.8895,-68.8458,2025-02-19,33.2,19.6,26.4
mendoza,Mendoza,cuyo,-32.8895,-68.8458,2025-02-20,33.3,21.7,27.5
mendoza,Mendoza,cuyo,-32.8895,-68.8458,2025-02-21,36.0,25.1,30.6
mendoza,Mendoza,cuyo,-32.8895,-68.8458,2025-02-22,38.2,26.5,32.4
mendoza,Mendoza,cuyo,-32.8895,-68.8458,2025-02-23,34.2,27.5,30.9
mendoza,Mendoza,cuyo,-32.8895,-68.8458,2025-02-24,33.1,25.2,29.1
mendoza,Mendoza,cuyo,-32.8895,-68.8458,2025-02-25,31.4,21.8,26.6
mendoza,Mendoza,cuyo,-32.8895,-68.8458,2025-02-26,28.7,21.9,25.3
mendoza,Mendoza,cuyo,-32.8895,-68.8458,2025-02-27,28.0,19.0,23.5
mendoza,Mendoza,cuyo,-32.8895,-68.8458,2025-02-28,26.7,19.0,22.9
mendoza,Mendoza,cuyo,-32.8895,-68.8458,2025-03-01,27.6,19.5,23.6
mendoza,Mendoza,cuyo,-32.8895,-68.8458,2025-03-02,27.9,18.5,23.2
mendoza,Mendoza,cuyo,-32.8895,-68.8458,2025-03-03,28.5,20.6,24.6
mendoza,Mendoza,cuyo,-32.8895,-68.8458,2025-03-04,27.8,18.2,23.0
mendoza,Mendoza,cuyo,-32.8895,-68.8458,2025-03-05,28.0,20.5,24.2
mendoza,Mendoza,cuyo,-32.8895,-68.8458,2025-03-06,25.6,18.4,22.0
mendoza,Mendoza,cuyo,-32.8895,-68.8458,2025-03-07,28.9,20.0,24.4
mendoza,Mendoza,cuyo,-32.8895,-68.8458,2025-03-08,20.7,12.4,16.6
mendoza,Mendoza,cuyo,-32.8895,-68.8458,2025-03-09,19.7,10.6,15.1
mendoza,Mendoza,cuyo,-32.8895,-68.8458,2025-03-10,26.4,12.7,19.5
mendoza,Mendoza,cuyo,-32.8895,-68.8458,2025-03-11,23.2,16.3,19.8
mendoza,Mendoza,cuyo,-32.8895,-68.8458,2025-03-12,19.4,13.1,16.2
mendoza,Mendoza,cuyo,-32.8895,-68.8458,2025-03-13,22.6,11.2,16.9
mendoza,Mendoza,cuyo,-32.8895,-68.8458,2025-03-14,23.4,13.8,18.6
mendoza,Mendoza,cuyo,-32.8895,-68.8458,2025-03-15,24.8,14.3,19.6
mendoza,Mendoza,cuyo,-32.8895,-68.8458,2025-03-16,26.3,16.5,21.4
mendoza,Mendoza,cuyo,-32.8895,-68.8458,2025-03-17,28.4,16.7,22.5
mendoza,Mendoza,cuyo,-32.8895,-68.8458,2025-03-18,28.5,19.4,23.9
mendoza,Mendoza,cuyo,-32.8895,-68.8458,2025-03-19,30.5,18.7,24.6
mendoza,Mendoza,cuyo,-32.8895,-68.8458,2025-03-20,29.6,21.9,25.8
mendoza,Mendoza,cuyo,-32.8895,-68.8458,2025-03-21,29.2,19.7,24.4
mendoza,Mendoza,cuyo,-32.8895,-68.8458,2025-03-22,26.1,17.6,21.9
mendoza,Mendoza,cuyo,-32.8895,-68.8458,2025-03-23,17.3,9.1,13.2
mendoza,Mendoza,cuyo,-32.8895,-68.8458,2025-03-24,14.8,8.2,11.5
mendoza,Mendoza,cuyo,-32.8895,-68.8458,2025-03-25,16.2,7.7,11.9
mendoza,Mendoza,cuyo,-32.8895,-68.8458,2025-03-26,21.8,10.7,16.2
mendoza,Mendoza,cuyo,-32.8895,-68.8458,2025-03-27,23.5,12.8,18.1
mendoza,Mendoza,cuyo,-32.8895,-68.8458,2025-03-28,20.4,14.3,17.4
mendoza,Mendoza,cuyo,-32.8895,-68.8458,2025-03-29,22.7,15.3,19.0
mendoza,Mendoza,cuyo,-32.8895,-68.8458,2025-03-30,25.7,15.1,20.4
mendoza,Mendoza,cuyo,-32.8895,-68.8458,2025-03-31,16.4,9.8,13.1
mendoza,Mendoza,cuyo,-32.8895,-68.8458,2025-04-01,18.2,6.1,12.1
mendoza,Mendoza,cuyo,-32.8895,-68.8458,2025-04-02,22.3,10.3,16.3
mendoza,Mendoza,cuyo,-32.8895,-68.8458,2025-04-03,18.0,12.4,15.2
mendoza,Mendoza,cuyo,-32.8895,-68.8458,2025-04-04,13.7,7.7,10.7
mendoza,Mendoza,cuyo,-32.8895,-68.8458,2025-04-05,16.6,5.8,11.2
mendoza,Mendoza,cuyo,-32.8895,-68.8458,2025-04-06,20.6,8.6,14.6
mendoza,Mendoza,cuyo,-32.8895,-68.8458,2025-04-07,21.6,10.1,15.9
mendoza,Mendoza,cuyo,-32.8895,-68.8458,2025-04-08,19.7,10.4,15.1
mendoza,Mendoza,cuyo,-32.8895,-68.8458,2025-04-09,21.9,11.0,16.4
mendoza,Mendoza,cuyo,-32.8895,-68.8458,2025-04-10,23.8,12.3,18.1
mendoza,Mendoza,cuyo,-32.8895,-68.8458,2025-04-11,18.6,11.6,15.1
mendoza,Mendoza,cuyo,-32.8895,-68.8458,2025-04-12,16.3,10.4,13.4
mendoza,Mendoza,cuyo,-32.8895,-68.8458,2025-04-13,18.4,9.3,13.8
mendoza,Mendoza,cuyo,-32.8895,-68.8458,2025-04-14,22.9,11.8,17.4
mendoza,Mendoza,cuyo,-32.8895,-68.8458,2025-04-15,16.8,11.9,14.4
mendoza,Mendoza,cuyo,-32.8895,-68.8458,2025-04-16,20.0,8.9,14.4
mendoza,Mendoza,cuyo,-32.8895,-68.8458,2025-04-17,20.6,12.8,16.7
mendoza,Mendoza,cuyo,-32.8895,-68.8458,2025-04-18,17.0,12.1,14.6
mendoza,Mendoza,cuyo,-32.8895,-68.8458,2025-04-19,15.8,8.2,12.0
mendoza,Mendoza,cuyo,-32.8895,-68.8458,2025-04-20,19.8,8.7,14.2
mendoza,Mendoza,cuyo,-32.8895,-68.8458,2025-04-21,21.2,8.8,15.0
mendoza,Mendoza,cuyo,-32.8895,-68.8458,2025-04-22,21.7,10.8,16.2
mendoza,Mendoza,cuyo,-32.8895,-68.8458,2025-04-23,22.6,14.2,18.4
mendoza,Mendoza,cuyo,-32.8895,-68.8458,2025-04-24,20.4,12.6,16.5
mendoza,Mendoza,cuyo,-32.8895,-68.8458,2025-04-25,24.0,13.3,18.6
mendoza,Mendoza,cuyo,-32.8895,-68.8458,2025-04-26,16.8,10.3,13.6
mendoza,Mendoza,cuyo,-32.8895,-68.8458,2025-04-27,19.9,9.0,14.4
mendoza,Mendoza,cuyo,-32.8895,-68.8458,2025-04-28,20.8,10.1,15.4
mendoza,Mendoza,cuyo,-32.8895,-68.8458,2025-04-29,22.8,10.2,16.5
mendoza,Mendoza,cuyo,-32.8895,-68.8458,2025-04-30,21.8,10.7,16.2
mendoza,Mendoza,cuyo,-32.8895,-68.8458,2025-05-01,22.4,11.2,16.8
mendoza,Mendoza,cuyo,-32.8895,-68.8458,2025-05-02,19.5,11.5,15.5
mendoza,Mendoza,cuyo,-32.8895,-68.8458,2025-05-03,22.0,11.7,16.9
mendoza,Mendoza,cuyo,-32.8895,-68.8458,2025-05-04,20.1,13.2,16.6
mendoza,Mendoza,cuyo,-32.8895,-68.8458,2025-05-05,17.5,7.9,12.7
mendoza,Mendoza,cuyo,-32.8895,-68.8458,2025-05-06,20.6,8.2,14.4
mendoza,Mendoza,cuyo,-32.8895,-68.8458,2025-05-07,19.9,11.9,15.9
mendoza,Mendoza,cuyo,-32.8895,-68.8458,2025-05-08,18.0,11.8,14.9
mendoza,Mendoza,cuyo,-32.8895,-68.8458,2025-05-09,20.4,10.1,15.2
mendoza,Mendoza,cuyo,-32.8895,-68.8458,2025-05-10,22.4,11.2,16.8
mendoza,Mendoza,cuyo,-32.8895,-68.8458,2025-05-11,20.3,10.1,15.2
mendoza,Mendoza,cuyo,-32.8895,-68.8458,2025-05-12,23.1,12.8,18.0
mendoza,Mendoza,cuyo,-32.8895,-68.8458,2025-05-13,19.8,9.9,14.9
mendoza,Mendoza,cuyo,-32.8895,-68.8458,2025-05-14,20.8,12.8,16.8
mendoza,Mendoza,cuyo,-32.8895,-68.8458,2025-05-15,22.3,11.2,16.8
mendoza,Mendoza,cuyo,-32.8895,-68.8458,2025-05-16,21.8,13.8,17.8
mendoza,Mendoza,cuyo,-32.8895,-68.8458,2025-05-17,28.7,12.0,20.4
mendoza,Mendoza,cuyo,-32.8895,-68.8458,2025-05-18,14.5,8.2,11.3
mendoza,Mendoza,cuyo,-32.8895,-68.8458,2025-05-19,16.2,7.4,11.8
mendoza,Mendoza,cuyo,-32.8895,-68.8458,2025-05-20,13.8,5.3,9.6
mendoza,Mendoza,cuyo,-32.8895,-68.8458,2025-05-21,16.1,5.7,10.9
mendoza,Mendoza,cuyo,-32.8895,-68.8458,2025-05-22,13.3,6.6,9.9
mendoza,Mendoza,cuyo,-32.8895,-68.8458,2025-05-23,14.5,4.8,9.7
mendoza,Mendoza,cuyo,-32.8895,-68.8458,2025-05-24,17.8,8.9,13.4
mendoza,Mendoza,cuyo,-32.8895,-68.8458,2025-05-25,17.0,6.0,11.5
mendoza,Mendoza,cuyo,-32.8895,-68.8458,2025-05-26,20.0,9.5,14.8
mendoza,Mendoza,cuyo,-32.8895,-68.8458,2025-05-27,12.7,4.4,8.6
mendoza,Mendoza,cuyo,-32.8895,-68.8458,2025-05-28,8.9,0.2,4.5
mendoza,Mendoza,cuyo,-32.8895,-68.8458,2025-05-29,11.4,2.7,7.1
mendoza,Mendoza,cuyo,-32.8895,-68.8458,2025-05-30,16.5,3.6,10.1
mendoza,Mendoza,cuyo,-32.8895,-68.8458,2025-05-31,11.1,4.2,7.7
mendoza,Mendoza,cuyo,-32.8895,-68.8458,2025-06-01,12.1,3.3,7.7
mendoza,Mendoza,cuyo,-32.8895,-68.8458,2025-06-02,15.6,6.6,11.1
mendoza,Mendoza,cuyo,-32.8895,-68.8458,2025-06-03,14.1,6.6,10.3
mendoza,Mendoza,cuyo,-32.8895,-68.8458,2025-06-04,20.7,7.7,14.2
mendoza,Mendoza,cuyo,-32.8895,-68.8458,2025-06-05,16.7,8.1,12.4
mendoza,Mendoza,cuyo,-32.8895,-68.8458,2025-06-06,16.2,7.7,11.9
mendoza,Mendoza,cuyo,-32.8895,-68.8458,2025-06-07,19.9,8.0,13.9
mendoza,Mendoza,cuyo,-32.8895,-68.8458,2025-06-08,13.2,5.2,9.2
mendoza,Mendoza,cuyo,-32.8895,-68.8458,2025-06-09,13.1,4.3,8.7
mendoza,Mendoza,cuyo,-32.8895,-68.8458,2025-06-10,15.2,5.5,10.3
mendoza,Mendoza,cuyo,-32.8895,-68.8458,2025-06-11,13.2,3.8,8.5
mendoza,Mendoza,cuyo,-32.8895,-68.8458,2025-06-12,15.5,4.7,10.1
mendoza,Mendoza,cuyo,-32.8895,-68.8458,2025-06-13,12.6,8.0,10.3
mendoza,Mendoza,cuyo,-32.8895,-68.8458,2025-06-14,11.7,5.0,8.3
mendoza,Mendoza,cuyo,-32.8895,-68.8458,2025-06-15,16.1,3.9,10.0
mendoza,Mendoza,cuyo,-32.8895,-68.8458,2025-06-16,14.9,8.5,11.7
mendoza,Mendoza,cuyo,-32.8895,-68.8458,2025-06-17,12.3,6.8,9.6
mendoza,Mendoza,cuyo,-32.8895,-68.8458,2025-06-18,13.0,5.4,9.2
mendoza,Mendoza,cuyo,-32.8895,-68.8458,2025-06-19,12.8,4.0,8.4
mendoza,Mendoza,cuyo,-32.8895,-68.8458,2025-06-20,13.6,4.5,9.1
mendoza,Mendoza,cuyo,-32.8895,-68.8458,2025-06-21,12.2,4.0,8.1
mendoza,Mendoza,cuyo,-32.8895,-68.8458,2025-06-22,14.1,4.5,9.3
mendoza,Mendoza,cuyo,-32.8895,-68.8458,2025-06-23,7.1,-0.5,3.3
mendoza,Mendoza,cuyo,-32.8895,-68.8458,2025-06-24,10.8,1.0,5.9
mendoza,Mendoza,cuyo,-32.8895,-68.8458,2025-06-25,11.6,3.9,7.8
mendoza,Mendoza,cuyo,-32.8895,-68.8458,2025-06-26,11.3,2.2,6.8
mendoza,Mendoza,cuyo,-32.8895,-68.8458,2025-06-27,10.5,3.5,7.0
mendoza,Mendoza,cuyo,-32.8895,-68.8458,2025-06-28,8.9,1.8,5.4
mendoza,Mendoza,cuyo,-32.8895,-68.8458,2025-06-29,1.5,-2.0,-0.2
mendoza,Mendoza,cuyo,-32.8895,-68.8458,2025-06-30,0.7,-5.9,-2.6
mendoza,Mendoza,cuyo,-32.8895,-68.8458,2025-07-01,4.3,-3.1,0.6
mendoza,Mendoza,cuyo,-32.8895,-68.8458,2025-07-02,7.6,-0.7,3.4
mendoza,Mendoza,cuyo,-32.8895,-68.8458,2025-07-03,11.0,0.6,5.8
mendoza,Mendoza,cuyo,-32.8895,-68.8458,2025-07-04,14.4,4.1,9.2
mendoza,Mendoza,cuyo,-32.8895,-68.8458,2025-07-05,11.8,3.1,7.5
mendoza,Mendoza,cuyo,-32.8895,-68.8458,2025-07-06,13.6,3.0,8.3
mendoza,Mendoza,cuyo,-32.8895,-68.8458,2025-07-07,14.7,6.1,10.4
mendoza,Mendoza,cuyo,-32.8895,-68.8458,2025-07-08,15.8,3.9,9.8
mendoza,Mendoza,cuyo,-32.8895,-68.8458,2025-07-09,12.9,7.5,10.2
mendoza,Mendoza,cuyo,-32.8895,-68.8458,2025-07-10,11.0,4.9,8.0
mendoza,Mendoza,cuyo,-32.8895,-68.8458,2025-07-11,13.0,3.7,8.3
mendoza,Mendoza,cuyo,-32.8895,-68.8458,2025-07-12,13.0,4.0,8.5
mendoza,Mendoza,cuyo,-32.8895,-68.8458,2025-07-13,12.1,4.3,8.2
mendoza,Mendoza,cuyo,-32.8895,-68.8458,2025-07-14,13.9,2.4,8.2
mendoza,Mendoza,cuyo,-32.8895,-68.8458,2025-07-15,17.9,5.7,11.8
mendoza,Mendoza,cuyo,-32.8895,-68.8458,2025-07-16,13.3,5.0,9.2
mendoza,Mendoza,cuyo,-32.8895,-68.8458,2025-07-17,14.8,3.2,9.0
mendoza,Mendoza,cuyo,-32.8895,-68.8458,2025-07-18,16.0,5.0,10.5
mendoza,Mendoza,cuyo,-32.8895,-68.8458,2025-07-19,19.2,7.7,13.4
mendoza,Mendoza,cuyo,-32.8895,-68.8458,2025-07-20,16.1,6.7,11.4
mendoza,Mendoza,cuyo,-32.8895,-68.8458,2025-07-21,12.9,4.6,8.8
mendoza,Mendoza,cuyo,-32.8895,-68.8458,2025-07-22,11.7,6.7,9.2
mendoza,Mendoza,cuyo,-32.8895,-68.8458,2025-07-23,10.9,3.0,7.0
mendoza,Mendoza,cuyo,-32.8895,-68.8458,2025-07-24,11.3,0.6,6.0
mendoza,Mendoza,cuyo,-32.8895,-68.8458,2025-07-25,13.5,4.0,8.8
mendoza,Mendoza,cuyo,-32.8895,-68.8458,2025-07-26,8.6,3.3,5.9
mendoza,Mendoza,cuyo,-32.8895,-68.8458,2025-07-27,8.1,0.2,4.1
mendoza,Mendoza,cuyo,-32.8895,-68.8458,2025-07-28,8.9,0.5,4.7
mendoza,Mendoza,cuyo,-32.8895,-68.8458,2025-07-29,11.9,1.9,6.9
mendoza,Mendoza,cuyo,-32.8895,-68.8458,2025-07-30,12.7,4.5,8.6
mendoza,Mendoza,cuyo,-32.8895,-68.8458,2025-07-31,17.5,6.0,11.8
mendoza,Mendoza,cuyo,-32.8895,-68.8458,2025-08-01,15.2,8.2,11.7
mendoza,Mendoza,cuyo,-32.8895,-68.8458,2025-08-02,15.1,6.4,10.8
mendoza,Mendoza,cuyo,-32.8895,-68.8458,2025-08-03,11.5,6.0,8.8
mendoza,Mendoza,cuyo,-32.8895,-68.8458,2025-08-04,10.9,3.5,7.2
mendoza,Mendoza,cuyo,-32.8895,-68.8458,2025-08-05,13.8,2.8,8.3
mendoza,Mendoza,cuyo,-32.8895,-68.8458,2025-08-06,17.7,5.7,11.7
mendoza,Mendoza,cuyo,-32.8895,-68.8458,2025-08-07,10.9,8.3,9.6
mendoza,Mendoza,cuyo,-32.8895,-68.8458,2025-08-08,13.2,4.3,8.8
mendoza,Mendoza,cuyo,-32.8895,-68.8458,2025-08-09,15.1,3.3,9.2
mendoza,Mendoza,cuyo,-32.8895,-68.8458,2025-08-10,19.5,7.1,13.3
mendoza,Mendoza,cuyo,-32.8895,-68.8458,2025-08-11,19.8,8.6,14.2
mendoza,Mendoza,cuyo,-32.8895,-68.8458,2025-08-12,22.3,8.4,15.4
mendoza,Mendoza,cuyo,-32.8895,-68.8458,2025-08-13,15.6,7.3,11.4
mendoza,Mendoza,cuyo,-32.8895,-68.8458,2025-08-14,12.9,4.3,8.6
mendoza,Mendoza,cuyo,-32.8895,-68.8458,2025-08-15,14.9,6.4,10.7
mendoza,Mendoza,cuyo,-32.8895,-68.8458,2025-08-16,15.9,6.6,11.2
mendoza,Mendoza,cuyo,-32.8895,-68.8458,2025-08-17,13.9,5.1,9.5
mendoza,Mendoza,cuyo,-32.8895,-68.8458,2025-08-18,16.5,10.2,13.3
mendoza,Mendoza,cuyo,-32.8895,-68.8458,2025-08-19,18.7,5.8,12.2
mendoza,Mendoza,cuyo,-32.8895,-68.8458,2025-08-20,14.6,7.2,10.9
mendoza,Mendoza,cuyo,-32.8895,-68.8458,2025-08-21,22.1,9.3,15.7
mendoza,Mendoza,cuyo,-32.8895,-68.8458,2025-08-22,16.5,6.5,11.5
mendoza,Mendoza,cuyo,-32.8895,-68.8458,2025-08-23,12.0,3.5,7.8
mendoza,Mendoza,cuyo,-32.8895,-68.8458,2025-08-24,17.7,3.4,10.5
mendoza,Mendoza,cuyo,-32.8895,-68.8458,2025-08-25,21.7,8.8,15.2
mendoza,Mendoza,cuyo,-32.8895,-68.8458,2025-08-26,21.9,9.7,15.8
mendoza,Mendoza,cuyo,-32.8895,-68.8458,2025-08-27,22.8,10.8,16.8
mendoza,Mendoza,cuyo,-32.8895,-68.8458,2025-08-28,21.7,10.3,16.0
mendoza,Mendoza,cuyo,-32.8895,-68.8458,2025-08-29,23.2,11.9,17.6
mendoza,Mendoza,cuyo,-32.8895,-68.8458,2025-08-30,16.2,7.4,11.8
mendoza,Mendoza,cuyo,-32.8895,-68.8458,2025-08-31,7.3,2.7,5.0
mendoza,Mendoza,cuyo,-32.8895,-68.8458,2025-09-01,13.2,3.0,8.1
mendoza,Mendoza,cuyo,-32.8895,-68.8458,2025-09-02,16.4,4.2,10.3
mendoza,Mendoza,cuyo,-32.8895,-68.8458,2025-09-03,12.7,6.1,9.4
mendoza,Mendoza,cuyo,-32.8895,-68.8458,2025-09-04,9.8,4.8,7.3
mendoza,Mendoza,cuyo,-32.8895,-68.8458,2025-09-05,10.5,4.8,7.7
mendoza,Mendoza,cuyo,-32.8895,-68.8458,2025-09-06,13.4,3.7,8.6
mendoza,Mendoza,cuyo,-32.8895,-68.8458,2025-09-07,15.3,4.9,10.1
mendoza,Mendoza,cuyo,-32.8895,-68.8458,2025-09-08,17.7,10.1,13.9
mendoza,Mendoza,cuyo,-32.8895,-68.8458,2025-09-09,20.1,8.6,14.4
mendoza,Mendoza,cuyo,-32.8895,-68.8458,2025-09-10,21.0,11.8,16.4
mendoza,Mendoza,cuyo,-32.8895,-68.8458,2025-09-11,20.0,8.7,14.3
mendoza,Mendoza,cuyo,-32.8895,-68.8458,2025-09-12,22.5,9.8,16.1
mendoza,Mendoza,cuyo,-32.8895,-68.8458,2025-09-13,29.7,11.0,20.4
mendoza,Mendoza,cuyo,-32.8895,-68.8458,2025-09-14,19.4,12.2,15.8
mendoza,Mendoza,cuyo,-32.8895,-68.8458,2025-09-15,23.3,11.1,17.2
mendoza,Mendoza,cuyo,-32.8895,-68.8458,2025-09-16,25.9,12.4,19.1
mendoza,Mendoza,cuyo,-32.8895,-68.8458,2025-09-17,25.9,15.2,20.5
mendoza,Mendoza,cuyo,-32.8895,-68.8458,2025-09-18,26.9,16.4,21.6
mendoza,Mendoza,cuyo,-32.8895,-68.8458,2025-09-19,22.7,15.6,19.1
mendoza,Mendoza,cuyo,-32.8895,-68.8458,2025-09-20,26.0,11.7,18.9
mendoza,Mendoza,cuyo,-32.8895,-68.8458,2025-09-21,16.4,8.3,12.3
mendoza,Mendoza,cuyo,-32.8895,-68.8458,2025-09-22,18.2,6.3,12.2
mendoza,Mendoza,cuyo,-32.8895,-68.8458,2025-09-23,20.4,7.7,14.0
mendoza,Mendoza,cuyo,-32.8895,-68.8458,2025-09-24,20.5,10.5,15.5
mendoza,Mendoza,cuyo,-32.8895,-68.8458,2025-09-25,24.6,12.0,18.3
mendoza,Mendoza,cuyo,-32.8895,-68.8458,2025-09-26,25.5,11.5,18.5
mendoza,Mendoza,cuyo,-32.8895,-68.8458,2025-09-27,17.9,8.4,13.1
mendoza,Mendoza,cuyo,-32.8895,-68.8458,2025-09-28,23.0,8.1,15.6
mendoza,Mendoza,cuyo,-32.8895,-68.8458,2025-09-29,24.4,14.5,19.4
mendoza,Mendoza,cuyo,-32.8895,-68.8458,2025-09-30,21.6,14.5,18.1
mendoza,Mendoza,cuyo,-32.8895,-68.8458,2025-10-01,25.4,12.2,18.8
mendoza,Mendoza,cuyo,-32.8895,-68.8458,2025-10-02,28.5,13.9,21.2
mendoza,Mendoza,cuyo,-32.8895,-68.8458,2025-10-03,30.3,13.7,22.0
mendoza,Mendoza,cuyo,-32.8895,-68.8458,2025-10-04,33.2,18.9,26.1
mendoza,Mendoza,cuyo,-32.8895,-68.8458,2025-10-05,18.5,11.0,14.8
mendoza,Mendoza,cuyo,-32.8895,-68.8458,2025-10-06,18.7,6.0,12.3
mendoza,Mendoza,cuyo,-32.8895,-68.8458,2025-10-07,24.5,8.4,16.4
mendoza,Mendoza,cuyo,-32.8895,-68.8458,2025-10-08,27.2,12.3,19.8
mendoza,Mendoza,cuyo,-32.8895,-68.8458,2025-10-09,29.0,13.2,21.1
mendoza,Mendoza,cuyo,-32.8895,-68.8458,2025-10-10,29.0,16.2,22.6
mendoza,Mendoza,cuyo,-32.8895,-68.8458,2025-10-11,24.0,14.0,19.0
mendoza,Mendoza,cuyo,-32.8895,-68.8458,2025-10-12,21.9,8.1,15.0
mendoza,Mendoza,cuyo,-32.8895,-68.8458,2025-10-13,26.8,11.6,19.2
mendoza,Mendoza,cuyo,-32.8895,-68.8458,2025-10-14,28.4,13.2,20.8
mendoza,Mendoza,cuyo,-32.8895,-68.8458,2025-10-15,29.9,15.4,22.6
mendoza,Mendoza,cuyo,-32.8895,-68.8458,2025-10-16,25.8,16.4,21.1
mendoza,Mendoza,cuyo,-32.8895,-68.8458,2025-10-17,23.6,15.8,19.7
mendoza,Mendoza,cuyo,-32.8895,-68.8458,2025-10-18,24.5,11.5,18.0
mendoza,Mendoza,cuyo,-32.8895,-68.8458,2025-10-19,27.9,13.7,20.8
mendoza,Mendoza,cuyo,-32.8895,-68.8458,2025-10-20,30.1,16.0,23.1
mendoza,Mendoza,cuyo,-32.8895,-68.8458,2025-10-21,29.0,18.2,23.6
mendoza,Mendoza,cuyo,-32.8895,-68.8458,2025-10-22,25.8,13.1,19.4
mendoza,Mendoza,cuyo,-32.8895,-68.8458,2025-10-23,30.6,15.2,22.9
mendoza,Mendoza,cuyo,-32.8895,-68.8458,2025-10-24,23.7,16.6,20.1
mendoza,Mendoza,cuyo,-32.8895,-68.8458,2025-10-25,19.2,10.4,14.8
mendoza,Mendoza,cuyo,-32.8895,-68.8458,2025-10-26,26.3,10.4,18.4
mendoza,Mendoza,cuyo,-32.8895,-68.8458,2025-10-27,19.4,4.8,12.1
mendoza,Mendoza,cuyo,-32.8895,-68.8458,2025-10-28,12.1,3.9,8.0
mendoza,Mendoza,cuyo,-32.8895,-68.8458,2025-10-29,19.3,4.2,11.8
mendoza,Mendoza,cuyo,-32.8895,-68.8458,2025-10-30,24.8,8.6,16.7
mendoza,Mendoza,cuyo,-32.8895,-68.8458,2025-10-31,27.3,12.9,20.1
mendoza,Mendoza,cuyo,-32.8895,-68.8458,2025-11-01,21.7,12.7,17.2
mendoza,Mendoza,cuyo,-32.8895,-68.8458,2025-11-02,26.3,12.7,19.5
mendoza,Mendoza,cuyo,-32.8895,-68.8458,2025-11-03,29.1,14.8,22.0
mendoza,Mendoza,cuyo,-32.8895,-68.8458,2025-11-04,25.5,17.5,21.5
mendoza,Mendoza,cuyo,-32.8895,-68.8458,2025-11-05,24.6,15.7,20.1
mendoza,Mendoza,cuyo,-32.8895,-68.8458,2025-11-06,22.3,13.1,17.7
mendoza,Mendoza,cuyo,-32.8895,-68.8458,2025-11-07,18.2,10.9,14.6
mendoza,Mendoza,cuyo,-32.8895,-68.8458,2025-11-08,19.5,11.5,15.5
mendoza,Mendoza,cuyo,-32.8895,-68.8458,2025-11-09,22.3,12.3,17.3
mendoza,Mendoza,cuyo,-32.8895,-68.8458,2025-11-10,27.2,13.9,20.6
mendoza,Mendoza,cuyo,-32.8895,-68.8458,2025-11-11,26.3,16.5,21.4
mendoza,Mendoza,cuyo,-32.8895,-68.8458,2025-11-12,24.0,15.7,19.9
mendoza,Mendoza,cuyo,-32.8895,-68.8458,2025-11-13,28.5,14.8,21.6
mendoza,Mendoza,cuyo,-32.8895,-68.8458,2025-11-14,29.8,15.8,22.8
mendoza,Mendoza,cuyo,-32.8895,-68.8458,2025-11-15,30.0,17.3,23.6
mendoza,Mendoza,cuyo,-32.8895,-68.8458,2025-11-16,24.3,16.5,20.4
mendoza,Mendoza,cuyo,-32.8895,-68.8458,2025-11-17,31.7,13.2,22.4
mendoza,Mendoza,cuyo,-32.8895,-68.8458,2025-11-18,33.9,19.9,26.9
mendoza,Mendoza,cuyo,-32.8895,-68.8458,2025-11-19,29.8,19.8,24.8
mendoza,Mendoza,cuyo,-32.8895,-68.8458,2025-11-20,33.3,18.9,26.1
mendoza,Mendoza,cuyo,-32.8895,-68.8458,2025-11-21,25.6,12.6,19.1
mendoza,Mendoza,cuyo,-32.8895,-68.8458,2025-11-22,30.8,16.4,23.6
mendoza,Mendoza,cuyo,-32.8895,-68.8458,2025-11-23,32.8,18.8,25.8
mendoza,Mendoza,cuyo,-32.8895,-68.8458,2025-11-24,33.3,19.6,26.4
mendoza,Mendoza,cuyo,-32.8895,-68.8458,2025-11-25,33.3,21.1,27.2
mendoza,Mendoza,cuyo,-32.8895,-68.8458,2025-11-26,34.2,20.2,27.2
mendoza,Mendoza,cuyo,-32.8895,-68.8458,2025-11-27,33.6,17.8,25.7
mendoza,Mendoza,cuyo,-32.8895,-68.8458,2025-11-28,31.1,23.5,27.3
mendoza,Mendoza,cuyo,-32.8895,-68.8458,2025-11-29,24.9,19.2,22.0
mendoza,Mendoza,cuyo,-32.8895,-68.8458,2025-11-30,25.7,16.4,21.0
mendoza,Mendoza,cuyo,-32.8895,-68.8458,2025-12-01,23.1,14.9,19.0
mendoza,Mendoza,cuyo,-32.8895,-68.8458,2025-12-02,30.6,17.1,23.9
mendoza,Mendoza,cuyo,-32.8895,-68.8458,2025-12-03,32.4,19.0,25.7
mendoza,Mendoza,cuyo,-32.8895,-68.8458,2025-12-04,34.0,22.1,28.1
mendoza,Mendoza,cuyo,-32.8895,-68.8458,2025-12-05,32.6,23.9,28.2
mendoza,Mendoza,cuyo,-32.8895,-68.8458,2025-12-06,28.1,19.1,23.6
mendoza,Mendoza,cuyo,-32.8895,-68.8458,2025-12-07,22.6,16.3,19.5
mendoza,Mendoza,cuyo,-32.8895,-68.8458,2025-12-08,26.7,15.8,21.2
mendoza,Mendoza,cuyo,-32.8895,-68.8458,2025-12-09,31.1,17.8,24.5
mendoza,Mendoza,cuyo,-32.8895,-68.8458,2025-12-10,31.0,19.4,25.2
mendoza,Mendoza,cuyo,-32.8895,-68.8458,2025-12-11,27.8,19.6,23.7
mendoza,Mendoza,cuyo,-32.8895,-68.8458,2025-12-12,34.3,19.6,26.9
mendoza,Mendoza,cuyo,-32.8895,-68.8458,2025-12-13,31.5,21.5,26.5
mendoza,Mendoza,cuyo,-32.8895,-68.8458,2025-12-14,24.0,16.7,20.4
mendoza,Mendoza,cuyo,-32.8895,-68.8458,2025-12-15,26.5,13.0,19.8
mendoza,Mendoza,cuyo,-32.8895,-68.8458,2025-12-16,27.9,17.8,22.9
mendoza,Mendoza,cuyo,-32.8895,-68.8458,2025-12-17,34.0,19.1,26.6
mendoza,Mendoza,cuyo,-32.8895,-68.8458,2025-12-18,31.1,22.2,26.6
mendoza,Mendoza,cuyo,-32.8895,-68.8458,2025-12-19,36.0,21.0,28.5
mendoza,Mendoza,cuyo,-32.8895,-68.8458,2025-12-20,31.8,22.6,27.2
mendoza,Mendoza,cuyo,-32.8895,-68.8458,2025-12-21,28.3,21.2,24.8
mendoza,Mendoza,cuyo,-32.8895,-68.8458,2025-12-22,27.4,19.0,23.2
mendoza,Mendoza,cuyo,-32.8895,-68.8458,2025-12-23,32.0,18.3,25.1
mendoza,Mendoza,cuyo,-32.8895,-68.8458,2025-12-24,28.8,21.5,25.1
mendoza,Mendoza,cuyo,-32.8895,-68.8458,2025-12-25,33.9,19.1,26.5
mendoza,Mendoza,cuyo,-32.8895,-68.8458,2025-12-26,35.7,20.8,28.2
mendoza,Mendoza,cuyo,-32.8895,-68.8458,2025-12-27,29.7,22.3,26.0
mendoza,Mendoza,cuyo,-32.8895,-68.8458,2025-12-28,32.8,20.9,26.8
mendoza,Mendoza,cuyo,-32.8895,-68.8458,2025-12-29,31.3,20.1,25.7
mendoza,Mendoza,cuyo,-32.8895,-68.8458,2025-12-30,33.2,21.1,27.2
mendoza,Mendoza,cuyo,-32.8895,-68.8458,2025-12-31,32.5,21.6,27.1
mendoza,Mendoza,cuyo,-32.8895,-68.8458,2026-01-01,35.4,21.9,28.6
mendoza,Mendoza,cuyo,-32.8895,-68.8458,2026-01-02,32.5,24.0,28.2
mendoza,Mendoza,cuyo,-32.8895,-68.8458,2026-01-03,30.3,21.7,26.0
mendoza,Mendoza,cuyo,-32.8895,-68.8458,2026-01-04,29.9,19.1,24.5
mendoza,Mendoza,cuyo,-32.8895,-68.8458,2026-01-05,33.4,19.8,26.6
mendoza,Mendoza,cuyo,-32.8895,-68.8458,2026-01-06,31.1,20.5,25.8
mendoza,Mendoza,cuyo,-32.8895,-68.8458,2026-01-07,32.7,19.9,26.3
mendoza,Mendoza,cuyo,-32.8895,-68.8458,2026-01-08,25.1,16.6,20.9
mendoza,Mendoza,cuyo,-32.8895,-68.8458,2026-01-09,23.7,15.2,19.4
mendoza,Mendoza,cuyo,-32.8895,-68.8458,2026-01-10,28.9,16.2,22.5
mendoza,Mendoza,cuyo,-32.8895,-68.8458,2026-01-11,34.6,20.3,27.5
mendoza,Mendoza,cuyo,-32.8895,-68.8458,2026-01-12,32.2,20.2,26.2
mendoza,Mendoza,cuyo,-32.8895,-68.8458,2026-01-13,29.7,20.8,25.2
mendoza,Mendoza,cuyo,-32.8895,-68.8458,2026-01-14,33.2,18.9,26.1
mendoza,Mendoza,cuyo,-32.8895,-68.8458,2026-01-15,28.4,19.2,23.8
mendoza,Mendoza,cuyo,-32.8895,-68.8458,2026-01-16,32.6,19.9,26.2
mendoza,Mendoza,cuyo,-32.8895,-68.8458,2026-01-17,31.0,21.2,26.1
mendoza,Mendoza,cuyo,-32.8895,-68.8458,2026-01-18,26.9,22.1,24.5
mendoza,Mendoza,cuyo,-32.8895,-68.8458,2026-01-19,30.5,16.8,23.6
mendoza,Mendoza,cuyo,-32.8895,-68.8458,2026-01-20,32.3,17.5,24.9
mendoza,Mendoza,cuyo,-32.8895,-68.8458,2026-01-21,35.0,20.4,27.7
mendoza,Mendoza,cuyo,-32.8895,-68.8458,2026-01-22,33.1,21.5,27.3
mendoza,Mendoza,cuyo,-32.8895,-68.8458,2026-01-23,32.8,22.1,27.4
mendoza,Mendoza,cuyo,-32.8895,-68.8458,2026-01-24,28.4,19.6,24.0
mendoza,Mendoza,cuyo,-32.8895,-68.8458,2026-01-25,30.2,19.0,24.6
mendoza,Mendoza,cuyo,-32.8895,-68.8458,2026-01-26,29.2,17.2,23.2
mendoza,Mendoza,cuyo,-32.8895,-68.8458,2026-01-27,30.6,21.1,25.9
mendoza,Mendoza,cuyo,-32.8895,-68.8458,2026-01-28,33.2,18.7,26.0
mendoza,Mendoza,cuyo,-32.8895,-68.8458,2026-01-29,34.9,22.3,28.6
mendoza,Mendoza,cuyo,-32.8895,-68.8458,2026-01-30,34.7,24.6,29.7
mendoza,Mendoza,cuyo,-32.8895,-68.8458,2026-01-31,24.5,18.9,21.7
mendoza,Mendoza,cuyo,-32.8895,-68.8458,2026-02-01,26.5,16.9,21.7
mendoza,Mendoza,cuyo,-32.8895,-68.8458,2026-02-02,31.7,18.2,24.9
mendoza,Mendoza,cuyo,-32.8895,-68.8458,2026-02-03,31.5,20.2,25.9
mendoza,Mendoza,cuyo,-32.8895,-68.8458,2026-02-04,28.4,20.8,24.6
mendoza,Mendoza,cuyo,-32.8895,-68.8458,2026-02-05,22.8,16.7,19.8
mendoza,Mendoza,cuyo,-32.8895,-68.8458,2026-02-06,25.2,15.6,20.4
mendoza,Mendoza,cuyo,-32.8895,-68.8458,2026-02-07,29.9,17.3,23.6
mendoza,Mendoza,cuyo,-32.8895,-68.8458,2026-02-08,31.3,19.3,25.3
mendoza,Mendoza,cuyo,-32.8895,-68.8458,2026-02-09,27.9,20.3,24.1
mendoza,Mendoza,cuyo,-32.8895,-68.8458,2026-02-10,33.7,19.1,26.4
mendoza,Mendoza,cuyo,-32.8895,-68.8458,2026-02-11,26.5,19.4,22.9
mendoza,Mendoza,cuyo,-32.8895,-68.8458,2026-02-12,26.2,15.4,20.8
mendoza,Mendoza,cuyo,-32.8895,-68.8458,2026-02-13,28.1,15.9,22.0
mendoza,Mendoza,cuyo,-32.8895,-68.8458,2026-02-14,31.5,18.2,24.9
mendoza,Mendoza,cuyo,-32.8895,-68.8458,2026-02-15,27.3,18.5,22.9
mendoza,Mendoza,cuyo,-32.8895,-68.8458,2026-02-16,30.9,20.0,25.4
mendoza,Mendoza,cuyo,-32.8895,-68.8458,2026-02-17,31.4,20.5,25.9
mendoza,Mendoza,cuyo,-32.8895,-68.8458,2026-02-18,28.8,21.0,24.9
mendoza,Mendoza,cuyo,-32.8895,-68.8458,2026-02-19,27.4,20.2,23.8
mendoza,Mendoza,cuyo,-32.8895,-68.8458,2026-02-20,25.9,17.7,21.8
mendoza,Mendoza,cuyo,-32.8895,-68.8458,2026-02-21,25.1,15.7,20.4
mendoza,Mendoza,cuyo,-32.8895,-68.8458,2026-02-22,26.6,16.0,21.3
mendoza,Mendoza,cuyo,-32.8895,-68.8458,2026-02-23,31.1,19.3,25.2
mendoza,Mendoza,cuyo,-32.8895,-68.8458,2026-02-24,28.5,20.8,24.6
mendoza,Mendoza,cuyo,-32.8895,-68.8458,2026-02-25,27.3,16.0,21.6
mendoza,Mendoza,cuyo,-32.8895,-68.8458,2026-02-26,29.4,16.8,23.1
mendoza,Mendoza,cuyo,-32.8895,-68.8458,2026-02-27,27.5,16.9,22.2
mendoza,Mendoza,cuyo,-32.8895,-68.8458,2026-02-28,28.5,17.4,22.9
mendoza,Mendoza,cuyo,-32.8895,-68.8458,2026-03-01,32.7,20.2,26.5
mendoza,Mendoza,cuyo,-32.8895,-68.8458,2026-03-02,32.9,20.8,26.9
mendoza,Mendoza,cuyo,-32.8895,-68.8458,2026-03-03,23.7,16.7,20.2
mendoza,Mendoza,cuyo,-32.8895,-68.8458,2026-03-04,27.6,16.2,21.9
mendoza,Mendoza,cuyo,-32.8895,-68.8458,2026-03-05,24.8,17.6,21.2
mendoza,Mendoza,cuyo,-32.8895,-68.8458,2026-03-06,21.5,15.3,18.4
mendoza,Mendoza,cuyo,-32.8895,-68.8458,2026-03-07,24.7,17.0,20.9
mendoza,Mendoza,cuyo,-32.8895,-68.8458,2026-03-08,22.4,14.3,18.4
mendoza,Mendoza,cuyo,-32.8895,-68.8458,2026-03-09,22.7,13.6,18.1
mendoza,Mendoza,cuyo,-32.8895,-68.8458,2026-03-10,24.4,16.6,20.5
mendoza,Mendoza,cuyo,-32.8895,-68.8458,2026-03-11,24.5,16.8,20.6
mendoza,Mendoza,cuyo,-32.8895,-68.8458,2026-03-12,25.2,17.1,21.1
mendoza,Mendoza,cuyo,-32.8895,-68.8458,2026-03-13,25.7,17.7,21.7
mendoza,Mendoza,cuyo,-32.8895,-68.8458,2026-03-14,23.8,16.5,20.1
mendoza,Mendoza,cuyo,-32.8895,-68.8458,2026-03-15,28.7,16.2,22.4
mendoza,Mendoza,cuyo,-32.8895,-68.8458,2026-03-16,22.2,15.8,19.0
mendoza,Mendoza,cuyo,-32.8895,-68.8458,2026-03-17,22.9,14.4,18.6
mendoza,Mendoza,cuyo,-32.8895,-68.8458,2026-03-18,24.2,12.0,18.1
mendoza,Mendoza,cuyo,-32.8895,-68.8458,2026-03-19,28.2,15.8,22.0
mendoza,Mendoza,cuyo,-32.8895,-68.8458,2026-03-20,21.4,14.4,17.9
mendoza,Mendoza,cuyo,-32.8895,-68.8458,2026-03-21,15.0,10.3,12.7
mendoza,Mendoza,cuyo,-32.8895,-68.8458,2026-03-22,24.3,10.0,17.1
mendoza,Mendoza,cuyo,-32.8895,-68.8458,2026-03-23,19.8,10.1,14.9
mendoza,Mendoza,cuyo,-32.8895,-68.8458,2026-03-24,26.2,11.4,18.8
mendoza,Mendoza,cuyo,-32.8895,-68.8458,2026-03-25,20.8,12.6,16.7
mendoza,Mendoza,cuyo,-32.8895,-68.8458,2026-03-26,23.4,11.8,17.6
mendoza,Mendoza,cuyo,-32.8895,-68.8458,2026-03-27,26.8,15.4,21.1
mendoza,Mendoza,cuyo,-32.8895,-68.8458,2026-03-28,28.0,16.7,22.4
mendoza,Mendoza,cuyo,-32.8895,-68.8458,2026-03-29,30.9,19.8,25.4
mendoza,Mendoza,cuyo,-32.8895,-68.8458,2026-03-30,31.9,21.0,26.4
mendoza,Mendoza,cuyo,-32.8895,-68.8458,2026-03-31,32.8,23.3,28.0
mendoza,Mendoza,cuyo,-32.8895,-68.8458,2026-04-01,24.1,18.6,21.4
mendoza,Mendoza,cuyo,-32.8895,-68.8458,2026-04-02,24.2,14.7,19.4
mendoza,Mendoza,cuyo,-32.8895,-68.8458,2026-04-03,27.1,16.9,22.0
mendoza,Mendoza,cuyo,-32.8895,-68.8458,2026-04-04,20.0,13.2,16.6
mendoza,Mendoza,cuyo,-32.8895,-68.8458,2026-04-05,13.3,8.4,10.9
mendoza,Mendoza,cuyo,-32.8895,-68.8458,2026-04-06,19.7,9.7,14.7
mendoza,Mendoza,cuyo,-32.8895,-68.8458,2026-04-07,19.7,8.7,14.2
mendoza,Mendoza,cuyo,-32.8895,-68.8458,2026-04-08,19.4,9.1,14.2
mendoza,Mendoza,cuyo,-32.8895,-68.8458,2026-04-09,19.6,12.4,16.0
mendoza,Mendoza,cuyo,-32.8895,-68.8458,2026-04-10,21.4,10.7,16.0
mendoza,Mendoza,cuyo,-32.8895,-68.8458,2026-04-11,23.8,13.7,18.8
mendoza,Mendoza,cuyo,-32.8895,-68.8458,2026-04-12,24.3,12.2,18.2
mendoza,Mendoza,cuyo,-32.8895,-68.8458,2026-04-13,23.0,14.2,18.6
mendoza,Mendoza,cuyo,-32.8895,-68.8458,2026-04-14,26.2,13.2,19.7
mendoza,Mendoza,cuyo,-32.8895,-68.8458,2026-04-15,21.2,15.6,18.4
mendoza,Mendoza,cuyo,-32.8895,-68.8458,2026-04-16,23.9,12.4,18.1
mendoza,Mendoza,cuyo,-32.8895,-68.8458,2026-04-17,25.9,14.7,20.3
mendoza,Mendoza,cuyo,-32.8895,-68.8458,2026-04-18,23.7,15.1,19.4
mendoza,Mendoza,cuyo,-32.8895,-68.8458,2026-04-19,19.4,10.4,14.9
mendoza,Mendoza,cuyo,-32.8895,-68.8458,2026-04-20,15.7,7.6,11.6
mendoza,Mendoza,cuyo,-32.8895,-68.8458,2026-04-21,15.1,9.2,12.1
mendoza,Mendoza,cuyo,-32.8895,-68.8458,2026-04-22,19.7,8.0,13.8
mendoza,Mendoza,cuyo,-32.8895,-68.8458,2026-04-23,20.3,7.6,13.9
mendoza,Mendoza,cuyo,-32.8895,-68.8458,2026-04-24,22.5,10.6,16.6
mendoza,Mendoza,cuyo,-32.8895,-68.8458,2026-04-25,17.4,10.6,14.0
mendoza,Mendoza,cuyo,-32.8895,-68.8458,2026-04-26,16.1,8.1,12.1
mendoza,Mendoza,cuyo,-32.8895,-68.8458,2026-04-27,15.2,1.7,8.4
mendoza,Mendoza,cuyo,-32.8895,-68.8458,2026-04-28,19.3,6.3,12.8
mendoza,Mendoza,cuyo,-32.8895,-68.8458,2026-04-29,24.4,8.2,16.3
mendoza,Mendoza,cuyo,-32.8895,-68.8458,2026-04-30,22.1,9.0,15.6
mendoza,Mendoza,cuyo,-32.8895,-68.8458,2026-05-01,24.0,11.2,17.6
mendoza,Mendoza,cuyo,-32.8895,-68.8458,2026-05-02,14.0,6.7,10.3
mendoza,Mendoza,cuyo,-32.8895,-68.8458,2026-05-03,17.6,5.0,11.3
mendoza,Mendoza,cuyo,-32.8895,-68.8458,2026-05-04,22.3,6.9,14.6
mendoza,Mendoza,cuyo,-32.8895,-68.8458,2026-05-05,22.8,9.9,16.4
mendoza,Mendoza,cuyo,-32.8895,-68.8458,2026-05-06,26.2,12.3,19.2
mendoza,Mendoza,cuyo,-32.8895,-68.8458,2026-05-07,18.9,8.3,13.6
mendoza,Mendoza,cuyo,-32.8895,-68.8458,2026-05-08,14.4,4.1,9.2
mendoza,Mendoza,cuyo,-32.8895,-68.8458,2026-05-09,10.8,4.1,7.5
mendoza,Mendoza,cuyo,-32.8895,-68.8458,2026-05-10,16.1,1.6,8.9
mendoza,Mendoza,cuyo,-32.8895,-68.8458,2026-05-11,18.3,4.6,11.4
mendoza,Mendoza,cuyo,-32.8895,-68.8458,2026-05-12,24.4,10.1,17.2
mendoza,Mendoza,cuyo,-32.8895,-68.8458,2026-05-13,20.0,10.8,15.4
mendoza,Mendoza,cuyo,-32.8895,-68.8458,2026-05-14,17.0,8.4,12.7
mendoza,Mendoza,cuyo,-32.8895,-68.8458,2026-05-15,18.3,7.7,13.0
mendoza,Mendoza,cuyo,-32.8895,-68.8458,2026-05-16,13.0,4.4,8.7
mendoza,Mendoza,cuyo,-32.8895,-68.8458,2026-05-17,11.5,1.3,6.4
mendoza,Mendoza,cuyo,-32.8895,-68.8458,2026-05-18,13.0,2.6,7.8
mendoza,Mendoza,cuyo,-32.8895,-68.8458,2026-05-19,17.9,3.6,10.8
mendoza,Mendoza,cuyo,-32.8895,-68.8458,2026-05-20,15.3,6.0,10.7
mendoza,Mendoza,cuyo,-32.8895,-68.8458,2026-05-21,12.4,5.2,8.8
mendoza,Mendoza,cuyo,-32.8895,-68.8458,2026-05-22,13.7,3.3,8.5
mendoza,Mendoza,cuyo,-32.8895,-68.8458,2026-05-23,12.8,3.2,8.0
mendoza,Mendoza,cuyo,-32.8895,-68.8458,2026-05-24,14.5,3.4,8.9
mendoza,Mendoza,cuyo,-32.8895,-68.8458,2026-05-25,16.2,4.6,10.4
mendoza,Mendoza,cuyo,-32.8895,-68.8458,2026-05-26,15.6,5.9,10.8
mendoza,Mendoza,cuyo,-32.8895,-68.8458,2026-05-27,16.0,5.2,10.6
mendoza,Mendoza,cuyo,-32.8895,-68.8458,2026-05-28,18.0,6.5,12.2
mendoza,Mendoza,cuyo,-32.8895,-68.8458,2026-05-29,16.7,8.6,12.6
mendoza,Mendoza,cuyo,-32.8895,-68.8458,2026-05-30,18.1,7.6,12.9
mendoza,Mendoza,cuyo,-32.8895,-68.8458,2026-05-31,17.9,7.8,12.8
mendoza,Mendoza,cuyo,-32.8895,-68.8458,2026-06-01,13.8,8.9,11.4
mendoza,Mendoza,cuyo,-32.8895,-68.8458,2026-06-02,16.2,8.8,12.5
mendoza,Mendoza,cuyo,-32.8895,-68.8458,2026-06-03,17.4,7.7,12.5
mendoza,Mendoza,cuyo,-32.8895,-68.8458,2026-06-04,16.5,8.8,12.7
mendoza,Mendoza,cuyo,-32.8895,-68.8458,2026-06-05,15.0,9.9,12.4
mendoza,Mendoza,cuyo,-32.8895,-68.8458,2026-06-06,16.6,8.6,12.6
mendoza,Mendoza,cuyo,-32.8895,-68.8458,2026-06-07,16.1,9.4,12.8
mendoza,Mendoza,cuyo,-32.8895,-68.8458,2026-06-08,10.4,7.7,9.1
mendoza,Mendoza,cuyo,-32.8895,-68.8458,2026-06-09,12.2,6.5,9.3
mendoza,Mendoza,cuyo,-32.8895,-68.8458,2026-06-10,16.0,6.8,11.4
mendoza,Mendoza,cuyo,-32.8895,-68.8458,2026-06-11,13.4,5.6,9.5
mendoza,Mendoza,cuyo,-32.8895,-68.8458,2026-06-12,15.2,6.6,10.9
mendoza,Mendoza,cuyo,-32.8895,-68.8458,2026-06-13,10.8,4.3,7.6
mendoza,Mendoza,cuyo,-32.8895,-68.8458,2026-06-14,10.7,2.0,6.3
mendoza,Mendoza,cuyo,-32.8895,-68.8458,2026-06-15,13.4,2.2,7.8
mendoza,Mendoza,cuyo,-32.8895,-68.8458,2026-06-16,16.7,5.4,11.1
mendoza,Mendoza,cuyo,-32.8895,-68.8458,2026-06-17,14.1,7.2,10.7
mendoza,Mendoza,cuyo,-32.8895,-68.8458,2026-06-18,18.6,5.1,11.9
mendoza,Mendoza,cuyo,-32.8895,-68.8458,2026-06-19,13.4,4.5,8.9
mendoza,Mendoza,cuyo,-32.8895,-68.8458,2026-06-20,19.0,4.6,11.8
mendoza,Mendoza,cuyo,-32.8895,-68.8458,2026-06-21,14.0,4.8,9.4
mendoza,Mendoza,cuyo,-32.8895,-68.8458,2026-06-22,10.2,3.2,6.7
mendoza,Mendoza,cuyo,-32.8895,-68.8458,2026-06-23,13.0,1.7,7.3
mendoza,Mendoza,cuyo,-32.8895,-68.8458,2026-06-24,12.8,1.1,7.0
mendoza,Mendoza,cuyo,-32.8895,-68.8458,2026-06-25,13.2,3.2,8.2
mendoza,Mendoza,cuyo,-32.8895,-68.8458,2026-06-26,18.7,3.4,11.0
mendoza,Mendoza,cuyo,-32.8895,-68.8458,2026-06-27,15.0,5.4,10.2
mendoza,Mendoza,cuyo,-32.8895,-68.8458,2026-06-28,10.3,3.3,6.8
mendoza,Mendoza,cuyo,-32.8895,-68.8458,2026-06-29,10.2,2.5,6.3
mendoza,Mendoza,cuyo,-32.8895,-68.8458,2026-06-30,9.7,1.2,5.4
mendoza,Mendoza,cuyo,-32.8895,-68.8458,2026-07-01,7.4,0.5,4.0
mendoza,Mendoza,cuyo,-32.8895,-68.8458,2026-07-02,1.1,-1.3,-0.1
mendoza,Mendoza,cuyo,-32.8895,-68.8458,2026-07-03,3.5,-1.8,0.8
mendoza,Mendoza,cuyo,-32.8895,-68.8458,2026-07-04,4.7,-0.7,2.0
mendoza,Mendoza,cuyo,-32.8895,-68.8458,2026-07-05,9.8,0.1,5.0
mendoza,Mendoza,cuyo,-32.8895,-68.8458,2026-07-06,11.0,1.9,6.5
mendoza,Mendoza,cuyo,-32.8895,-68.8458,2026-07-07,14.1,1.9,8.0
mendoza,Mendoza,cuyo,-32.8895,-68.8458,2026-07-08,19.2,6.4,12.8
mendoza,Mendoza,cuyo,-32.8895,-68.8458,2026-07-09,18.4,9.8,14.1
mendoza,Mendoza,cuyo,-32.8895,-68.8458,2026-07-10,12.1,4.3,8.2
mendoza,Mendoza,cuyo,-32.8895,-68.8458,2026-07-11,10.3,2.5,6.4
mendoza,Mendoza,cuyo,-32.8895,-68.8458,2026-07-12,12.6,2.5,7.5
mendoza,Mendoza,cuyo,-32.8895,-68.8458,2026-07-13,13.2,2.4,7.8
mendoza,Mendoza,cuyo,-32.8895,-68.8458,2026-07-14,14.6,4.9,9.8
mendoza,Mendoza,cuyo,-32.8895,-68.8458,2026-07-15,18.0,6.6,12.3
mendoza,Mendoza,cuyo,-32.8895,-68.8458,2026-07-16,17.9,8.4,13.1
mendoza,Mendoza,cuyo,-32.8895,-68.8458,2026-07-17,16.8,10.3,13.6
mendoza,Mendoza,cuyo,-32.8895,-68.8458,2026-07-18,13.9,7.7,10.8
mendoza,Mendoza,cuyo,-32.8895,-68.8458,2026-07-19,12.8,5.1,8.9
mendoza,Mendoza,cuyo,-32.8895,-68.8458,2026-07-20,10.7,5.4,8.1
mendoza,Mendoza,cuyo,-32.8895,-68.8458,2026-07-21,7.6,5.3,6.4
mendoza,Mendoza,cuyo,-32.8895,-68.8458,2026-07-22,7.4,2.0,4.7
mendoza,Mendoza,cuyo,-32.8895,-68.8458,2026-07-23,8.4,3.5,6.0
mendoza,Mendoza,cuyo,-32.8895,-68.8458,2026-07-24,14.1,6.0,10.1
mendoza,Mendoza,cuyo,-32.8895,-68.8458,2026-07-25,16.2,7.3,11.8
mendoza,Mendoza,cuyo,-32.8895,-68.8458,2026-07-26,16.1,9.9,13.0
mendoza,Mendoza,cuyo,-32.8895,-68.8458,2026-07-27,23.7,11.2,17.4
mendoza,Mendoza,cuyo,-32.8895,-68.8458,2026-07-28,18.3,9.0,13.7
mendoza,Mendoza,cuyo,-32.8895,-68.8458,2026-07-29,13.8,9.7,11.8
mendoza,Mendoza,cuyo,-32.8895,-68.8458,2026-07-30,14.2,8.7,11.4
mendoza,Mendoza,cuyo,-32.8895,-68.8458,2026-07-31,23.4,10.3,16.9
mendoza,Mendoza,cuyo,-32.8895,-68.8458,2026-08-01,16.4,8.9,12.6
mendoza,Mendoza,cuyo,-32.8895,-68.8458,2026-08-02,18.2,12.5,15.3
mendoza,Mendoza,cuyo,-32.8895,-68.8458,2026-08-03,17.0,10.0,13.5
mendoza,Mendoza,cuyo,-32.8895,-68.8458,2026-08-04,15.8,8.5,12.2
mendoza,Mendoza,cuyo,-32.8895,-68.8458,2026-08-05,16.4,8.8,12.6
mendoza,Mendoza,cuyo,-32.8895,-68.8458,2026-08-06,19.8,7.8,13.8
mendoza,Mendoza,cuyo,-32.8895,-68.8458,2026-08-07,18.3,4.3,11.3
mendoza,Mendoza,cuyo,-32.8895,-68.8458,2026-08-08,11.9,2.0,7.0
mendoza,Mendoza,cuyo,-32.8895,-68.8458,2026-08-09,8.7,1.7,5.2
