Fecha,Demanda DS,Prioritaria,Industria,Usinas,Exportaciones,,Sur,NBA I,NBA II,TGS,,Norte,Nqn,TGN,,GPM,BOLIVIA,ESCOBAR,ENARSA,,Tucumán Min,Tucumán Max,Tucumán Promedio,BA Min,BA Max,BA Promedio,Esquel Min,Esquel Max,Esquel Promedio,,Linepack TGS,Var. TGS,Lim Inf. TGS,Lim Sup. TGS,,Linepack TGN,Var. TGN,Lim Inf. TGN,Lim Sup. TGN,,Tramo Final TGS,,,Tramo Final TGN,,,,,,,,,,,,,,,,,,,Fecha,GAS,GASOIL,FUELOIL,CARBON
2026-06-24,183.8,86.7,27.1,31.0,7.3,,24.4,10.0,41.3,75.7,,3.6,38.0,41.6,,21.6,1.0,19.0,21.6,,4.7,17.9,11.3,4.0,12.0,8.5,2.2,8.4,5.3,,227.74,-3.29,215.0,235.0,,127.86,-3.67,110.0,142.0,,84.81,,,13.95,,,,,,,,,,,,,,,,,,,2026-06-24,37.03,15572.0,2181.8,0.0
2026-06-25,178.9,84.2,28.2,31.1,7.1,,24.7,9.9,41.5,76.1,,3.5,38.1,41.6,,22.1,1.0,20.1,22.1,,7.9,19.1,13.5,8.0,13.0,9.1,1.6,8.3,5.0,,226.8,-0.95,215.0,235.0,,129.1,1.24,110.0,142.0,,81.91,,,15.61,,,,,,,,,,,,,,,,,,,2026-06-25,38.28,14004.4,2044.8,0.0
2026-06-26,155.4,82.6,27.4,29.1,6.6,,,,,98.2,,,,40.1,,,,,,,5.2,18.8,12.0,3.0,14.0,8.5,1.5,6.7,4.1,,226.39,-0.4,215.0,235.0,,129.78,0.68,110.0,142.0,,,,,,,,,,,,,,,,,,,,,,,,2026-06-26,,,,
2026-06-27,151.1,76.9,26.8,30.9,7.0,,,,,97.7,,,,40.8,,,,,,,6.3,18.8,12.6,7.0,16.0,11.5,-0.0,6.7,3.4,,229.98,3.58,215.0,235.0,,132.56,2.78,110.0,142.0,,,,,,,,,,,,,,,,,,,,,,,,2026-06-27,,,,
2026-06-28,167.2,74.9,27.6,28.2,7.4,,24.6,10.1,40.3,75.0,,2.8,37.2,39.9,,22.0,0.5,19.0,22.0,,9.4,19.1,14.2,8.0,13.0,13.0,1.5,6.1,3.8,,236.38,6.4,215.0,235.0,,132.97,0.41,110.0,142.0,,90.8,,,16.05,,,,,,,,,,,,,,,,,,,2026-06-28,,,,
2026-06-29,176.7,80.8,28.3,31.6,7.1,,24.8,10.2,41.8,76.9,,2.6,38.4,41.0,,20.9,0.0,19.1,20.9,,6.0,14.8,10.4,5.0,14.0,9.9,-1.6,6.7,2.5,,236.23,-0.15,215.0,235.0,,132.79,-0.18,110.0,142.0,,89.64,,,15.89,,,,,,,,,,,,,,,,,,,2026-06-29,,,,
2026-06-30,175.3,83.5,27.8,30.3,6.6,,24.7,10.4,42.9,77.9,,2.3,38.6,41.0,,22.0,0.0,18.0,22.0,,8.8,14.8,11.8,3.0,14.0,9.5,-7.7,2.0,-2.9,,236.72,0.49,215.0,235.0,,134.11,1.32,110.0,142.0,,88.87,,,15.71,,,,,,,,,,,,,,,,,,,2026-06-30,,,,
2026-07-01,181.9,88.7,27.2,30.5,6.4,,23.2,11.2,42.3,76.7,,3.2,38.0,41.2,,21.8,0.8,17.0,21.8,,7.4,13.1,10.2,4.0,13.0,9.7,-12.5,-0.6,-6.5,,229.92,-6.8,215.0,235.0,,133.43,-0.68,110.0,142.0,,85.26,,,15.36,,,,,,,,,,,,,,,,,,,2026-07-01,,,,
2026-07-02,188.8,94.8,27.9,32.4,5.6,,24.4,10.6,40.8,75.7,,4.2,36.5,40.7,,22.7,1.9,20.0,22.7,,6.5,10.0,8.2,1.0,9.0,6.1,-9.5,2.9,-3.3,,223.0,-6.92,215.0,235.0,,128.87,-4.56,110.0,142.0,,81.6,,,14.68,,,,,,,,,,,,,,,,,,,2026-07-02,,,,
2026-07-03,166.3,94.1,26.1,30.6,6.0,,,,,98.8,,,,39.4,,,,,,,5.9,9.3,7.6,0.0,9.1,4.5,-7.5,1.9,-2.8,,221.08,-1.92,215.0,235.0,,125.07,-3.8,110.0,142.0,,,,,,,,,,,,,,,,,,,,,,,,2026-07-03,,,,
2026-07-04,154.6,89.0,25.2,25.0,6.0,,,,,98.1,,,,39.5,,,,,,,5.6,9.5,7.5,0.0,11.0,5.5,-6.4,3.9,-1.3,,221.24,0.16,215.0,235.0,,125.99,0.92,110.0,142.0,,,,,,,,,,,,,,,,,,,,,,,,2026-07-04,,,,
2026-07-05,175.7,91.2,24.0,26.9,6.5,,24.3,11.4,42.1,77.8,,5.0,37.2,42.3,,22.7,2.3,19.2,22.7,,5.7,10.8,8.2,5.0,9.0,6.1,-5.7,3.4,-1.2,,223.94,2.7,215.0,235.0,,128.11,2.12,110.0,142.0,,88.34,,,16.09,,,,,,,,,,,,,,,,,,,2026-07-05,,,,
2026-07-06,178.9,92.6,26.6,24.0,6.1,,25.0,10.8,41.8,77.7,,4.1,37.5,41.6,,23.0,1.7,19.3,23.0,,2.5,16.5,9.5,5.0,13.0,7.5,-3.9,6.9,1.5,,224.33,0.39,215.0,235.0,,128.49,0.38,110.0,142.0,,87.57,,,16.13,,,,,,,,,,,,,,,,,,,2026-07-06,,,,
2026-07-07,175.3,85.1,27.0,27.8,5.8,,24.2,10.8,41.4,76.4,,3.6,38.4,42.0,,23.0,1.2,19.9,23.0,,3.2,17.1,10.2,2.4,16.1,10.3,2.2,6.4,4.3,,224.34,0.01,215.0,235.0,,128.93,0.44,110.0,142.0,,89.07,,,15.43,,,,,,,,,,,,,,,,,,,2026-07-07,,,,
2026-07-08,157.8,85.6,26.5,30.3,6.0,,,,,98.7,,,,40.5,,,,,,,4.6,19.7,12.1,8.0,20.0,14.0,1.8,5.4,3.6,,231.46,3.7,215.0,235.0,,129.8,0.87,110.0,142.0,,,,,,,,,,,,,,,,,,,,,,,,2026-07-08,,,,
2026-07-09,151.6,73.8,27.0,33.9,7.4,,,,,97.5,,,,40.6,,,,,,,8.1,22.3,15.2,8.0,17.0,12.5,-3.1,2.8,-0.2,,229.92,-1.54,215.0,235.0,,133.01,3.21,110.0,142.0,,,,,,,,,,,,,,,,,,,,,,,,2026-07-09,,,,
2026-07-10,157.5,76.4,27.1,36.9,7.4,,,,,100.0,,,,38.0,,,,,,,6.7,20.8,13.8,10.0,13.0,11.5,-2.3,2.0,-0.1,,226.95,-2.97,215.0,235.0,,128.4,-4.61,110.0,142.0,,,,,,,,,,,,,,,,,,,,,,,,2026-07-10,,,,
2026-07-11,148.5,70.5,26.8,34.3,7.4,,,,,98.2,,,,39.8,,,,,,,11.2,21.7,16.4,7.0,15.0,11.0,-1.9,5.0,1.6,,223.11,-3.83,215.0,235.0,,124.76,-3.64,110.0,142.0,,,,,,,,,,,,,,,,,,,,,,,,2026-07-11,,,,
2026-07-12,147.5,72.8,26.7,31.4,7.4,,,,,100.0,,,,40.2,,,,,,,10.3,16.8,13.6,7.0,13.0,10.0,0.7,9.0,4.8,,,,215.0,235.0,,127.2,2.44,110.0,142.0,,,,,,,,,,,,,,,,,,,,,,,,2026-07-12,,,,
2026-07-13,183.5,84.5,31.5,34.6,6.6,,23.9,10.9,41.5,76.3,,4.1,37.7,41.8,,23.0,1.8,18.0,23.0,,8.9,20.0,14.4,4.0,14.0,7.7,3.5,8.9,6.2,,220.36,-3.75,215.0,235.0,,127.13,-0.07,110.0,142.0,,76.9,,,14.17,,,,,,,,,,,,,,,,,,,2026-07-13,,,,
2026-07-14,180.5,79.2,30.7,34.6,7.3,,23.9,10.3,41.9,76.1,,5.0,37.7,42.7,,23.1,2.7,17.6,23.1,,9.1,20.8,14.9,8.0,16.0,11.9,2.5,7.9,5.2,,219.64,-0.72,215.0,235.0,,126.03,-1.1,110.0,142.0,,82.95,,,14.55,,,,,,,,,,,,,,,,,,,2026-07-14,,,,
2026-07-15,168.1,69.7,30.4,33.9,7.6,,24.1,10.6,41.2,75.9,,5.0,38.1,43.1,,22.6,2.5,17.6,22.6,,11.2,22.9,17.0,11.0,17.0,14.9,2.6,8.8,5.7,,224.93,5.29,215.0,235.0,,129.28,3.25,110.0,142.0,,87.43,,,15.25,,,,,,,,,,,,,,,,,,,2026-07-15,,,,
2026-07-16,158.9,58.8,31.1,30.4,7.8,,23.7,11.2,41.0,75.9,,3.6,37.8,41.4,,21.5,1.1,15.0,21.5,,10.1,26.0,18.1,17.0,20.0,19.3,2.4,6.7,4.5,,232.31,9.67,215.0,235.0,,134.44,5.16,110.0,142.0,,91.74,,,17.07,,,,,,,,,,,,,,,,,,,2026-07-16,,,,
2026-07-17,136.7,,30.7,,7.5,,,,,92.6,,,,39.2,,,,,,,17.1,36.1,26.6,18.0,23.0,20.5,2.6,6.7,4.7,,235.4,3.09,215.0,235.0,,137.5,3.06,110.0,142.0,,,,,,,,,,,,,,,,,,,,,,,,2026-07-17,,,,
2026-07-18,138.5,,31.7,,7.0,,,,,91.0,,,,37.8,,,,,,,13.2,22.5,17.9,14.0,17.0,15.5,-1.9,5.2,1.7,,231.99,-3.41,215.0,235.0,,136.12,-1.38,110.0,142.0,,,,,,,,,,,,,,,,,,,,,,,,2026-07-18,,,,
2026-07-19,161.1,67.0,31.9,31.5,7.7,,23.1,11.4,41.1,75.6,,2.2,35.0,37.2,,20.5,0.0,3.0,20.5,,14.1,19.3,16.7,9.0,15.0,11.1,-3.8,3.2,-0.3,,225.51,-6.48,215.0,235.0,,133.83,-2.29,110.0,142.0,,82.93,,,15.73,,,,,,,,,,,,,,,,,,,2026-07-19,,,,
2026-07-20,176.4,77.1,32.7,35.0,6.8,,23.2,11.4,41.5,76.0,,2.8,36.4,39.1,,22.3,0.0,14.0,22.3,,11.5,15.5,13.5,9.0,13.0,11.6,-5.6,2.9,-1.3,,220.92,-4.59,215.0,235.0,,131.85,-1.98,110.0,142.0,,79.75,,,15.49,,,,,,,,,,,,,,,,,,,2026-07-20,,,,
2026-07-21,181.0,80.7,33.0,35.1,5.7,,22.8,11.2,41.9,75.9,,2.9,36.9,39.8,,22.5,0.5,20.5,22.5,,10.6,13.0,11.8,10.0,14.0,11.4,-6.1,4.2,-0.9,,220.92,0.0,215.0,235.0,,130.06,-1.79,110.0,142.0,,79.94,,,14.93,,,,,,,,,,,,,,,,,,,2026-07-21,,,,
2026-07-22,179.6,81.9,30.3,31.1,6.8,,21.5,10.8,42.3,74.6,,4.3,37.1,41.4,,22.6,2.0,21.2,22.6,,9.6,15.6,12.6,9.0,13.0,11.1,-3.4,4.4,0.5,,216.02,-0.94,215.0,235.0,,127.85,-2.21,110.0,142.0,,82.2,,,15.16,,,,,,,,,,,,,,,,,,,2026-07-22,,,,
2026-07-23,170.4,78.5,29.8,29.7,6.3,,22.5,11.2,41.4,75.0,,4.7,36.6,41.3,,23.3,2.5,21.1,23.3,,9.5,15.7,12.6,8.0,13.0,12.7,1.8,7.5,4.7,,216.02,0.0,215.0,235.0,,128.54,0.69,110.0,142.0,,84.73,,,15.34,,,,,,,,,,,,,,,,,,,2026-07-23,,,,
2026-07-24,156.0,,30.1,,6.8,,,,,95.9,,,,39.2,,,,,,,7.1,20.9,14.0,12.0,15.0,13.5,-0.2,5.0,2.4,,224.53,2.32,215.0,235.0,,130.92,2.38,110.0,142.0,,,,,,,,,,,,,,,,,,,,,,,,2026-07-24,,,,
2026-07-25,147.8,,32.0,,6.8,,,,,96.5,,,,39.3,,,,,,,8.0,22.4,15.2,11.0,16.0,13.5,-0.3,4.6,2.1,,230.27,5.74,215.0,235.0,,132.76,1.84,110.0,142.0,,,,,,,,,,,,,,,,,,,,,,,,2026-07-25,,,,
2026-07-26,149.1,60.0,29.0,25.9,7.4,,24.0,11.7,38.8,74.5,,3.4,36.7,40.1,,21.7,1.0,7.0,21.7,,10.3,24.4,17.4,12.0,20.0,15.7,-2.4,2.2,-0.1,,237.43,7.16,215.0,235.0,,134.95,2.19,110.0,142.0,,91.28,,,16.95,,,,,,,,,,,,,,,,,,,2026-07-26,,,,
2026-07-27,143.9,,32.9,,6.8,,,,,96.2,,,,37.9,,,,,,,10.0,25.6,17.8,13.0,19.0,16.0,-1.4,3.2,0.9,,236.14,-1.29,215.0,235.0,,136.28,1.33,110.0,142.0,,,,,,,,,,,,,,,,,,,,,,,,2026-07-27,,,,
2026-07-28,166.4,63.7,34.5,36.4,7.6,,23.7,11.6,39.9,75.2,,3.1,35.9,39.0,,20.3,0.8,6.0,20.3,,11.9,27.0,19.4,11.0,16.0,14.4,-3.5,2.6,-0.4,,236.13,-0.01,215.0,235.0,,134.54,-1.74,110.0,142.0,,82.27,,,16.28,,,,,,,,,,,,,,,,,,,2026-07-28,,,,
2026-07-29,172.9,67.6,34.9,35.2,7.3,,23.6,11.3,41.7,76.7,,2.4,34.8,37.2,,19.0,0.0,10.0,19.0,,14.4,18.7,16.6,9.0,15.0,12.5,-4.9,3.6,-0.7,,218.6,-9.38,215.0,235.0,,130.39,-4.15,110.0,142.0,,78.5,,,15.79,,,,,,,,,,,,,,,,,,,2026-07-29,,,,
2026-07-30,157.5,68.5,33.2,27.7,3.6,,23.4,11.3,41.4,76.1,,2.6,34.9,37.4,,21.6,0.0,9.0,21.6,,15.1,23.1,19.1,11.0,18.0,13.6,-0.0,3.0,1.5,,218.84,0.25,215.0,235.0,,133.09,2.7,110.0,142.0,,83.1,,,15.63,,,,,,,,,,,,,,,,,,,2026-07-30,,,,
2026-07-31,137.6,,35.0,,6.5,,,,,96.7,,,,35.1,,,,,,,13.6,24.4,19.0,14.0,21.0,17.5,-0.0,5.5,2.8,,221.78,2.94,215.0,235.0,,138.76,5.67,110.0,142.0,,,,,,,,,,,,,,,,,,,,,,,,2026-07-31,,,,
2026-08-01,132.5,,33.6,,3.5,,,,,97.8,,,,31.6,,,,,,,14.8,24.7,19.8,14.0,19.0,16.5,0.6,3.6,2.1,,224.78,3.0,215.0,235.0,,143.55,4.79,110.0,142.0,,,,,,,,,,,,,,,,,,,,,,,,2026-08-01,,,,
2026-08-02,137.2,56.3,32.1,21.2,4.5,,23.7,11.6,40.4,75.7,,3.6,29.0,32.6,,21.6,1.3,0.0,21.6,,10.7,24.3,17.5,12.0,15.0,15.4,0.9,5.5,3.2,,232.22,7.43,215.0,235.0,,143.61,0.06,110.0,142.0,,89.32,,,18.02,,,,,,,,,,,,,,,,,,,2026-08-02,,,,
2026-08-03,157.5,59.6,35.0,30.6,7.5,,24.2,11.2,38.9,74.3,,3.7,33.4,37.1,,21.1,1.3,0.0,21.1,,13.0,26.3,19.6,13.0,16.0,15.5,-2.1,6.2,2.0,,229.69,-2.53,215.0,235.0,,136.96,-6.65,110.0,142.0,,86.59,,,16.96,,,,,,,,,,,,,,,,,,,2026-08-03,,,,
2026-08-04,159.6,63.0,34.5,31.1,5.7,,23.8,10.8,40.5,75.2,,4.0,34.3,38.2,,21.3,1.4,3.0,21.3,,17.5,22.5,20.0,11.0,15.0,13.5,-2.2,4.6,1.2,,228.57,-1.14,215.0,235.0,,133.01,-3.95,110.0,142.0,,84.6,,,15.95,,,,,,,,,,,,,,,,,,,2026-08-04,,,,
2026-08-05,160.4,62.6,35.0,32.2,4.7,,23.9,10.7,41.1,75.7,,5.4,32.6,38.0,,20.9,2.8,8.0,20.9,,16.4,22.8,19.6,13.0,16.0,14.1,-3.1,4.3,0.6,,225.08,-3.5,215.0,235.0,,135.24,2.23,110.0,142.0,,84.1,,,15.4,,,,,,,,,,,,,,,,,,,2026-08-05,,,,
2026-08-06,161.7,71.1,34.9,27.3,4.6,,24.1,10.3,42.6,77.0,,5.8,31.5,37.3,,21.0,3.7,6.0,21.0,,12.7,27.0,19.9,9.0,14.0,11.4,-5.2,4.6,-0.3,,225.0,-0.08,215.0,235.0,,134.62,-0.62,110.0,142.0,,80.2,,,13.86,,,,,,,,,,,,,,,,,,,2026-08-06,,,,
2026-08-07,151.5,,35.1,,5.4,,,,,98.6,,,,36.8,,,,,,,8.7,19.4,14.0,5.0,13.0,9.0,-4.7,1.9,-1.4,,221.37,0.05,215.0,235.0,,135.21,0.59,110.0,142.0,,,,,,,,,,,,,,,,,,,,,,,,2026-08-07,,,,
2026-08-08,145.2,,33.5,,5.0,,,,,100.3,,,,35.5,,,,,,,7.1,19.2,13.1,7.0,13.0,10.0,-5.4,2.4,-1.5,,224.37,3.0,215.0,235.0,,135.61,0.4,110.0,142.0,,,,,,,,,,,,,,,,,,,,,,,,2026-08-08,,,,
2026-08-09,146.3,,33.4,,5.5,,,,,98.2,,,,35.1,,,,,,,4.9,16.4,10.6,3.0,15.0,9.0,-6.4,-0.2,-3.3,,225.93,1.56,215.0,235.0,,135.28,-0.33,110.0,142.0,,,,,,,,,,,,,,,,,,,,,,,,2026-08-09,,,,
2026-08-10,182.8,86.8,31.8,33.0,5.7,,23.5,9.6,41.1,74.2,,4.9,33.5,38.4,,22.4,2.4,15.0,22.4,,9.1,15.0,12.1,4.0,12.0,8.5,-10.5,0.3,-5.1,,218.63,-7.3,215.0,235.0,,126.27,-9.01,110.0,142.0,,82.66,,,14.7,,,,,,,,,,,,,,,,,,,2026-08-10,,,,
2026-08-11,181.8,86.5,31.4,34.2,5.8,,24.4,10.4,41.9,76.8,,4.2,35.7,39.8,,23.0,1.8,20.1,23.0,,,,,6.0,12.0,9.2,,,,,216.39,-2.23,215.0,235.0,,123.32,-2.95,110.0,142.0,,79.08,,,13.91,,,,,,,,,,,,,,,,,,,2026-08-11,,,,
2026-08-12,183.0,84.7,30.9,33.7,7.0,,23.4,10.6,42.3,76.4,,4.0,36.7,40.8,,23.6,1.8,20.8,23.6,,,,,8.0,13.0,10.0,,,,,217.16,0.76,215.0,235.0,,117.87,-5.45,110.0,142.0,,78.56,,,13.45,,,,,,,,,,,,,,,,,,,2026-08-12,,,,
2026-08-13,163.8,,29.0,,6.5,,,,,,,,,,,,,,,,,,,8.0,12.0,10.0,,,,,220.31,3.16,215.0,235.0,,116.52,-1.35,110.0,142.0,,,,,,,,,,,,,,,,,,,,,,,,2026-08-13,,,,
2026-08-14,155.9,,28.0,,6.5,,,,,,,,,,,,,,,,,,,10.0,13.0,11.5,,,,,,,215.0,235.0,,116.37,-0.15,110.0,142.0,,,,,,,,,,,,,,,,,,,,,,,,2026-08-14,,,,
2026-08-15,141.3,,26.3,,5.5,,,,,,,,,,,,,,,,,,,13.0,15.0,14.0,,,,,,,215.0,235.0,,,,110.0,142.0,,,,,,,,,,,,,,,,,,,,,,,,2026-08-15,,,,
2026-08-16,131.5,,27.3,,5.5,,,,,,,,,,,,,,,,,,,12.0,18.0,15.0,,,,,,,215.0,235.0,,,,110.0,142.0,,,,,,,,,,,,,,,,,,,,,,,,2026-08-16,,,,
2026-08-17,135.6,,27.4,,5.0,,,,,,,,,,,,,,,,,,,12.0,14.0,13.0,,,,,,,215.0,235.0,,,,110.0,142.0,,,,,,,,,,,,,,,,,,,,,,,,2026-08-17,,,,
2026-08-18,,,,,,,,,,,,,,,,,,,,,,,,,,,,,,,,,215.0,235.0,,,,110.0,142.0,,,,,,,,,,,,,,,,,,,,,,,,2026-08-18,,,,
2026-08-19,,,,,,,,,,,,,,,,,,,,,,,,,,,,,,,,,215.0,235.0,,,,110.0,142.0,,,,,,,,,,,,,,,,,,,,,,,,2026-08-19,,,,
2026-08-20,,,,,,,,,,,,,,,,,,,,,,,,,,,,,,,,,215.0,235.0,,,,110.0,142.0,,,,,,,,,,,,,,,,,,,,,,,,2026-08-20,,,,
2026-08-21,,,,,,,,,,,,,,,,,,,,,,,,,,,,,,,,,215.0,235.0,,,,110.0,142.0,,,,,,,,,,,,,,,,,,,,,,,,2026-08-21,,,,
2026-08-22,,,,,,,,,,,,,,,,,,,,,,,,,,,,,,,,,215.0,235.0,,,,110.0,142.0,,,,,,,,,,,,,,,,,,,,,,,,2026-08-22,,,,
2026-08-23,,,,,,,,,,,,,,,,,,,,,,,,,,,,,,,,,215.0,235.0,,,,110.0,142.0,,,,,,,,,,,,,,,,,,,,,,,,2026-08-23,,,,
