fecha,tipo,source,temp_prom_ba,demanda_total,prioritaria,combustible,gnc,industria,usinas,exp_tgn,exp_tgs,iny_total,iny_tgs,iny_sur,iny_neuba1,iny_neuba2,iny_patagonico,iny_tgn,iny_norte,iny_neuquen,iny_enarsa,iny_gpm,iny_bolivia,iny_chile,peak_shaving,iny_escobar,linepack_total,lim_inf_total,lim_sup_total,var_linepack_total,linepack_tgs,lim_inf_tgs,lim_sup_tgs,linepack_tgn,lim_inf_tgn,lim_sup_tgn,tramo_inicial,lim_inf_tramo_inicial,lim_sup_tramo_inicial,tramo_final,lim_inf_tramo_final,lim_sup_tramo_final,tramo_final_tgs,tramo_final_tgn
2026-04-05,R,PS_20260406.pdf,16.9,120.4,23.8,6.2,4.5,33.5,29.0,7.2,1.7,108.0,52.7,8.1,10.0,34.6,0.0,35.1,3.9,31.2,20.2,20.2,1.9,0.0,0.0,0.0,353.2,312.0,368.0,2.1,220.24,215.0,235.0,132.94,110.0,142.0,254.63,218.0,254.0,100.67,85.0,101.0,85.64,15.03
2026-04-06,R,PS_20260407.pdf,17.3,136.2,28.2,2.3,5.3,37.2,37.7,8.8,2.1,120.4,66.8,21.6,9.9,35.3,0.0,33.3,3.0,30.3,20.2,20.2,1.3,0.0,0.0,0.0,355.3,312.0,368.0,0.1,220.85,215.0,235.0,134.45,110.0,142.0,257.65,218.0,254.0,97.7,85.0,101.0,82.78,14.92
2026-04-07,R,PS_20260408.pdf,17.9,142.0,29.4,3.5,5.3,37.9,39.3,8.4,2.8,125.7,70.0,24.8,9.4,35.8,0.0,34.8,3.1,31.7,20.9,20.9,1.4,0.0,0.0,0.0,355.4,312.0,368.0,0.1,225.24,215.0,235.0,130.12,110.0,142.0,259.13,218.0,254.0,96.35,85.0,101.0,82.73,13.62
2026-04-08,R,PS_20260409.pdf,17.4,142.8,28.3,3.8,5.4,39.2,39.4,8.8,2.3,127.0,69.9,25.4,10.0,34.5,0.0,36.3,3.4,32.8,20.8,20.8,1.3,0.0,0.0,0.0,355.5,312.0,368.0,0.2,227.73,215.0,235.0,127.75,110.0,142.0,259.03,218.0,254.0,96.61,85.0,101.0,83.32,13.29
2026-04-09,R,PS_20260410.pdf,16.1,141.1,27.9,3.9,5.5,37.7,37.2,8.3,2.9,127.2,70.1,25.5,10.1,34.4,0.0,36.6,2.4,34.2,20.5,20.5,0.7,0.0,0.0,0.0,355.6,312.0,368.0,1.9,228.51,215.0,235.0,127.13,110.0,142.0,262.88,218.0,254.0,94.63,85.0,101.0,80.56,14.07
2026-04-12,R,PS_20260413.pdf,19.8,122.3,22.2,3.4,4.5,37.2,27.8,9.1,2.0,109.1,64.8,22.1,10.1,32.7,0.0,33.5,1.9,31.5,10.8,10.8,0.0,0.0,0.0,0.0,369.9,312.0,368.0,1.7,235.83,215.0,235.0,134.07,110.0,142.0,268.62,218.0,254.0,103.02,85.0,101.0,86.24,16.78
2026-04-13,R,PS_20260414.pdf,21.4,127.0,23.8,3.2,5.3,38.7,30.0,7.1,2.1,105.9,59.5,20.5,10.0,29.0,0.0,32.5,1.9,30.6,13.8,13.8,0.0,0.0,0.0,0.0,371.6,312.0,368.0,-5.1,235.47,215.0,235.0,136.17,110.0,142.0,266.3,218.0,254.0,100.2,85.0,101.0,83.44,16.76
2026-04-14,R,PS_20260415.pdf,22.4,132.9,24.1,3.5,5.3,37.5,35.5,8.8,2.1,109.1,58.7,20.5,10.5,27.7,0.0,31.3,2.0,29.2,19.1,19.1,0.0,0.0,0.0,0.0,366.5,312.0,368.0,-8.3,230.5,215.0,235.0,136.01,110.0,142.0,262.25,218.0,254.0,95.96,85.0,101.0,81.75,14.21
2026-04-15,R,PS_20260416.pdf,21.2,134.7,24.3,4.3,5.4,38.2,37.0,7.6,2.0,112.6,61.4,22.3,10.1,29.1,0.0,32.6,2.1,30.5,18.6,18.6,0.0,0.0,0.0,0.0,358.2,312.0,368.0,-6.5,225.8,215.0,235.0,132.41,110.0,142.0,263.21,218.0,254.0,88.48,85.0,101.0,75.15,13.33
2026-04-16,R,PS_20260417.pdf,20.4,135.9,24.8,3.6,5.6,39.2,38.2,6.8,2.0,117.2,63.3,22.3,10.0,31.1,0.0,34.0,2.2,31.8,19.9,19.9,0.0,0.0,0.0,0.0,351.7,312.0,368.0,-3.5,220.0,215.0,235.0,131.69,110.0,142.0,256.74,218.0,254.0,91.46,85.0,101.0,77.97,13.49
2026-04-19,R,PS_20260420.pdf,21.8,130.2,25.3,3.6,4.5,37.3,35.1,7.6,2.2,120.8,68.7,23.5,10.1,35.1,0.0,31.8,1.9,29.9,20.3,20.3,0.0,0.0,0.0,0.0,349.2,312.0,368.0,5.9,216.1,215.0,235.0,133.15,110.0,142.0,256.3,218.0,254.0,98.83,85.0,101.0,83.78,15.05
2026-04-20,R,PS_20260421.pdf,20.4,143.9,32.1,3.7,5.4,39.5,40.5,3.8,2.1,120.1,70.3,24.6,9.8,36.0,0.0,28.9,1.9,27.0,20.9,20.9,0.0,0.0,0.0,0.0,355.1,312.0,368.0,-7.9,217.8,215.0,235.0,137.33,110.0,142.0,252.45,218.0,254.0,94.75,85.0,101.0,79.42,15.33
2026-04-21,R,PS_20260422.pdf,18.7,145.9,33.8,4.3,4.8,39.2,39.9,3.9,2.1,122.2,71.0,24.5,9.6,37.0,0.0,29.6,1.9,27.7,21.5,21.5,0.0,0.0,0.0,0.0,347.2,312.0,368.0,-8.1,213.0,215.0,235.0,134.2,110.0,142.0,247.29,218.0,254.0,91.8,85.0,101.0,77.5,14.3
2026-04-22,R,PS_20260423.pdf,16.2,143.6,34.7,3.5,5.5,35.6,34.8,8.5,2.2,129.0,70.9,24.6,9.8,36.6,0.0,36.6,2.5,34.1,21.5,21.5,0.6,0.0,0.0,0.0,339.1,312.0,368.0,1.9,210.3,215.0,235.0,128.79,110.0,142.0,249.54,218.0,254.0,91.43,85.0,101.0,78.36,13.07
2026-04-23,R,PS_20260424.pdf,17.7,139.1,34.3,3.5,4.9,35.7,34.3,7.4,2.2,126.0,71.4,24.7,9.8,36.9,0.0,34.8,2.3,32.4,19.8,19.8,0.6,0.0,0.0,0.0,341.0,312.0,368.0,2.9,214.63,215.0,235.0,126.33,110.0,142.0,249.37,218.0,254.0,94.47,85.0,101.0,81.4,13.07
2026-04-26,R,PS_20260427.pdf,13.4,137.4,40.3,6.9,4.5,32.8,27.7,7.6,2.0,123.8,69.8,24.7,9.5,35.6,0.0,37.8,3.8,34.0,16.2,16.2,2.0,0.0,0.0,0.0,340.7,312.0,368.0,1.2,212.1,215.0,235.0,128.64,110.0,142.0,253.57,218.0,254.0,88.33,85.0,101.0,75.88,12.45
2026-04-27,R,PS_20260428.pdf,11.8,156.2,50.0,8.0,5.4,36.5,34.7,3.9,1.8,129.5,73.6,25.3,9.8,38.6,0.0,31.4,3.6,27.8,24.5,24.5,1.8,0.0,0.0,0.0,341.9,312.0,368.0,-10.6,211.95,215.0,235.0,129.95,110.0,142.0,244.17,218.0,254.0,87.13,85.0,101.0,74.8,12.33
2026-04-28,R,PS_20260429.pdf,15.8,151.4,47.3,4.1,5.3,35.2,29.1,9.1,2.1,132.6,72.6,24.2,9.8,38.6,0.0,38.2,4.1,34.2,21.8,21.8,2.3,0.0,0.0,0.0,331.3,312.0,368.0,-2.6,208.67,215.0,235.0,122.63,110.0,142.0,241.43,218.0,254.0,87.28,85.0,101.0,72.87,14.41
2026-04-29,R,PS_20260430.pdf,16.0,143.4,42.8,3.2,5.4,33.9,29.3,7.3,1.9,129.0,67.2,22.7,10.0,34.6,0.0,40.7,5.5,35.2,21.0,21.0,3.7,0.0,0.0,0.0,328.7,312.0,368.0,0.9,208.07,215.0,235.0,120.64,110.0,142.0,243.16,218.0,254.0,86.44,85.0,101.0,72.25,14.19
2026-05-03,R,PS_20260504.pdf,11.1,139.9,49.3,3.9,4.4,32.1,30.3,7.7,1.9,132.9,73.3,24.9,10.1,38.3,0.0,37.3,5.5,31.8,22.3,22.3,3.5,0.0,0.0,0.0,355.3,312.0,368.0,7.3,216.4,215.0,235.0,138.94,110.0,142.0,262.51,218.0,254.0,100.11,85.0,101.0,82.64,17.47
2026-05-04,R,PS_20260505.pdf,16.7,150.3,44.1,4.1,5.3,34.5,35.2,7.9,2.1,133.6,70.2,25.2,10.0,35.0,0.0,41.2,5.2,36.0,22.2,22.2,3.5,0.0,0.0,0.0,362.6,312.0,368.0,-1.8,224.66,215.0,235.0,137.96,110.0,142.0,264.26,218.0,254.0,96.53,85.0,101.0,80.97,15.56
2026-05-05,R,PS_20260506.pdf,20.3,147.9,39.0,4.1,5.2,35.7,34.7,8.6,2.0,133.8,71.4,25.4,10.3,35.8,0.0,39.4,4.8,34.6,22.9,22.9,2.7,0.0,0.0,0.0,360.8,312.0,368.0,1.8,223.02,215.0,235.0,137.77,110.0,142.0,261.64,218.0,254.0,101.0,85.0,101.0,85.15,15.85
2026-05-06,R,PS_20260507.pdf,22.1,140.8,36.9,4.0,5.2,33.8,34.3,9.9,1.9,130.6,74.1,25.4,10.4,38.4,0.0,36.8,2.2,34.5,19.7,19.7,0.1,0.0,0.0,0.0,362.6,312.0,368.0,6.0,225.57,215.0,235.0,137.06,110.0,142.0,262.88,218.0,254.0,105.78,85.0,101.0,88.22,17.56
2026-05-07,R,PS_20260508.pdf,13.9,145.7,45.9,4.1,5.0,34.5,31.1,8.0,1.9,133.2,74.2,25.3,10.2,38.7,0.0,38.4,2.7,35.7,20.6,20.6,1.1,0.0,0.0,0.0,368.7,312.0,368.0,3.5,232.44,215.0,235.0,136.23,110.0,142.0,269.18,218.0,254.0,102.99,85.0,101.0,85.49,17.5
2026-05-10,R,PS_20260511.pdf,10.3,154.3,62.4,3.6,4.6,32.3,27.0,4.9,1.8,134.0,74.3,25.1,10.4,38.7,0.0,36.4,3.4,33.0,23.3,23.3,1.5,0.0,0.0,0.0,353.4,312.0,368.0,-4.1,225.13,215.0,235.0,128.27,110.0,142.0,256.62,218.0,254.0,92.67,85.0,101.0,79.12,13.55
2026-05-11,R,PS_20260512.pdf,12.9,152.8,60.4,4.9,5.4,34.0,25.1,5.8,1.7,134.7,72.1,25.1,8.6,38.4,0.0,39.5,5.0,34.5,23.1,23.1,1.9,1.2,0.0,0.0,349.3,312.0,368.0,-2.3,223.85,215.0,235.0,125.44,110.0,142.0,255.98,218.0,254.0,91.06,85.0,101.0,77.9,13.16
2026-05-12,R,PS_20260513.pdf,15.5,152.0,57.9,5.1,5.4,34.0,26.4,7.0,1.6,137.4,72.6,25.3,8.3,39.0,0.0,41.6,4.5,37.1,23.1,23.1,1.3,1.2,0.0,0.0,347.0,312.0,368.0,1.2,222.91,215.0,235.0,124.13,110.0,142.0,254.83,218.0,254.0,93.38,85.0,101.0,79.44,13.94
2026-05-13,R,PS_20260514.pdf,12.6,156.1,60.7,5.1,5.5,34.5,26.6,7.3,0.9,138.8,74.6,25.7,9.4,39.5,0.0,41.4,4.3,37.2,22.7,22.7,1.3,1.0,0.0,0.0,348.2,312.0,368.0,-1.4,222.98,215.0,235.0,125.24,110.0,142.0,253.75,218.0,254.0,93.09,85.0,101.0,79.06,14.03
2026-05-14,R,PS_20260515.pdf,12.2,156.3,60.3,4.3,5.5,34.3,27.8,7.3,0.7,137.4,74.4,25.4,9.4,39.6,0.0,39.5,2.7,36.8,23.5,23.5,1.1,0.0,0.0,0.0,346.8,312.0,368.0,-2.0,221.26,215.0,235.0,125.58,110.0,142.0,252.45,218.0,254.0,92.36,85.0,101.0,79.02,13.34
2026-05-17,R,PS_20260518.pdf,11.1,156.7,65.4,5.4,4.5,31.8,26.2,6.0,0.5,144.5,75.0,25.2,9.8,40.0,0.0,40.3,3.5,36.7,23.1,23.1,1.4,0.0,0.0,6.1,348.7,312.0,368.0,4.5,223.6,215.0,235.0,125.11,110.0,142.0,255.82,218.0,254.0,97.37,85.0,101.0,83.37,14.0
2026-05-18,R,PS_20260519.pdf,10.7,169.4,69.1,5.0,5.2,34.8,29.9,5.4,0.5,145.6,75.6,25.3,9.8,40.5,0.0,36.6,3.4,33.2,23.3,23.3,1.3,0.0,0.0,10.1,353.2,312.0,368.0,-7.6,223.66,215.0,235.0,129.53,110.0,142.0,250.67,218.0,254.0,94.91,85.0,101.0,81.22,13.69
2026-05-19,R,PS_20260520.pdf,12.3,163.7,65.9,4.7,5.4,33.9,30.1,5.6,0.6,143.5,73.0,23.7,9.7,39.6,0.0,37.2,3.2,34.0,22.8,22.8,1.2,0.0,0.0,10.6,345.6,312.0,368.0,-4.3,220.58,215.0,235.0,125.0,110.0,142.0,245.99,218.0,254.0,95.28,85.0,101.0,81.27,14.01
2026-05-20,R,PS_20260521.pdf,11.5,167.7,68.2,6.5,5.5,33.3,31.0,7.2,0.5,143.5,73.1,22.7,9.6,40.8,0.0,39.0,3.8,35.2,23.7,23.7,1.8,0.0,0.0,7.6,341.3,312.0,368.0,-7.2,218.18,215.0,235.0,123.1,110.0,142.0,242.72,218.0,254.0,91.36,85.0,101.0,78.2,13.16
2026-05-21,R,PS_20260522.pdf,8.4,167.8,71.1,5.4,5.7,32.8,30.7,4.3,0.0,151.1,76.6,26.1,9.7,40.8,0.0,42.1,4.0,38.1,23.9,23.9,2.0,0.0,0.0,8.5,334.1,312.0,368.0,0.9,212.3,215.0,235.0,121.78,110.0,142.0,250.65,218.0,254.0,84.3,85.0,101.0,71.68,12.62
2026-05-25,R,PS_20260526.pdf,12.7,160.7,62.0,5.9,4.6,30.8,32.6,6.7,0.4,142.6,73.7,23.1,9.5,41.1,0.0,41.4,4.0,37.4,24.4,24.4,2.0,0.0,0.0,3.0,346.5,312.0,368.0,-0.8,220.0,215.0,235.0,126.54,110.0,142.0,252.23,218.0,254.0,93.55,85.0,101.0,80.18,13.37
2026-05-26,R,PS_20260527.pdf,12.1,164.5,66.5,5.2,5.5,33.0,31.6,4.3,0.1,144.1,76.5,26.0,9.3,41.2,0.0,40.5,5.8,34.7,24.1,24.1,3.8,0.0,0.0,3.0,345.8,312.0,368.0,-3.0,219.23,215.0,235.0,126.55,110.0,142.0,253.06,218.0,254.0,89.67,85.0,101.0,75.9,13.77
2026-05-27,R,PS_20260528.pdf,13.3,162.4,67.6,4.2,5.3,32.7,27.1,6.7,0.3,143.2,76.5,26.1,9.3,41.1,0.0,42.5,5.5,37.0,24.2,24.2,3.5,0.0,0.0,0.0,342.7,312.0,368.0,-1.2,216.29,215.0,235.0,126.45,110.0,142.0,253.24,218.0,254.0,88.34,85.0,101.0,75.38,12.96
2026-05-28,R,PS_20260529.pdf,13.8,157.5,66.7,4.8,5.4,32.5,25.8,4.0,0.7,142.0,76.9,26.1,9.6,41.3,0.0,40.8,6.1,34.7,24.2,24.2,4.1,0.0,0.0,0.0,341.6,312.0,368.0,2.2,216.91,215.0,235.0,124.66,110.0,142.0,253.69,218.0,254.0,90.13,85.0,101.0,76.8,13.33
2026-05-31,R,PS_20260601.pdf,12.0,151.0,59.9,4.8,4.5,30.3,25.1,7.8,0.4,139.1,72.5,21.4,9.8,41.3,0.0,39.7,2.7,37.1,23.9,23.9,0.6,0.0,0.0,3.0,342.8,312.0,368.0,6.3,217.8,215.0,235.0,125.03,110.0,142.0,252.27,218.0,254.0,96.85,85.0,101.0,81.81,15.04
2026-06-01,R,PS_20260602.pdf,11.9,169.0,66.6,4.2,5.4,33.1,35.9,8.9,0.4,155.3,73.2,21.3,9.7,42.2,0.0,42.1,2.7,39.4,24.0,24.0,0.3,0.0,0.0,16.0,349.1,312.0,368.0,4.1,219.54,215.0,235.0,129.57,110.0,142.0,253.46,218.0,254.0,99.78,85.0,101.0,83.89,15.89
2026-06-02,R,PS_20260603.pdf,14.1,174.1,63.0,4.2,5.4,33.9,37.8,7.9,0.4,152.5,72.1,20.9,9.8,41.5,0.0,40.4,3.3,37.2,23.9,23.9,1.0,0.0,0.0,16.0,353.2,312.0,368.0,-2.9,220.65,215.0,235.0,132.59,110.0,142.0,250.96,218.0,254.0,99.36,85.0,101.0,83.73,15.63
2026-06-03,R,PS_20260604.pdf,14.0,169.5,59.3,5.1,5.4,34.4,38.6,7.8,0.7,149.0,74.6,24.0,9.8,40.9,0.0,38.6,2.7,35.9,23.7,23.7,0.1,0.0,0.0,12.0,350.3,312.0,368.0,-1.6,219.97,215.0,235.0,130.34,110.0,142.0,249.87,218.0,254.0,98.83,85.0,101.0,84.85,13.98
2026-06-04,R,PS_20260605.pdf,15.3,171.5,57.9,4.9,5.6,35.7,41.2,7.7,0.7,154.2,76.5,25.3,9.6,41.6,0.0,42.2,4.2,38.0,23.5,23.5,1.9,0.0,0.0,12.0,348.7,312.0,368.0,1.7,223.97,215.0,235.0,124.73,110.0,142.0,251.07,218.0,254.0,99.33,85.0,101.0,84.48,14.85
2026-06-07,R,PS_20260608.pdf,15.7,161.8,56.7,5.0,4.6,31.9,38.1,7.9,0.8,145.2,75.3,24.9,9.8,40.6,0.0,39.4,3.4,36.0,19.4,19.4,1.0,0.0,0.0,11.0,357.0,312.0,368.0,2.0,228.53,215.0,235.0,128.43,110.0,142.0,257.53,218.0,254.0,101.41,85.0,101.0,85.77,15.64
2026-06-08,R,PS_20260609.pdf,14.5,176.9,65.3,4.8,5.5,33.4,42.8,6.3,0.4,151.0,75.7,24.7,9.8,41.2,0.0,41.1,4.2,36.9,22.2,22.2,1.8,0.0,0.0,12.0,358.9,312.0,368.0,-7.4,228.12,215.0,235.0,130.82,110.0,142.0,257.86,218.0,254.0,93.7,85.0,101.0,78.98,14.72
2026-06-09,R,PS_20260610.pdf,11.7,177.6,68.2,4.3,5.8,33.9,40.8,6.0,0.5,156.6,75.7,24.8,10.0,40.9,0.0,40.6,3.8,36.8,23.3,23.3,1.3,0.0,0.0,17.0,351.6,312.0,368.0,-2.7,221.25,215.0,235.0,130.31,110.0,142.0,255.19,218.0,254.0,93.67,85.0,101.0,79.09,14.58
2026-06-10,R,PS_20260611.pdf,12.4,173.6,67.2,4.3,5.6,33.0,38.5,5.6,0.4,153.5,73.2,21.3,9.7,42.2,0.0,39.6,3.5,36.2,23.6,23.6,1.1,0.0,0.0,17.0,348.9,312.0,368.0,-1.9,221.33,215.0,235.0,127.53,110.0,142.0,248.17,218.0,254.0,98.79,85.0,101.0,83.27,15.52
2026-06-11,R,PS_20260612.pdf,13.5,167.5,64.5,4.3,5.6,32.5,34.8,5.3,0.3,151.7,73.8,22.7,9.9,41.2,0.0,38.0,2.8,35.2,22.9,22.9,0.5,0.0,0.0,17.0,347.0,312.0,368.0,3.5,218.89,215.0,235.0,128.07,110.0,142.0,248.21,218.0,254.0,102.2,85.0,101.0,86.44,15.76
2026-06-15,R,PS_20260616.pdf,6.4,172.0,75.7,4.0,4.9,29.9,34.3,5.2,0.6,157.0,75.9,24.4,11.0,40.6,0.0,40.4,3.4,36.9,23.7,23.7,1.0,0.0,0.0,17.0,353.3,312.0,368.0,2.8,222.6,215.0,235.0,130.65,110.0,142.0,256.32,218.0,254.0,99.73,85.0,101.0,84.99,14.74
2026-06-16,R,PS_20260617.pdf,9.6,181.5,73.7,4.1,5.5,31.9,38.0,7.3,0.4,155.6,74.8,23.7,10.0,41.1,0.0,39.2,3.3,35.9,23.6,23.6,1.0,0.0,0.0,18.0,356.1,312.0,368.0,-7.4,224.57,215.0,235.0,131.48,110.0,142.0,250.15,218.0,254.0,98.54,85.0,101.0,84.07,14.47
2026-06-17,R,PS_20260618.pdf,12.8,176.9,75.9,4.0,5.6,31.2,33.0,5.3,0.4,154.7,75.9,23.5,9.8,42.5,0.0,37.9,3.4,34.6,22.9,22.9,1.0,0.0,0.0,18.0,348.7,312.0,368.0,-3.9,222.52,215.0,235.0,126.17,110.0,142.0,248.54,218.0,254.0,96.29,85.0,101.0,82.01,14.28
2026-06-18,R,PS_20260619.pdf,11.8,173.0,77.5,4.1,5.6,31.9,32.1,4.9,0.4,151.1,76.0,23.8,9.5,42.6,0.0,37.8,3.6,34.1,22.3,22.3,1.2,0.0,0.0,15.0,344.8,312.0,368.0,-3.8,221.32,215.0,235.0,123.51,110.0,142.0,245.5,218.0,254.0,95.53,85.0,101.0,81.17,14.36
2026-06-21,R,PS_20260622.pdf,11.1,163.0,67.6,4.1,4.6,27.3,27.6,6.3,0.4,155.4,75.8,24.6,10.9,40.2,0.0,42.2,3.5,38.7,21.9,21.9,1.1,0.0,0.0,15.5,352.0,312.0,368.0,10.5,225.5,215.0,235.0,126.49,110.0,142.0,253.82,218.0,254.0,108.66,85.0,101.0,92.62,16.04
2026-06-22,R,PS_20260624.pdf,10.9,170.7,81.5,3.8,5.3,28.2,28.0,6.4,0.5,152.7,76.8,24.4,10.3,42.1,0.0,39.7,3.2,36.5,20.7,20.7,0.7,0.0,0.0,15.5,362.5,312.0,368.0,0.6,231.44,215.0,235.0,131.04,110.0,142.0,257.33,218.0,254.0,105.73,85.0,101.0,89.87,15.86
2026-06-23,R,PS_20260624.pdf,9.2,179.1,85.8,2.1,5.5,26.5,30.3,7.2,0.5,159.1,76.5,24.4,10.1,42.0,0.0,43.0,3.7,39.3,21.6,21.6,1.2,0.0,0.0,18.0,363.1,312.0,368.0,-0.9,231.78,215.0,235.0,131.28,110.0,142.0,259.19,218.0,254.0,102.95,85.0,101.0,87.15,15.8
2026-06-24,R,PS_20260625.pdf,8.5,183.8,86.7,4.3,5.5,27.1,31.0,6.8,0.5,157.9,75.7,24.4,10.0,41.3,0.0,41.6,3.6,38.0,21.6,21.6,1.0,0.0,0.0,19.0,362.1,312.0,368.0,-6.6,230.61,215.0,235.0,131.53,110.0,142.0,256.76,218.0,254.0,98.76,85.0,101.0,84.81,13.95
2026-06-25,R,PS_20260626.pdf,9.1,178.9,84.2,4.4,5.6,28.2,31.1,6.6,0.5,159.9,76.1,24.7,9.9,41.5,0.0,41.6,3.5,38.1,22.1,22.1,1.0,0.0,0.0,20.1,355.5,312.0,368.0,0.4,227.66,215.0,235.0,127.86,110.0,142.0,258.4,218.0,254.0,97.52,85.0,101.0,81.91,15.61
2026-06-28,R,PS_20260629.pdf,13.0,167.2,74.9,4.6,4.5,27.6,28.2,7.0,0.4,156.0,75.0,24.6,10.1,40.3,0.0,39.9,2.8,37.2,22.0,22.0,0.5,0.0,0.0,19.0,362.6,312.0,368.0,6.8,230.0,215.0,235.0,132.56,110.0,142.0,262.49,218.0,254.0,106.85,85.0,101.0,90.8,16.05
2026-06-29,R,PS_20260630.pdf,9.9,176.7,80.8,4.3,5.5,28.3,31.6,6.6,0.5,157.9,76.9,24.8,10.2,41.8,0.0,41.0,2.6,38.4,20.9,20.9,0.0,0.0,0.0,19.1,369.3,312.0,368.0,-0.3,236.38,215.0,235.0,132.97,110.0,142.0,263.48,218.0,254.0,105.53,85.0,101.0,89.64,15.89
2026-06-30,R,PS_20260701.pdf,9.5,175.3,83.5,3.8,5.5,27.8,30.3,6.1,0.5,159.0,77.9,24.7,10.4,42.9,0.0,41.0,2.3,38.6,22.0,22.0,0.0,0.0,0.0,18.0,369.0,312.0,368.0,1.8,236.23,215.0,235.0,132.79,110.0,142.0,266.23,218.0,254.0,104.58,85.0,101.0,88.87,15.71
2026-07-01,R,PS_20260702.pdf,9.7,181.9,88.7,3.8,5.6,27.2,30.5,6.0,0.4,156.7,76.7,23.2,11.2,42.3,0.0,41.2,3.2,38.0,21.8,21.8,0.8,0.0,0.0,17.0,370.8,312.0,368.0,-7.4,236.7,215.0,235.0,134.11,110.0,142.0,262.74,218.0,254.0,100.62,85.0,101.0,85.26,15.36
2026-07-02,R,PS_20260703.pdf,6.1,188.8,94.8,3.9,5.8,27.9,32.4,5.3,0.3,159.2,75.7,24.4,10.6,40.8,0.0,40.7,4.2,36.5,22.7,22.7,1.9,0.0,0.0,20.0,363.4,312.0,368.0,-11.5,229.93,215.0,235.0,133.43,110.0,142.0,255.6,218.0,254.0,96.28,85.0,101.0,81.6,14.68
2026-07-05,R,PS_20260706.pdf,6.1,175.7,91.2,2.5,4.5,24.0,26.9,6.2,0.3,162.0,77.8,24.3,11.4,42.1,0.0,42.3,5.0,37.2,22.7,22.7,2.3,0.0,0.0,19.2,347.2,312.0,368.0,4.8,221.25,215.0,235.0,125.99,110.0,142.0,247.61,218.0,254.0,104.43,85.0,101.0,88.34,16.09
2026-07-06,R,PS_20260707.pdf,7.5,178.9,92.6,4.3,5.5,26.6,24.0,5.7,0.4,161.5,77.7,25.0,10.8,41.8,0.0,41.6,4.1,37.5,23.0,23.0,1.7,0.0,0.0,19.3,352.0,312.0,368.0,0.8,223.94,215.0,235.0,128.11,110.0,142.0,249.14,218.0,254.0,103.7,85.0,101.0,87.57,16.13
2026-07-07,R,PS_20260708.pdf,10.3,175.3,85.1,4.2,5.2,27.0,27.8,5.4,0.4,161.2,76.4,24.2,10.8,41.4,0.0,42.0,3.6,38.4,23.0,23.0,1.2,0.0,0.0,19.9,352.8,312.0,368.0,3.9,224.34,215.0,235.0,128.49,110.0,142.0,252.21,218.0,254.0,104.5,85.0,101.0,89.07,15.43
2026-07-13,R,PS_20260714.pdf,7.7,183.5,84.5,4.3,5.5,31.5,34.6,6.1,0.5,161.1,76.3,23.9,10.9,41.5,0.0,41.8,4.1,37.7,23.0,23.0,1.8,0.0,2.0,18.0,346.8,312.0,368.0,-3.9,219.6,215.0,235.0,127.2,110.0,142.0,251.87,218.0,254.0,91.07,85.0,101.0,76.9,14.17
2026-07-14,R,PS_20260715.pdf,11.9,180.5,79.2,4.2,5.4,30.7,34.6,6.8,0.5,160.1,76.1,23.9,10.3,41.9,0.0,42.7,5.0,37.7,23.1,23.1,2.7,0.0,0.6,17.6,347.5,312.0,368.0,-1.8,220.4,215.0,235.0,127.13,110.0,142.0,248.19,218.0,254.0,97.5,85.0,101.0,82.95,14.55
2026-07-15,R,PS_20260716.pdf,14.9,168.1,69.7,4.2,4.9,30.4,33.9,7.3,0.3,159.2,75.9,24.1,10.6,41.2,0.0,43.1,5.0,38.1,22.6,22.6,2.5,0.0,0.0,17.6,345.7,312.0,368.0,9.1,219.66,215.0,235.0,126.03,110.0,142.0,252.06,218.0,254.0,102.68,85.0,101.0,87.43,15.25
2026-07-16,R,PS_20260717.pdf,19.3,158.9,58.8,3.6,5.4,31.1,30.4,7.4,0.4,153.9,75.9,23.7,11.2,41.0,0.0,41.4,3.6,37.8,21.5,21.5,1.1,0.0,0.0,15.0,354.7,312.0,368.0,12.6,224.94,215.0,235.0,129.81,110.0,142.0,258.5,218.0,254.0,108.81,85.0,101.0,91.74,17.07
2026-07-19,R,PS_20260720.pdf,11.1,161.1,67.0,3.7,4.2,31.9,31.5,7.4,0.3,136.3,75.6,23.1,11.4,41.1,0.0,37.2,2.2,35.0,20.5,20.5,0.0,0.0,0.0,3.0,368.7,312.0,368.0,-6.5,232.6,215.0,235.0,136.12,110.0,142.0,263.6,218.0,254.0,98.66,85.0,101.0,82.93,15.73
2026-07-20,R,PS_20260721.pdf,11.6,176.4,77.1,3.3,5.2,32.7,35.0,6.6,0.2,151.4,76.0,23.2,11.4,41.5,0.0,39.1,2.8,36.4,22.3,22.3,0.0,0.0,0.0,14.0,359.3,312.0,368.0,-6.6,225.5,215.0,235.0,133.83,110.0,142.0,257.53,218.0,254.0,95.24,85.0,101.0,79.75,15.49
2026-07-21,R,PS_20260722.pdf,11.4,181.0,80.7,4.1,5.3,33.0,35.1,5.4,0.3,158.7,75.9,22.8,11.2,41.9,0.0,39.8,2.9,36.9,22.5,22.5,0.5,0.0,0.0,20.5,352.8,312.0,368.0,-5.7,220.92,215.0,235.0,131.85,110.0,142.0,252.16,218.0,254.0,94.87,85.0,101.0,79.94,14.93
2026-07-22,R,PS_20260723.pdf,11.1,179.6,81.9,4.0,5.3,30.3,31.1,6.4,0.4,159.8,74.6,21.5,10.8,42.3,0.0,41.4,4.3,37.1,22.6,22.6,2.0,0.0,0.0,21.2,347.0,312.0,368.0,-3.2,216.97,215.0,235.0,130.06,110.0,142.0,246.52,218.0,254.0,97.36,85.0,101.0,82.2,15.16
2026-07-23,R,PS_20260724.pdf,12.7,170.4,78.5,4.0,5.4,29.8,29.7,5.9,0.4,160.7,75.0,22.5,11.2,41.4,0.0,41.3,4.7,36.6,23.3,23.3,2.5,0.0,0.0,21.1,343.9,312.0,368.0,6.9,216.02,215.0,235.0,127.85,110.0,142.0,250.67,218.0,254.0,100.07,85.0,101.0,84.73,15.34
2026-07-26,R,PS_20260727.pdf,15.7,149.1,60.0,4.3,4.6,29.0,25.9,7.0,0.4,143.4,74.5,24.0,11.7,38.8,0.0,40.1,3.4,36.7,21.7,21.7,1.0,0.0,0.0,7.0,363.1,312.0,368.0,9.3,230.3,215.0,235.0,132.76,110.0,142.0,264.16,218.0,254.0,108.23,85.0,101.0,91.28,16.95
2026-07-28,R,PS_20260729.pdf,14.4,166.4,63.7,2.9,5.4,34.5,36.4,7.1,0.5,140.6,75.2,23.7,11.6,39.9,0.0,39.0,3.1,35.9,20.3,20.3,0.8,0.0,0.0,6.0,372.4,312.0,368.0,-9.9,236.13,215.0,235.0,136.28,110.0,142.0,263.97,218.0,254.0,98.55,85.0,101.0,82.27,16.28
2026-07-29,R,PS_20260730.pdf,12.5,172.9,67.6,3.0,5.3,34.9,35.2,6.8,0.5,143.0,76.7,23.6,11.3,41.7,0.0,37.2,2.4,34.8,19.0,19.0,0.0,0.0,0.0,10.0,362.5,312.0,368.0,-13.5,227.98,215.0,235.0,134.54,110.0,142.0,254.68,218.0,254.0,94.29,85.0,101.0,78.5,15.79
2026-07-30,R,PS_20260731.pdf,13.6,157.5,68.5,2.4,5.4,33.2,27.7,3.1,0.5,144.2,76.1,23.4,11.3,41.4,0.0,37.4,2.6,34.9,21.6,21.6,0.0,0.0,0.0,9.0,349.0,312.0,368.0,3.0,218.59,215.0,235.0,130.39,110.0,142.0,262.99,218.0,254.0,98.73,85.0,101.0,83.1,15.63
2026-08-02,R,PS_20260803.pdf,15.4,137.2,56.3,3.2,4.6,32.1,21.2,4.1,0.4,130.0,75.7,23.7,11.6,40.4,0.0,32.6,3.6,29.0,21.6,21.6,1.3,0.0,0.0,0.0,368.3,312.0,368.0,7.5,224.78,215.0,235.0,143.55,110.0,142.0,268.49,218.0,254.0,107.34,85.0,101.0,89.32,18.02
2026-08-03,R,PS_20260804.pdf,15.5,157.5,59.6,3.5,5.4,35.0,30.6,7.1,0.4,132.4,74.3,24.2,11.2,38.9,0.0,37.1,3.7,33.4,21.1,21.1,1.3,0.0,0.0,0.0,375.8,312.0,368.0,-9.2,232.21,215.0,235.0,143.61,110.0,142.0,263.1,218.0,254.0,103.55,85.0,101.0,86.59,16.96
2026-08-04,R,PS_20260805.pdf,13.5,159.6,63.0,3.0,5.5,34.5,31.1,5.2,0.5,137.7,75.2,23.8,10.8,40.5,0.0,38.2,4.0,34.3,21.3,21.3,1.4,0.0,0.0,3.0,366.7,312.0,368.0,-5.1,229.7,215.0,235.0,136.96,110.0,142.0,261.06,218.0,254.0,100.55,85.0,101.0,84.6,15.95
2026-08-05,R,PS_20260806.pdf,14.1,160.4,62.6,4.1,5.5,35.0,32.2,4.0,0.7,142.6,75.7,23.9,10.7,41.1,0.0,38.0,5.4,32.6,20.9,20.9,2.8,0.0,0.0,8.0,361.6,312.0,368.0,-1.4,228.6,215.0,235.0,133.01,110.0,142.0,260.74,218.0,254.0,99.5,85.0,101.0,84.1,15.4
2026-08-06,R,PS_20260808.pdf,11.4,161.7,71.1,4.5,5.4,34.9,27.3,4.0,0.6,141.3,77.0,24.1,10.3,42.6,0.0,37.3,5.8,31.5,21.0,21.0,3.7,0.0,0.0,6.0,360.2,312.0,368.0,-4.3,225.0,215.0,235.0,135.24,110.0,142.0,261.86,218.0,254.0,94.06,85.0,101.0,80.2,13.86
2026-08-10,R,PS_20260811.pdf,8.5,182.8,86.8,5.5,5.6,31.8,33.0,5.2,0.5,150.1,74.2,23.5,9.6,41.1,0.0,38.4,4.9,33.5,22.4,22.4,2.4,0.0,0.0,15.0,361.2,312.0,368.0,-16.3,225.9,215.0,235.0,135.28,110.0,142.0,247.51,218.0,254.0,97.36,85.0,101.0,82.66,14.7
2026-08-11,R,PS_20260812.pdf,9.2,181.8,86.5,4.4,5.6,31.4,34.2,5.3,0.5,159.7,76.8,24.4,10.4,41.9,0.0,39.8,4.2,35.7,23.0,23.0,1.8,0.0,0.0,20.1,344.9,312.0,368.0,-5.2,218.6,215.0,235.0,126.27,110.0,142.0,246.73,218.0,254.0,92.99,85.0,101.0,79.08,13.91
2026-08-12,R,PS_20260813.pdf,10.0,183.0,84.7,3.9,5.6,30.9,33.7,6.7,0.3,161.5,76.4,23.4,10.6,42.3,0.0,40.8,4.0,36.7,23.6,23.6,1.8,0.0,0.0,20.8,339.7,312.0,368.0,-4.6,216.4,215.0,235.0,123.32,110.0,142.0,243.06,218.0,254.0,92.01,85.0,101.0,78.56,13.45
2026-08-17,R,PS_20260818.pdf,12.5,153.0,71.8,3.6,4.9,28.6,24.7,3.6,0.4,137.3,75.9,24.1,10.7,41.1,0.0,38.3,4.8,33.5,23.2,23.2,2.5,0.0,0.0,0.0,358.1,312.0,368.0,0.0,230.0,215.0,235.0,128.14,110.0,142.0,255.88,218.0,254.0,102.27,85.0,101.0,87.47,14.8
2026-08-18,R,PS_20260819.pdf,10.1,165.8,77.3,3.7,5.6,29.3,27.7,3.1,0.5,147.1,76.6,24.1,10.8,41.6,0.0,39.8,4.7,35.1,23.8,23.8,2.3,0.0,0.0,7.0,358.2,312.0,368.0,-2.3,230.0,215.0,235.0,128.15,110.0,142.0,257.93,218.0,254.0,97.93,85.0,101.0,83.41,14.52
2026-08-19,R,PS_20260820.pdf,11.0,158.1,73.7,4.0,5.5,30.3,26.0,3.6,0.5,145.2,74.4,24.2,9.3,40.9,0.0,40.3,5.0,35.3,23.6,23.6,2.5,0.0,0.0,7.0,355.9,312.0,368.0,3.4,227.0,215.0,235.0,128.86,110.0,142.0,262.69,218.0,254.0,96.59,85.0,101.0,82.37,14.22
2026-08-20,R,PS_20260821.pdf,12.6,154.9,70.2,3.9,5.6,31.5,27.7,2.3,0.4,144.1,75.8,24.1,11.3,40.3,0.0,39.0,6.1,32.9,23.7,23.7,3.8,0.0,0.0,5.6,359.3,312.0,368.0,4.9,228.4,215.0,235.0,130.88,110.0,142.0,265.56,218.0,254.0,98.59,85.0,101.0,85.49,13.1
2026-08-23,R,PS_20260824.pdf,9.3,163.2,73.7,3.6,4.7,30.0,28.2,4.4,0.4,144.9,75.6,24.1,11.4,40.1,0.0,39.7,6.8,32.9,23.5,23.5,4.5,0.0,0.0,6.0,356.3,312.0,368.0,-2.0,229.2,215.0,235.0,127.06,110.0,142.0,258.5,218.0,254.0,95.71,85.0,101.0,82.81,12.9
2026-08-24,R,PS_20260825.pdf,10.1,174.4,75.4,4.2,5.5,32.1,30.8,6.2,0.4,148.2,74.0,24.0,10.5,39.5,0.0,42.6,6.8,35.8,23.1,23.1,4.4,0.0,0.0,8.5,354.2,312.0,368.0,-9.8,228.6,215.0,235.0,125.61,110.0,142.0,253.58,218.0,254.0,90.79,85.0,101.0,77.83,12.96
