fecha,source,linepack_total,linepack_delta,consumo_total_estimado,temp_min_ba,temp_max_ba,temp_tm_ba,temp_tm_2025,temp_tm_misma_semana,imp_bolivia,imp_chile,imp_escobar,imp_bahia_blanca,imp_escobar_proximo_barco,imp_bahia_blanca_proximo_barco,cons_prioritaria,cons_cammesa,cons_industria,cons_gnc,cons_combustible,exp_tgn,exp_tgs
2024-04-20,RDS_20240420.pdf,336.0,3.2,109.1,19.0,27.0,23.0,,,4.8,0.0,,0.0,,,30.1,25.9,35.1,5.9,3.6,6.4,2.1
2024-04-21,RDS_20240421.pdf,344.2,8.2,110.9,18.0,23.0,20.5,,,4.8,0.0,,0.0,,,31.1,27.8,34.8,5.1,3.6,6.4,2.1
2024-04-22,RDS_20240422.pdf,348.5,4.3,125.0,17.0,20.0,18.5,,,4.8,0.0,,0.0,,,35.9,37.7,35.9,5.9,3.1,4.4,2.1
2024-04-23,RDS_20240423.pdf,341.9,-6.7,123.1,17.0,22.0,19.5,,,4.8,0.0,,0.0,,,35.9,35.4,36.1,5.9,3.3,4.4,2.1
2024-04-24,RDS_20240424.pdf,337.4,-4.5,129.5,9.0,19.0,14.0,,,4.8,0.0,,0.0,,,38.8,36.1,36.3,5.9,3.6,6.7,2.1
2024-04-25,RDS_20240425.pdf,331.7,-5.7,120.2,14.0,20.0,17.0,,,4.8,0.0,,0.0,,,36.6,29.6,35.9,6.0,3.6,6.4,2.1
2024-04-26,RDS_20240426.pdf,328.4,-3.3,120.2,16.0,21.0,18.5,,,4.8,0.0,,0.0,,,38.0,28.7,35.1,6.3,3.6,6.4,2.1
2024-04-27,RDS_20240427.pdf,327.7,-0.8,115.6,12.0,18.0,15.0,,,4.8,0.0,,0.0,,,35.9,25.0,36.2,5.9,4.9,5.6,2.1
2024-04-28,RDS_20240428.pdf,331.2,3.5,107.4,7.0,20.0,13.5,,,4.8,0.0,,0.0,,,32.7,21.2,36.0,5.1,4.9,5.4,2.1
2024-04-29,RDS_20240429.pdf,338.0,6.8,122.2,15.0,19.0,17.0,,,4.8,0.0,,0.0,,,38.2,30.8,36.3,5.9,3.2,5.9,1.9
2024-04-30,RDS_20240430.pdf,337.7,0.8,130.6,17.0,21.0,19.0,,,4.8,0.0,,0.0,,,43.3,31.4,37.4,5.9,3.4,7.3,1.9
2024-05-01,RDS_20240501.pdf,339.8,1.1,114.5,14.0,19.0,16.5,,,4.8,0.0,,0.0,,,42.4,22.8,34.7,5.6,2.9,5.9,0.2
2024-05-02,RDS_20240502.pdf,352.0,11.3,137.3,9.0,15.0,12.0,,,4.8,0.0,,0.0,,,55.1,32.4,34.3,6.0,3.3,6.0,0.2
2024-05-03,RDS_20240503.pdf,346.8,-5.2,133.2,6.0,16.0,11.0,,,4.8,0.0,,0.0,,,54.4,28.2,34.8,6.1,3.5,6.0,0.2
2024-05-04,RDS_20240504.pdf,341.7,-5.1,124.2,8.0,19.0,13.5,,,4.8,0.0,,0.0,,,48.3,25.7,35.0,5.8,3.2,6.0,0.2
2024-05-05,RDS_20240505.pdf,344.9,3.2,118.3,16.0,20.0,18.0,,,4.8,0.0,,0.0,,,43.3,26.4,34.6,5.1,3.2,5.5,0.2
2024-05-06,RDS_20240506.pdf,354.7,10.3,126.2,18.0,20.0,19.0,,,4.8,0.0,,0.0,,,44.8,30.5,35.5,5.8,3.4,6.0,0.2
2024-05-07,RDS_20240507.pdf,358.4,3.5,128.1,17.0,20.0,18.5,,,4.8,0.0,,0.0,,,44.5,33.8,34.2,5.8,3.4,6.2,0.2
2024-05-08,RDS_20240508.pdf,358.4,0.5,135.7,12.0,18.0,15.0,,,4.8,0.0,,0.0,,,52.7,33.2,34.0,5.6,3.8,6.2,0.2
2024-05-09,RDS_20240509.pdf,357.2,-1.6,140.5,7.0,16.0,11.5,,,4.8,0.0,,0.0,,,55.7,35.4,32.7,6.0,3.9,6.6,0.2
2024-05-10,RDS_20240510.pdf,354.6,-2.6,146.5,10.0,17.0,13.5,,,4.8,0.0,,0.0,,,58.4,38.4,33.6,6.1,3.8,6.0,0.2
2024-05-11,RDS_20240511.pdf,349.8,-4.7,137.3,9.0,18.0,13.5,,,4.8,0.0,,0.0,,,54.9,34.5,32.4,5.8,4.0,5.5,0.2
2024-05-12,RDS_20240512.pdf,343.2,-6.6,135.8,9.0,14.0,11.5,,,4.8,0.0,,0.0,,,55.0,34.2,32.0,4.9,4.0,5.5,0.2
2024-05-13,RDS_20240513.pdf,331.9,-11.3,148.3,5.0,14.0,9.5,,,4.8,0.0,,0.0,,,63.4,35.4,33.8,5.8,4.0,5.7,0.2
2024-05-14,RDS_20240514.pdf,322.2,-9.7,142.0,5.0,14.0,9.5,,,4.8,0.0,,0.0,,,67.6,25.8,33.2,5.8,3.6,5.7,0.3
2024-05-15,RDS_20240515.pdf,315.1,-7.1,145.5,5.0,16.0,10.5,,,4.8,0.0,,0.0,,,71.8,24.5,33.1,6.0,3.8,6.0,0.3
2024-05-16,RDS_20240516.pdf,311.7,-3.4,142.5,8.0,17.0,12.5,,,4.8,0.0,,0.0,,,70.4,23.0,33.1,5.7,4.0,6.0,0.3
2024-05-17,RDS_20240517.pdf,310.2,-1.5,140.6,7.0,16.0,11.5,,,4.8,0.0,,0.0,,,69.2,22.8,32.3,6.2,3.9,6.0,0.2
2024-05-18,RDS_20240518.pdf,308.2,-2.1,134.2,6.0,14.0,10.0,,,4.8,0.0,,0.0,,,64.8,22.2,32.2,5.8,3.0,6.0,0.2
2024-05-19,RDS_20240519.pdf,311.4,3.3,132.8,4.0,14.0,9.0,,,4.8,0.0,,0.0,,,62.4,24.2,32.1,4.9,3.0,6.0,0.2
2024-05-20,RDS_20240520.pdf,319.9,8.5,141.9,6.0,16.0,11.0,,,4.8,0.0,,0.0,,,68.3,25.4,33.0,5.8,3.0,6.0,0.4
2024-05-21,RDS_20240521.pdf,319.0,-0.9,141.6,11.0,16.0,13.5,,,4.8,0.0,,0.0,,,67.6,25.1,32.7,5.8,4.0,6.0,0.4
2024-05-22,RDS_20240522.pdf,318.4,-0.7,141.9,11.0,16.0,13.5,,,7.2,0.0,,0.0,,,67.7,24.7,33.3,5.9,3.9,6.0,0.4
2024-05-23,RDS_20240523.pdf,316.1,-2.3,138.2,11.0,15.0,13.0,,,6.3,0.0,,0.0,,,70.3,24.7,27.4,6.0,4.3,5.1,0.4
2024-05-24,RDS_20240524.pdf,312.0,-4.1,146.4,7.0,12.0,9.5,,,6.5,0.0,,0.0,,,75.9,24.8,29.8,6.2,4.2,5.1,0.4
2024-05-25,RDS_20240525.pdf,309.2,-2.8,145.0,2.0,11.0,6.5,,,5.4,0.0,,0.0,,,77.6,24.7,26.9,5.9,4.4,5.1,0.4
2024-05-26,RDS_20240526.pdf,314.2,5.0,141.1,4.0,11.0,7.5,,,5.5,0.0,,0.0,,,74.9,24.3,27.1,4.9,4.4,5.1,0.4
2024-05-27,RDS_20240527.pdf,316.7,2.5,148.7,7.0,13.0,10.0,,,4.8,0.0,,0.0,,,80.1,25.1,27.9,5.7,4.4,5.1,0.4
2024-05-28,RDS_20240528.pdf,314.3,-2.4,141.4,8.0,15.0,11.5,,,4.8,0.0,,0.0,,,76.9,23.4,25.4,5.8,4.4,5.1,0.4
2024-05-29,RDS_20240529.pdf,311.6,-2.6,142.3,11.0,17.0,14.0,,,4.9,0.0,,0.0,,,73.7,25.0,27.8,5.9,4.4,5.1,0.4
2024-05-30,RDS_20240530.pdf,329.8,18.2,147.8,12.0,17.0,14.5,,,7.7,0.0,,0.0,,,73.4,25.9,32.3,4.8,5.9,5.1,0.4
2024-05-31,RDS_20240531.pdf,335.2,5.4,152.4,11.0,17.0,14.0,,,6.7,0.0,,0.0,,,68.8,33.9,32.8,6.2,4.3,6.0,0.4
2024-06-01,RDS_20240601.pdf,335.9,0.7,137.5,13.0,20.0,16.5,,,4.8,0.0,,0.0,,,58.8,31.9,30.1,5.8,4.2,6.3,0.4
2024-06-02,RDS_20240602.pdf,349.3,13.5,135.7,10.0,13.0,11.5,,,4.8,0.0,,0.0,,,61.2,29.1,29.9,4.9,4.2,6.0,0.4
2024-06-03,RDS_20240603.pdf,348.8,-0.6,162.1,5.0,13.0,9.0,,,4.8,0.0,,0.0,,,75.8,38.5,31.4,5.8,4.2,6.0,0.4
2024-06-04,RDS_20240604.pdf,333.2,-15.6,157.7,9.0,14.0,11.5,,,4.8,0.0,,0.0,,,71.3,36.8,32.6,5.8,4.1,6.7,0.4
2024-06-05,RDS_20240605.pdf,320.2,-12.8,155.2,10.0,16.0,13.0,,,4.8,0.0,,0.0,,,68.0,37.8,32.5,5.9,4.1,6.5,0.4
2024-06-06,RDS_20240606.pdf,318.6,-1.6,137.8,13.0,20.0,16.5,,,4.8,0.0,,0.0,,,63.2,25.4,32.0,6.2,4.1,6.5,0.4
2024-06-07,RDS_20240607.pdf,326.1,7.5,139.3,14.0,20.0,17.0,,,4.8,0.0,,0.0,,,57.2,30.8,33.6,6.2,4.1,7.0,0.4
2024-06-08,RDS_20240608.pdf,336.0,9.9,131.3,16.0,23.0,19.5,,,4.8,0.0,,0.0,,,48.0,33.1,31.9,5.8,5.2,6.9,0.4
2024-06-09,RDS_20240609.pdf,348.5,12.5,120.8,18.0,25.0,21.5,,,4.8,0.0,,0.0,,,42.8,29.4,31.6,4.9,5.2,6.5,0.4
2024-06-10,RDS_20240610.pdf,364.1,15.6,145.1,14.0,20.0,17.0,,,4.8,0.0,,0.0,,,54.9,40.1,33.2,5.8,4.2,6.5,0.4
2024-06-11,RDS_20240611.pdf,362.4,-1.6,141.5,12.0,17.0,14.5,,,4.8,0.0,,0.0,,,52.3,38.1,34.2,5.9,4.1,6.5,0.4
2024-06-12,RDS_20240612.pdf,354.6,-7.9,137.5,15.0,22.0,18.5,,,4.8,0.0,,0.0,,,49.5,37.2,34.2,5.8,3.8,6.6,0.4
2024-06-13,RDS_20240613.pdf,355.1,0.7,126.7,21.0,27.0,24.0,,,4.8,0.0,,0.0,,,42.4,35.3,33.7,5.9,3.8,5.2,0.4
2024-06-14,RDS_20240614.pdf,359.5,4.6,137.1,16.0,22.0,19.0,,,4.8,0.0,,0.0,,,49.4,37.2,34.7,6.2,4.0,5.2,0.4
2024-06-15,RDS_20240615.pdf,353.4,-6.1,129.5,11.0,20.0,15.5,,,4.8,0.0,,0.0,,,46.6,35.1,33.6,5.8,3.1,4.9,0.4
2024-06-16,RDS_20240616.pdf,347.7,-5.7,132.0,12.0,18.0,15.0,,,4.8,0.0,,0.0,,,48.9,36.3,33.4,5.0,3.1,4.9,0.4
2024-06-17,RDS_20240617.pdf,343.9,-3.8,136.1,11.0,18.0,14.5,,,4.8,0.0,,0.0,,,51.9,35.9,33.1,5.6,4.0,5.2,0.4
2024-06-18,RDS_20240618.pdf,341.4,-2.6,148.1,15.0,17.0,16.0,,,4.8,0.0,,0.0,,,55.7,43.3,33.1,5.9,4.2,5.5,0.4
2024-06-19,RDS_20240619.pdf,337.6,-3.7,148.0,13.0,18.0,15.5,,,4.8,0.0,,0.0,,,58.2,39.9,33.2,5.9,4.0,6.4,0.4
2024-06-20,RDS_20240620.pdf,333.4,-4.2,143.9,10.0,15.0,12.5,,,4.8,0.0,,0.0,,,58.9,35.9,32.6,5.9,3.9,6.3,0.4
2024-06-21,RDS_20240621.pdf,326.6,-6.8,140.8,13.0,18.0,15.5,,,4.8,0.0,,0.0,,,53.8,37.8,32.5,6.1,4.0,6.3,0.3
2024-06-22,RDS_20240622.pdf,332.7,6.1,135.3,16.0,18.0,17.0,,,4.8,0.0,,0.0,,,52.8,34.3,32.2,5.9,3.8,6.0,0.3
2024-06-23,RDS_20240623.pdf,343.0,10.3,137.0,11.0,16.0,13.5,,,4.8,0.0,,0.0,,,56.9,32.7,32.0,5.0,4.1,6.0,0.3
2024-06-24,RDS_20240624.pdf,344.2,1.2,160.5,6.0,13.0,9.5,,,4.8,0.0,,0.0,,,74.2,37.1,33.1,5.7,4.1,6.0,0.3
2024-06-25,RDS_20240625.pdf,335.3,-8.9,149.5,5.0,12.0,8.5,,,3.3,0.0,,0.0,,,78.4,22.8,31.9,5.9,4.1,6.0,0.4
2024-06-26,RDS_20240626.pdf,330.1,-5.1,148.9,6.0,14.0,10.0,,,4.8,0.0,,0.0,,,77.3,22.9,32.7,5.9,4.1,5.6,0.4
2024-06-27,RDS_20240627.pdf,327.0,-3.1,144.6,8.0,17.0,12.5,,,4.8,0.0,,0.0,,,76.3,20.7,32.7,5.9,4.1,4.6,0.3
2024-06-28,RDS_20240628.pdf,335.2,8.2,145.4,7.0,12.0,9.5,,,4.8,0.0,,0.0,,,80.0,21.2,30.0,6.0,3.9,4.0,0.3
2024-06-29,RDS_20240629.pdf,342.7,7.5,142.3,2.0,10.0,6.0,,,4.8,0.0,,0.0,,,80.8,21.4,27.2,5.8,3.1,3.7,0.3
2024-06-30,RDS_20240630.pdf,345.6,2.8,136.5,2.0,14.0,8.0,,,4.8,0.0,,0.0,,,74.8,21.4,27.5,5.4,3.1,4.0,0.3
2024-07-01,RDS_20240701.pdf,356.2,10.7,147.9,7.0,17.0,12.0,,,4.8,0.0,,0.0,,,83.0,22.2,28.7,5.9,3.8,4.0,0.3
2024-07-02,RDS_20240702.pdf,364.4,8.2,141.4,7.0,18.0,12.5,,,4.8,0.0,,0.0,,,76.1,24.9,29.5,5.9,3.8,0.9,0.3
2024-07-03,RDS_20240703.pdf,366.0,1.6,144.0,7.0,13.0,10.0,,,4.8,0.0,,0.0,,,77.7,26.8,28.9,5.8,3.8,0.7,0.3
2024-07-04,RDS_20240704.pdf,355.2,-10.9,143.9,3.0,13.0,8.0,,,4.8,0.0,,0.0,,,77.9,23.9,29.9,6.1,3.8,2.0,0.3
2024-07-05,RDS_20240705.pdf,350.6,-4.6,151.9,3.0,12.0,7.5,,,4.8,0.0,,0.0,,,85.0,23.8,29.3,6.4,4.0,3.0,0.4
2024-07-06,RDS_20240706.pdf,343.5,-7.1,149.6,0.0,10.0,5.0,,,6.2,0.0,,0.0,,,86.6,21.3,27.9,6.0,3.4,4.0,0.4
2024-07-07,RDS_20240707.pdf,342.4,-1.1,141.7,5.0,11.0,8.0,,,6.7,0.0,,0.0,,,79.8,20.5,27.6,6.0,3.4,4.0,0.4
2024-07-08,RDS_20240708.pdf,349.7,7.3,158.2,2.0,8.0,5.0,,,4.8,0.0,,0.0,,,90.9,23.2,28.9,5.9,4.0,5.0,0.3
2024-07-09,RDS_20240709.pdf,342.5,-7.2,150.9,,,,,,4.8,0.0,,0.0,,,86.8,21.2,29.4,5.6,3.8,3.8,0.3
2024-07-10,RDS_20240710.pdf,337.1,-5.4,153.6,,,,,,4.8,0.0,,0.0,,,87.1,22.6,29.9,5.9,3.8,4.0,0.3
2024-07-11,RDS_20240711.pdf,325.6,-11.5,157.5,,,,,,5.8,0.0,,0.0,,,89.5,22.1,30.5,6.0,3.9,5.2,0.3
2024-07-12,RDS_20240712.pdf,321.7,-3.9,152.7,1.0,13.0,7.0,,,5.4,0.0,,0.0,,,90.0,19.3,28.0,6.4,4.0,4.7,0.3
2024-07-13,RDS_20240713.pdf,322.4,0.6,143.3,0.0,14.0,7.0,,,4.8,0.0,,0.0,,,84.7,18.9,25.1,5.9,3.7,4.7,0.3
2024-07-14,RDS_20240714.pdf,327.5,5.1,136.5,1.0,14.0,7.5,,,6.0,0.0,,0.0,,,80.1,17.0,25.6,5.1,3.7,4.7,0.3
2024-07-15,RDS_20240715.pdf,339.8,12.3,144.7,5.0,15.0,10.0,,,4.7,0.0,,0.0,,,82.8,20.0,27.3,5.9,3.7,4.7,0.3
2024-07-16,RDS_20240716.pdf,343.7,3.9,147.8,9.0,16.0,12.5,,,4.7,0.0,,0.0,,,78.4,24.5,30.2,5.7,3.7,5.0,0.3
2024-07-17,RDS_20240717.pdf,346.7,3.0,155.3,9.0,18.0,13.5,,,4.7,0.0,,0.0,,,74.8,33.3,32.3,5.9,3.7,5.0,0.3
2024-07-18,RDS_20240718.pdf,347.8,1.2,148.4,11.0,19.0,15.0,,,2.9,0.0,,0.0,,,66.7,33.4,32.8,6.0,3.8,5.4,0.3
2024-07-19,RDS_20240719.pdf,346.7,-1.1,152.6,10.0,14.0,12.0,,,2.9,0.0,,0.0,,,72.2,32.0,32.5,6.2,3.7,5.7,0.3
2024-07-20,RDS_20240720.pdf,334.6,-12.1,151.0,8.0,12.0,10.0,,,4.8,0.0,,0.0,,,70.8,31.9,33.0,6.0,3.5,5.5,0.3
2024-07-21,RDS_20240721.pdf,332.6,-2.0,140.4,11.0,14.0,12.5,,,4.8,0.0,,0.0,,,65.0,28.8,32.8,5.0,3.5,5.0,0.3
2024-07-22,RDS_20240722.pdf,338.6,6.0,150.6,11.0,17.0,14.0,,,4.8,0.0,,0.0,,,70.2,32.3,32.8,5.8,3.5,5.7,0.3
2024-07-23,RDS_20240723.pdf,340.8,2.2,145.3,10.0,20.0,15.0,,,4.8,0.0,,0.0,,,65.5,32.3,32.3,5.8,3.6,5.5,0.3
2024-07-24,RDS_20240724.pdf,341.2,0.4,135.2,12.0,17.0,14.5,,,4.8,0.0,,0.0,,,58.0,29.8,31.9,5.8,3.9,5.5,0.3
2024-07-25,RDS_20240725.pdf,348.7,7.6,139.4,9.0,19.0,14.0,,,4.8,0.0,,0.0,,,60.6,30.9,32.5,5.8,3.8,5.5,0.3
2024-07-26,RDS_20240726.pdf,355.6,6.8,140.2,8.0,17.0,12.5,,,4.8,0.0,,0.0,,,64.0,29.7,30.4,6.2,3.8,5.8,0.3
2024-07-27,RDS_20240727.pdf,361.6,6.1,132.5,7.0,21.0,14.0,,,4.8,0.0,,0.0,,,60.6,26.7,29.7,5.9,4.2,5.1,0.3
2024-07-28,RDS_20240728.pdf,362.2,0.6,135.8,6.0,15.0,10.5,,,4.8,0.0,,0.0,,,63.4,28.8,29.0,5.0,4.2,5.1,0.3
2024-07-29,RDS_20240729.pdf,357.0,-5.1,149.9,4.0,12.0,8.0,,,4.8,0.0,,0.0,,,77.5,26.2,30.4,5.8,4.2,5.5,0.3
2024-07-30,RDS_20240730.pdf,348.9,-8.4,157.3,7.0,14.0,10.5,,,4.8,0.0,,0.0,,,74.2,37.8,29.6,5.8,4.2,5.5,0.2
2024-07-31,RDS_20240731.pdf,340.5,-8.6,147.5,9.0,18.0,13.5,,,4.8,0.0,,0.0,,,70.5,32.5,29.5,5.8,3.4,5.5,0.3
2024-08-02,RDS_20240802.pdf,342.9,7.9,124.0,21.0,28.0,24.5,,,4.0,0.0,,0.0,,,48.8,31.0,30.1,6.1,3.2,4.5,0.3
2024-08-03,RDS_20240803.pdf,358.9,16.0,124.9,13.0,20.0,16.5,,,4.0,0.0,,0.0,,,50.6,32.3,29.3,5.9,3.3,3.2,0.3
2024-08-04,RDS_20240804.pdf,368.4,9.5,121.6,8.0,18.0,13.0,,,4.0,0.0,,,,,47.6,33.4,29.0,5.0,3.3,3.0,0.3
2024-08-05,RDS_20240805.pdf,366.2,-2.4,144.2,10.0,16.0,13.0,,,3.8,0.0,,,,,63.0,36.5,30.3,5.8,3.3,5.0,0.3
2024-08-06,RDS_20240806.pdf,357.9,-8.1,136.5,14.0,18.0,16.0,,,3.8,0.0,,,,,58.8,33.0,30.6,5.8,3.2,4.8,0.3
2024-08-07,RDS_20240807.pdf,361.7,3.8,152.3,9.0,16.0,12.5,,,3.8,0.0,,,,,69.1,38.7,30.7,5.8,3.4,4.3,0.3
2024-08-08,RDS_20240808.pdf,347.6,-14.2,157.1,7.0,9.0,8.0,,,3.8,0.0,,,,,74.2,39.4,30.0,5.7,3.5,4.0,0.3
2024-08-09,RDS_20240809.pdf,334.2,-13.3,154.0,4.0,11.0,7.5,,,3.8,0.0,,,,,78.1,33.6,29.8,6.0,3.7,2.5,0.3
2024-08-10,RDS_20240810.pdf,331.1,-3.1,142.9,3.0,16.0,9.5,,,3.8,0.0,,,,,73.3,29.4,26.7,5.8,3.4,4.0,0.3
2024-08-11,RDS_20240811.pdf,342.8,11.7,135.0,11.0,16.0,13.5,,,3.8,0.0,,,,,68.4,27.5,26.4,5.0,3.4,4.0,0.3
2024-08-12,RDS_20240812.pdf,357.8,14.9,154.8,4.0,12.0,8.0,,,3.8,0.0,,,,,75.9,37.4,28.1,5.7,3.4,4.0,0.3
2024-08-13,RDS_20240813.pdf,353.4,-4.3,149.0,7.0,18.0,12.5,,,3.8,0.0,,,,,67.0,38.0,29.6,5.7,3.9,4.5,0.3
2024-08-14,RDS_20240814.pdf,346.4,-7.0,147.3,10.0,20.0,15.0,,,3.8,0.0,,,,,66.2,37.3,28.7,5.8,4.0,5.0,0.3
2024-08-15,RDS_20240815.pdf,349.4,3.0,145.5,8.0,18.0,13.0,,,3.8,0.0,,,,,60.8,37.9,32.3,5.9,4.0,4.3,0.3
2024-08-16,RDS_20240816.pdf,350.4,1.0,145.0,8.0,15.0,11.5,,,3.8,0.0,,,,,59.6,37.8,33.9,6.2,3.9,3.3,0.3
2024-08-17,RDS_20240817.pdf,341.2,-9.2,142.9,9.0,16.0,12.5,,,3.8,0.0,,,,,58.9,35.3,33.7,5.8,4.7,4.2,0.3
2024-08-18,RDS_20240818.pdf,342.7,1.5,140.2,10.0,15.0,12.5,,,3.8,0.0,,,,,57.4,35.4,33.5,4.9,4.7,4.0,0.3
2024-08-19,RDS_20240819.pdf,345.3,2.6,158.3,11.0,14.0,12.5,,,3.8,0.0,,,,,70.9,38.1,34.9,5.8,4.3,4.0,0.3
2024-08-20,RDS_20240820.pdf,336.0,-9.4,153.8,6.0,12.0,9.0,,,3.8,0.0,,,,,73.8,31.4,34.0,5.6,3.7,5.0,0.3
2024-08-21,RDS_20240821.pdf,331.3,-4.7,151.9,9.0,12.0,10.5,,,3.8,0.0,,,,,76.4,25.4,34.7,5.7,4.4,5.0,0.3
2024-08-22,RDS_20240822.pdf,330.0,-1.2,153.2,7.0,11.0,9.0,,,3.8,0.0,,,,,81.9,23.1,32.3,5.9,4.5,5.2,0.3
2024-08-23,RDS_20240823.pdf,325.7,-4.4,152.3,6.0,13.0,9.5,,,3.8,0.0,,,,,82.8,22.6,32.0,6.2,4.4,4.0,0.3
2024-08-24,RDS_20240824.pdf,324.7,-1.0,144.9,3.0,12.0,7.5,,,3.8,0.0,,,,,77.6,22.3,30.9,5.8,4.5,3.5,0.3
2024-08-25,RDS_20240825.pdf,331.2,6.5,137.7,4.0,13.0,8.5,,,3.8,0.0,,,,,73.1,21.0,30.8,5.0,4.5,3.0,0.3
2024-08-26,RDS_20240826.pdf,342.1,10.9,146.1,2.0,13.0,7.5,,,3.8,0.0,,,,,77.3,22.2,32.0,5.8,4.5,4.0,0.3
2024-08-27,RDS_20240827.pdf,346.8,4.6,143.7,5.0,17.0,11.0,,,3.8,0.0,,,,,71.3,25.4,33.5,5.7,4.0,3.5,0.3
2024-08-28,RDS_20240828.pdf,347.9,1.2,145.5,7.0,18.0,12.5,,,3.8,0.0,,,,,65.0,32.7,33.9,5.8,3.8,4.0,0.3
2024-08-29,RDS_20240829.pdf,350.1,2.2,141.9,11.0,17.0,14.0,,,3.8,0.0,,,,,59.5,33.8,33.9,5.9,3.6,5.0,0.2
2024-09-04,RDS_20240904.pdf,351.8,2.2,136.7,9.0,19.0,14.0,,,3.8,0.0,0.0,,,,53.2,34.9,34.3,5.6,3.9,4.3,0.5
2024-09-05,RDS_20240905.pdf,348.8,-3.0,143.2,6.0,16.0,11.0,,,3.8,0.0,0.0,,,,56.5,37.8,34.7,5.9,3.7,4.0,0.6
2024-09-06,RDS_20240906.pdf,343.8,-5.0,136.1,11.0,21.0,16.0,,,3.8,0.0,0.0,0.0,,,49.8,36.8,33.9,6.1,3.7,4.8,1.0
2024-09-07,RDS_20240907.pdf,346.9,3.2,129.7,10.0,22.0,16.0,,,3.8,0.0,0.0,0.0,,,46.3,36.2,32.0,5.7,3.2,5.0,1.3
2024-09-08,RDS_20240908.pdf,356.8,9.8,122.2,10.0,21.0,15.5,,,2.9,0.0,0.0,0.0,,,41.4,34.5,31.9,4.9,3.2,5.0,1.3
2024-09-09,RDS_20240909.pdf,365.4,8.6,134.5,14.0,19.0,16.5,,,1.9,0.0,0.0,0.0,,,45.5,40.2,33.4,5.8,3.2,5.0,1.4
2024-09-10,RDS_20240910.pdf,363.4,-2.1,134.2,13.0,20.0,16.5,,,1.9,0.0,0.0,0.0,,,41.6,41.8,34.7,5.7,3.5,5.5,1.4
2024-09-11,RDS_20240911.pdf,359.9,-3.5,141.5,12.0,17.0,14.5,,,1.0,0.0,0.0,0.0,,,45.5,41.8,37.6,5.7,3.6,6.0,1.3
2024-09-12,RDS_20240912.pdf,356.4,-3.5,140.3,8.0,19.0,13.5,,,1.0,0.0,,0.0,,,47.6,38.8,36.8,5.9,3.9,6.0,1.3
2024-09-13,RDS_20240913.pdf,355.9,-0.5,137.7,10.0,19.0,14.5,,,1.0,1.5,,0.0,,,44.3,40.3,36.8,6.2,3.8,5.0,1.3
2024-09-14,RDS_20240914.pdf,356.6,0.8,127.6,10.0,18.0,14.0,,,1.0,1.4,,0.0,,,41.7,35.8,34.8,5.8,3.7,4.5,1.3
2024-09-15,RDS_20240915.pdf,350.6,-6.0,115.7,10.0,21.0,15.5,,,1.0,1.4,,0.0,,,37.5,29.7,34.5,5.0,3.7,4.0,1.3
2024-09-16,RDS_20240916.pdf,364.2,13.6,134.0,14.0,23.0,18.5,,,0.7,1.4,,0.0,,,40.0,43.2,36.2,5.8,3.7,4.0,1.1
2024-09-17,RDS_20240917.pdf,369.6,5.4,126.4,14.0,25.0,19.5,,,0.5,1.4,,0.0,,,36.9,39.2,35.8,5.7,3.9,3.5,1.4
2024-09-18,RDS_20240918.pdf,373.0,3.4,124.4,16.0,26.0,21.0,,,0.0,1.4,,0.0,,,34.8,42.2,36.3,5.8,3.9,0.0,1.4
2024-09-19,RDS_20240919.pdf,369.3,-3.7,121.7,18.0,25.0,21.5,,,0.0,1.4,,0.0,,,34.9,36.7,36.0,6.0,3.8,3.0,1.3
2024-09-20,RDS_20240920.pdf,364.0,-5.4,120.6,13.0,25.0,19.0,,,0.0,1.4,,0.0,,,34.6,36.1,34.5,6.3,3.8,4.0,1.3
2024-09-21,RDS_20240921.pdf,363.7,-0.3,110.4,15.0,27.0,21.0,,,0.0,1.4,,0.0,,,29.0,31.9,34.9,5.8,3.5,4.0,1.3
2024-09-22,RDS_20240922.pdf,364.5,0.8,111.9,18.0,26.0,22.0,,,0.0,1.4,,0.0,,,30.0,33.1,35.0,5.0,3.5,4.0,1.3
2024-09-23,RDS_20240923.pdf,367.2,2.7,126.8,13.0,21.0,17.0,,,0.0,1.4,,0.0,,,34.5,42.5,35.6,5.8,4.0,3.0,1.4
2024-09-24,RDS_20240924.pdf,359.5,-7.6,129.5,14.0,20.0,17.0,,,0.0,1.4,,0.0,,,37.0,42.2,35.3,5.8,3.8,4.0,1.4
2024-09-25,RDS_20240925.pdf,356.6,-2.9,130.8,14.0,21.0,17.5,,,0.0,1.4,,0.0,,,38.1,41.6,36.1,5.8,3.8,4.0,1.4
2024-09-26,RDS_20240926.pdf,353.3,-3.3,130.3,11.0,20.0,15.5,,,0.0,1.4,,0.0,,,36.8,40.8,36.5,5.9,4.0,5.0,1.3
2024-09-27,RDS_20240927.pdf,349.5,-3.7,125.2,9.0,21.0,15.0,,,0.0,0.0,,0.0,,,35.7,36.8,36.0,6.2,3.9,5.2,1.4
2024-09-28,RDS_20240928.pdf,352.4,3.0,115.2,14.0,25.0,19.5,,,0.0,0.5,,0.0,,,30.1,32.1,36.0,5.8,4.8,5.2,1.2
2024-09-29,RDS_20240929.pdf,360.3,7.8,115.0,17.0,28.0,22.5,,,0.0,0.5,,0.0,,,26.9,36.8,35.8,5.0,4.8,4.5,1.2
2024-09-30,RDS_20240930.pdf,368.1,7.8,130.3,19.0,29.0,24.0,,,0.0,1.5,,0.0,,,31.2,45.7,37.0,5.8,4.1,5.2,1.3
2024-10-01,RDS_20241001.pdf,362.7,-5.4,133.1,15.0,22.0,18.5,,,0.0,1.4,,0.0,,,33.2,45.1,37.0,5.8,4.1,5.7,2.2
2024-10-02,RDS_20241002.pdf,358.7,-4.1,135.8,13.0,21.0,17.0,,,0.0,1.4,,0.0,,,35.9,45.2,37.3,5.8,3.6,5.1,2.9
2024-10-03,RDS_20241003.pdf,350.4,-8.2,131.2,8.0,21.0,14.5,,,0.0,1.9,,0.0,,,34.6,42.7,37.3,6.0,3.8,3.9,2.9
2024-10-04,RDS_20241004.pdf,346.0,-4.4,121.6,12.0,23.0,17.5,,,0.0,1.9,1.0,0.0,,,32.1,35.3,37.4,6.3,3.8,3.8,2.9
2024-10-05,RDS_20241005.pdf,341.7,-4.5,123.0,16.0,25.0,20.5,,,0.0,1.9,0.0,0.0,,,29.4,41.0,36.0,5.8,3.1,4.8,2.9
2024-10-06,RDS_20241006.pdf,339.0,-2.5,111.2,15.0,21.0,18.0,,,0.0,1.9,0.0,0.0,,,26.6,33.1,35.9,5.1,3.1,4.5,2.9
2024-10-07,RDS_20241007.pdf,346.5,7.5,119.8,16.0,19.0,17.5,,,0.0,1.9,0.0,0.0,,,29.8,36.1,37.1,5.8,3.1,5.0,2.9
2024-10-08,RDS_20241008.pdf,347.1,0.6,121.6,15.0,22.0,18.5,,,0.0,1.9,0.0,0.0,,,29.9,36.4,37.8,5.9,4.1,4.6,2.9
2024-10-09,RDS_20241009.pdf,342.4,-4.7,121.0,13.0,21.0,17.0,,,0.0,1.6,0.0,0.0,,,29.4,35.6,38.9,5.9,3.3,5.0,2.9
2024-10-10,RDS_20241010.pdf,342.2,-0.1,121.4,15.0,22.0,18.5,,,0.0,1.6,0.0,0.0,,,30.8,34.8,38.7,6.0,3.6,4.6,2.9
2024-10-11,RDS_20241011.pdf,350.1,7.9,107.6,15.0,28.0,21.5,,,0.0,1.6,0.0,0.0,,,26.3,27.9,37.3,6.1,3.6,3.5,2.9
2024-10-12,RDS_20241012.pdf,361.4,11.3,108.6,13.0,22.0,17.5,,,0.0,1.6,0.0,0.0,,,28.7,27.9,36.5,5.8,3.3,3.5,2.9
2024-10-13,RDS_20241013.pdf,365.1,3.7,105.4,13.0,22.0,17.5,,,0.0,1.6,0.0,0.0,,,25.5,28.8,36.3,5.1,3.3,3.5,2.9
2024-10-14,RDS_20241014.pdf,364.7,-0.4,118.6,16.0,21.0,18.5,,,0.0,1.6,0.0,0.0,,,28.5,36.2,37.8,5.9,3.3,4.0,2.9
2024-10-15,RDS_20241015.pdf,366.1,1.4,113.4,16.0,26.0,21.0,,,0.0,1.6,0.0,0.0,,,24.4,35.4,38.5,5.9,3.3,3.0,2.9
2024-10-16,RDS_20241016.pdf,367.6,1.5,115.8,16.0,24.0,20.0,,,0.0,1.6,0.0,0.0,,,24.0,36.7,38.7,5.9,3.6,4.0,2.9
2024-10-17,RDS_20241017.pdf,363.0,-4.6,116.4,16.0,25.0,20.5,,,0.0,1.6,0.0,0.0,,,25.4,35.5,38.5,5.8,3.6,4.7,2.9
2024-10-18,RDS_20241018.pdf,357.8,-5.2,116.5,16.0,26.0,21.0,,,0.0,1.6,0.0,0.0,,,21.9,40.3,38.0,6.0,3.5,4.2,2.6
2024-10-19,RDS_20241019.pdf,353.4,-4.3,103.8,17.0,29.0,23.0,,,0.0,1.6,0.0,0.0,,,17.8,33.1,37.6,5.7,3.0,4.0,2.6
2024-10-20,RDS_20241020.pdf,354.3,0.9,99.6,18.0,29.0,23.5,,,0.0,1.6,0.0,0.0,,,16.0,32.1,37.0,4.9,3.0,4.0,2.6
2024-10-21,RDS_20241021.pdf,361.0,6.7,113.1,21.0,33.0,27.0,,,0.0,1.6,0.0,0.0,,,19.6,38.6,39.0,5.6,3.7,4.0,2.6
2024-10-22,RDS_20241022.pdf,350.8,-10.2,120.2,20.0,27.0,23.5,,,0.0,1.6,0.0,0.0,,,20.5,45.4,39.3,5.7,3.7,3.0,2.6
2024-10-23,RDS_20241023.pdf,341.2,-9.6,119.0,19.0,25.0,22.0,,,0.0,2.0,5.0,0.0,,,21.0,43.6,38.9,5.7,3.5,3.7,2.6
2024-10-24,RDS_20241024.pdf,340.0,-1.2,115.4,17.0,20.0,18.5,,,0.0,1.8,0.0,0.0,,,24.0,39.4,36.7,5.8,3.5,3.4,2.6
2024-10-25,RDS_20241025.pdf,341.5,1.5,113.9,13.0,20.0,16.5,,,0.0,1.8,0.0,0.0,,,25.9,34.9,38.3,6.1,3.6,2.5,2.6
2024-10-26,RDS_20241026.pdf,342.0,0.4,104.1,8.0,24.0,16.0,,,0.0,1.9,0.0,0.0,,,20.1,32.1,38.4,5.7,2.5,2.7,2.6
2024-10-27,RDS_20241027.pdf,344.8,2.8,95.6,11.0,25.0,18.0,,,0.0,1.8,0.0,0.0,,,17.3,27.2,38.1,4.9,2.5,3.0,2.6
2024-10-28,RDS_20241028.pdf,355.1,10.3,116.4,17.0,27.0,22.0,,,0.0,1.8,0.0,0.0,,,18.6,43.1,39.8,5.6,3.3,3.4,2.6
2024-10-29,RDS_20241029.pdf,350.9,-4.1,115.7,20.0,32.0,26.0,,,0.0,1.8,0.0,0.0,,,17.2,44.2,39.2,5.7,3.3,3.1,3.0
2024-10-30,RDS_20241030.pdf,343.9,-7.0,117.1,21.0,31.0,26.0,,,0.0,1.8,0.0,0.0,,,17.4,44.9,38.5,5.7,3.3,4.3,3.0
2024-10-31,RDS_20241031.pdf,340.9,-3.0,116.6,20.0,28.0,24.0,,,0.0,1.7,6.0,0.0,,,17.5,45.4,37.6,5.8,3.2,4.1,3.0
2024-11-01,RDS_20241101.pdf,346.8,5.9,118.6,22.0,31.0,26.5,,,0.0,0.0,9.0,0.0,,,16.5,47.0,38.3,6.3,3.5,4.0,3.0
2024-11-02,RDS_20241102.pdf,344.5,-2.3,104.9,21.0,24.0,22.5,,,3.2,0.0,9.0,0.0,,,18.6,33.6,37.1,5.9,2.7,4.0,3.0
2024-11-03,RDS_20241103.pdf,351.8,7.3,98.2,14.0,24.0,19.0,,,2.9,0.0,0.0,0.0,,,17.3,29.1,37.1,5.0,2.7,4.0,3.0
2024-11-04,RDS_20241104.pdf,362.5,10.7,111.2,20.0,24.0,22.0,,,0.0,0.0,0.0,0.0,,,22.4,34.9,38.5,5.7,2.7,4.0,3.0
2024-11-05,RDS_20241105.pdf,358.6,-3.9,104.6,13.0,21.0,17.0,,,0.0,0.0,0.0,0.0,,,19.6,34.0,38.2,5.8,3.4,0.7,2.9
2024-11-06,RDS_20241106.pdf,359.4,0.8,108.3,15.0,26.0,20.5,,,0.0,0.0,0.0,0.0,,,22.7,36.1,36.4,5.8,3.2,1.3,2.8
2024-11-07,RDS_20241107.pdf,352.0,-7.2,110.4,18.0,23.0,20.5,,,0.0,0.0,0.0,0.0,,,22.2,36.9,37.3,6.0,3.7,1.5,2.8
2024-11-08,RDS_20241108.pdf,347.7,-4.3,115.1,13.0,25.0,19.0,,,0.0,0.0,0.0,0.0,,,21.0,40.9,37.8,6.3,3.7,2.6,2.8
2024-11-09,RDS_20241109.pdf,339.0,-8.5,104.6,17.0,28.0,22.5,,,0.0,0.0,0.0,0.0,,,17.3,36.3,36.2,5.9,3.8,2.3,2.8
2024-11-10,RDS_20241110.pdf,340.3,1.3,104.8,19.0,30.0,24.5,,,0.0,0.0,0.0,0.0,,,17.0,38.0,35.9,5.0,3.8,2.3,2.8
2024-11-11,RDS_20241111.pdf,344.4,4.1,113.1,14.0,24.0,19.0,,,0.0,0.0,0.0,0.0,,,23.3,37.7,37.2,5.8,3.8,2.5,2.8
2024-11-12,RDS_20241112.pdf,341.7,-2.7,110.4,11.0,27.0,19.0,,,1.2,0.0,0.0,0.0,,,21.2,36.0,37.1,5.8,5.3,2.2,2.8
2024-11-13,RDS_20241113.pdf,340.9,-0.8,110.4,14.0,28.0,21.0,,,1.2,0.0,0.0,0.0,,,21.4,37.7,36.7,5.8,3.8,2.2,2.8
2024-11-14,RDS_20241114.pdf,334.5,-6.4,106.2,18.0,30.0,24.0,,,1.9,0.0,0.0,0.0,,,18.6,37.1,35.6,6.0,4.1,2.2,2.6
2024-11-15,RDS_20241115.pdf,342.2,7.7,108.8,20.0,32.0,26.0,,,1.5,0.0,0.0,0.0,,,19.7,39.2,35.1,6.1,4.1,2.0,2.6
2024-11-16,RDS_20241116.pdf,341.5,-0.7,103.7,23.0,34.0,28.5,,,1.9,0.0,0.0,0.0,,,16.8,37.5,34.9,5.8,3.9,2.2,2.6
2024-11-17,RDS_20241117.pdf,345.3,3.7,101.2,15.0,21.0,18.0,,,2.4,0.0,0.0,0.0,,,17.9,34.6,35.0,5.0,3.9,2.2,2.6
2024-11-18,RDS_20241118.pdf,350.1,4.8,103.7,12.0,23.0,17.5,,,0.0,0.0,0.0,0.0,,,20.9,32.8,35.8,5.5,3.9,2.2,2.6
2024-11-19,RDS_20241119.pdf,346.6,-3.5,113.2,16.0,23.0,19.5,,,0.0,0.0,0.0,0.0,,,22.2,40.2,36.3,5.8,3.9,2.2,2.6
2024-11-20,RDS_20241120.pdf,337.4,-9.1,109.9,18.0,25.0,21.5,,,0.0,0.0,0.0,0.0,,,19.2,38.3,37.2,5.8,3.7,3.1,2.6
2024-11-21,RDS_20241121.pdf,332.5,-4.9,111.7,18.0,25.0,21.5,,,0.0,0.0,0.0,0.0,,,18.8,41.8,36.2,6.0,3.8,3.1,2.0
2024-11-22,RDS_20241122.pdf,327.6,-4.9,109.8,18.0,27.0,22.5,,,2.0,0.0,0.0,0.0,,,16.7,41.7,36.8,6.2,3.8,3.1,1.5
2024-11-23,RDS_20241123.pdf,325.3,-2.3,104.3,20.0,28.0,24.0,,,2.0,0.0,0.0,0.0,,,15.4,40.1,35.0,5.9,3.8,2.6,1.5
2024-11-24,RDS_20241124.pdf,330.3,5.1,105.1,21.0,32.0,26.5,,,2.3,0.0,0.0,0.0,,,14.2,43.4,34.7,5.0,3.8,2.5,1.5
2024-11-25,RDS_20241125.pdf,333.8,3.5,112.5,22.0,27.0,24.5,,,2.3,0.0,0.0,0.0,,,18.2,45.3,34.9,5.8,3.8,3.0,1.5
2024-11-26,RDS_20241126.pdf,338.1,4.3,117.5,21.0,27.0,24.0,,,1.3,0.0,7.0,0.0,,,19.3,47.6,36.6,5.8,3.9,2.7,1.6
2024-11-27,RDS_20241127.pdf,338.8,0.7,115.9,21.0,25.0,23.0,,,1.1,0.0,3.0,0.0,,,19.1,44.6,35.9,5.8,3.8,3.7,3.0
2024-11-28,RDS_20241128.pdf,334.9,-3.9,116.2,17.0,26.0,21.5,,,1.3,0.0,3.0,0.0,,,21.9,41.2,36.6,6.0,3.9,3.8,2.8
2024-11-29,RDS_20241129.pdf,334.4,-0.3,113.6,16.0,27.0,21.5,,,2.4,0.0,0.0,0.0,,,20.1,41.5,36.0,6.2,4.1,2.9,2.8
2024-11-30,RDS_20241130.pdf,336.5,2.1,100.5,17.0,26.0,21.5,,,1.5,0.0,0.0,0.0,,,15.9,34.9,35.2,5.9,3.8,2.0,2.8
2024-12-01,RDS_20241201.pdf,345.3,8.8,93.4,18.0,21.0,19.5,,,0.0,0.0,0.0,0.0,,,16.8,28.1,34.9,5.0,3.8,2.0,2.8
2024-12-02,RDS_20241202.pdf,353.1,7.8,108.5,13.0,23.0,18.0,,,0.0,0.0,0.0,0.0,,,22.1,35.3,36.2,5.8,3.8,2.5,2.8
2024-12-03,RDS_20241203.pdf,350.5,-2.6,104.1,10.0,24.0,17.0,,,0.0,0.0,0.0,0.0,,,19.8,33.0,36.6,5.8,3.5,2.5,2.9
2024-12-04,RDS_20241204.pdf,351.9,1.6,104.5,16.0,27.0,21.5,,,0.0,0.0,0.0,0.0,,,20.1,32.1,36.5,5.8,4.6,2.5,2.9
2024-12-05,RDS_20241205.pdf,344.3,-7.6,108.0,19.0,32.0,25.5,,,0.0,0.0,0.0,0.0,,,20.5,35.8,36.2,6.0,4.1,2.5,2.9
2024-12-06,RDS_20241206.pdf,336.9,-7.4,105.3,16.0,29.0,22.5,,,0.0,0.0,0.0,0.0,,,20.0,32.6,36.6,6.2,4.1,2.9,2.9
2024-12-07,RDS_20241207.pdf,331.5,-5.4,98.7,15.0,23.0,19.0,,,0.0,0.0,0.0,0.0,,,19.4,27.4,35.9,5.8,5.0,2.5,2.7
2024-12-08,RDS_20241208.pdf,337.8,6.3,89.0,11.0,23.0,17.0,,,0.0,0.0,0.0,0.0,,,17.5,22.2,35.4,4.9,4.0,2.3,2.7
2024-12-09,RDS_20241209.pdf,350.9,13.1,101.5,14.0,26.0,20.0,,,0.0,0.0,0.0,0.0,,,19.9,30.1,36.8,5.8,4.0,2.0,2.9
2024-12-10,RDS_20241210.pdf,350.7,-0.2,103.5,17.0,30.0,23.5,,,0.0,0.0,0.0,0.0,,,18.2,34.2,36.6,5.8,3.9,2.5,2.3
2024-12-11,RDS_20241211.pdf,344.3,-6.4,108.3,19.0,30.0,24.5,,,0.0,0.0,0.0,0.0,,,17.5,39.1,37.1,5.8,3.7,2.8,2.3
2024-12-12,RDS_20241212.pdf,335.3,-9.0,115.2,21.0,32.0,26.5,,,0.0,0.0,0.0,0.0,,,15.8,47.4,35.7,6.0,3.8,4.1,2.4
2024-12-13,RDS_20241213.pdf,326.6,-8.7,110.0,20.0,27.0,23.5,,,0.0,0.0,0.0,0.0,,,17.1,41.5,35.6,6.2,3.8,3.3,2.5
2024-12-14,RDS_20241214.pdf,327.4,0.8,102.6,19.0,28.0,23.5,,,0.0,0.0,0.0,0.0,,,16.5,36.3,35.0,6.0,3.9,2.5,2.4
2024-12-15,RDS_20241215.pdf,332.0,4.6,96.7,18.0,26.0,22.0,,,0.0,0.0,0.0,0.0,,,15.7,32.6,34.6,5.0,3.9,2.5,2.4
2024-12-16,RDS_20241216.pdf,346.1,14.1,111.9,15.0,28.0,21.5,,,0.0,0.0,0.0,0.0,,,19.5,41.8,35.9,5.7,3.9,2.5,2.6
2024-12-17,RDS_20241217.pdf,342.7,-3.4,108.9,19.0,28.0,23.5,,,0.0,0.0,0.0,0.0,,,19.0,38.7,35.5,5.8,3.8,3.5,2.6
2024-12-18,RDS_20241218.pdf,344.8,2.1,108.3,21.0,29.0,25.0,,,0.0,0.0,0.0,0.0,,,16.1,42.0,35.4,5.9,3.7,2.6,2.6
2024-12-19,RDS_20241219.pdf,344.9,0.1,110.7,20.0,28.0,24.0,,,0.0,0.0,0.0,0.0,,,16.7,43.0,35.6,6.0,3.7,3.2,2.5
2024-12-20,RDS_20241220.pdf,343.3,-1.6,109.9,21.0,31.0,26.0,,,0.0,0.0,0.0,0.0,,,18.2,41.0,34.9,6.3,4.1,2.8,2.6
2024-12-21,RDS_20241221.pdf,337.4,-6.0,102.3,16.0,24.0,20.0,,,0.0,0.0,0.0,0.0,,,19.3,34.3,33.9,5.9,3.8,2.5,2.6
2024-12-22,RDS_20241222.pdf,345.4,8.0,92.8,16.0,29.0,22.5,,,0.0,0.0,0.0,0.0,,,16.5,30.1,33.1,4.9,3.8,1.8,2.6
2024-12-23,RDS_20241223.pdf,351.4,6.0,103.9,19.0,32.0,25.5,,,0.0,0.0,0.0,0.0,,,19.3,36.3,33.6,5.8,3.8,2.5,2.6
2024-12-24,RDS_20241224.pdf,348.8,-2.6,92.6,19.0,28.0,23.5,,,0.0,0.0,0.0,0.0,,,16.0,29.2,33.2,5.8,3.8,2.0,2.6
2024-12-25,RDS_20241225.pdf,356.9,8.2,84.4,16.0,25.0,20.5,,,0.0,0.0,0.0,0.0,,,15.8,22.4,32.3,5.5,3.8,2.0,2.6
2024-12-26,RDS_20241226.pdf,361.3,4.3,99.3,15.0,25.0,20.0,,,0.0,0.0,0.0,0.0,,,17.8,31.6,34.3,6.0,3.8,3.2,2.6
2024-12-27,RDS_20241227.pdf,355.9,-5.3,99.2,16.0,28.0,22.0,,,0.0,0.0,0.0,0.0,,,15.5,34.0,33.7,6.4,3.4,3.6,2.6
2024-12-28,RDS_20241228.pdf,353.6,-2.3,96.6,18.0,29.0,23.5,,,0.0,0.0,0.0,0.0,,,14.4,35.1,32.3,6.0,3.4,2.8,2.6
2024-12-29,RDS_20241229.pdf,349.9,-3.7,94.3,18.0,27.0,22.5,,,0.0,0.0,0.0,0.0,,,13.2,35.9,31.8,4.9,3.4,2.5,2.6
2024-12-30,RDS_20241230.pdf,345.1,-4.8,101.7,20.0,28.0,24.0,,,0.0,0.0,0.0,0.0,,,14.8,39.8,32.7,5.9,3.4,2.5,2.6
2024-12-31,RDS_20241231.pdf,339.6,-5.3,99.9,21.0,31.0,26.0,,,0.0,0.0,0.0,0.0,,,15.1,38.0,31.7,5.5,3.7,3.5,2.4
2025-01-01,RDS_20250101.pdf,340.9,1.5,95.7,22.0,31.0,26.5,,,0.0,0.0,0.0,0.0,,,12.9,38.5,30.7,5.0,3.7,2.5,2.4
2025-01-02,RDS_20250102.pdf,349.0,8.1,113.2,19.0,32.0,25.5,,,0.0,0.0,0.0,0.0,,,15.2,48.6,32.9,5.9,3.7,4.5,2.4
2025-01-03,RDS_20250103.pdf,349.7,0.7,109.7,16.0,29.0,22.5,,,0.0,0.0,0.0,0.0,,,13.2,48.6,32.6,6.2,3.8,3.2,2.1
2025-01-04,RDS_20250104.pdf,350.8,1.6,104.0,17.0,28.0,22.5,,,0.0,0.0,0.0,0.0,,,11.5,44.6,33.0,5.9,3.9,3.0,2.1
2025-01-05,RDS_20250105.pdf,350.5,-0.3,98.7,18.0,28.0,23.0,,,0.0,0.0,0.0,0.0,,,10.3,42.7,32.0,4.8,3.8,3.0,2.1
2025-01-06,RDS_20250106.pdf,356.9,6.4,110.3,19.0,28.0,23.5,,,0.0,0.0,0.0,0.0,,,12.4,49.2,33.6,5.7,3.8,3.5,2.1
2025-01-07,RDS_20250107.pdf,352.8,-4.0,114.6,20.0,30.0,25.0,,,0.0,0.0,0.0,0.0,,,12.6,50.9,34.7,6.2,3.8,4.3,2.1
2025-01-08,RDS_20250108.pdf,346.0,-6.8,113.7,21.0,30.0,25.5,,,0.0,0.0,0.0,0.0,,,12.4,50.0,34.7,5.4,3.1,6.0,2.1
2025-01-09,RDS_20250109.pdf,344.3,-1.7,116.3,22.0,32.0,27.0,,,0.0,0.0,0.0,0.0,,,12.7,49.7,36.4,5.8,3.6,6.0,2.1
2025-01-10,RDS_20250110.pdf,344.9,0.7,117.1,23.0,31.0,27.0,,,0.0,0.0,0.0,0.0,,,13.3,50.1,35.6,6.2,3.8,6.0,2.1
2025-01-11,RDS_20250111.pdf,345.7,0.8,113.1,21.0,29.0,25.0,,,0.0,0.6,0.0,0.0,,,12.1,49.6,35.7,5.8,3.8,4.0,2.1
2025-01-12,RDS_20250112.pdf,347.3,1.6,107.8,21.0,30.0,25.5,,,0.0,0.0,0.0,0.0,,,11.3,47.3,34.7,4.6,3.8,4.0,2.1
2025-01-13,RDS_20250113.pdf,346.7,-0.6,120.8,23.0,32.0,27.5,,,0.0,2.0,0.0,0.0,,,12.6,54.3,36.5,5.5,3.8,6.0,2.1
2025-01-14,RDS_20250114.pdf,345.9,-0.8,121.6,23.0,32.0,27.5,,,0.0,2.0,0.0,0.0,,,15.0,56.6,33.8,5.5,3.6,5.0,2.1
2025-01-15,RDS_20250115.pdf,343.5,-2.4,125.6,24.0,34.0,29.0,,,0.0,2.2,0.0,0.0,,,13.0,59.5,36.0,5.4,3.6,6.0,2.1
2025-01-16,RDS_20250116.pdf,339.3,-4.2,127.8,25.0,36.0,30.5,,,0.0,2.1,0.0,0.0,,,13.7,61.3,35.4,5.7,3.6,6.0,2.1
2025-01-17,RDS_20250117.pdf,333.3,-6.1,131.1,24.0,32.0,28.0,,,0.0,1.7,0.0,0.0,,,13.8,63.0,36.2,6.0,3.6,6.0,2.5
2025-01-18,RDS_20250118.pdf,328.9,-4.3,114.9,22.0,28.0,25.0,,,0.0,0.0,0.0,0.0,,,12.0,50.3,35.4,6.0,3.8,5.3,2.1
2025-01-19,RDS_20250119.pdf,333.7,4.8,110.3,22.0,26.0,24.0,,,0.0,0.0,0.0,0.0,,,11.7,47.9,34.9,4.7,3.7,5.3,2.1
2025-01-20,RDS_20250120.pdf,348.6,14.9,116.6,19.0,27.0,23.0,,,0.0,0.0,0.0,0.0,,,14.2,48.8,35.9,5.6,4.0,6.0,2.1
2025-01-21,RDS_20250121.pdf,354.1,5.5,116.6,20.0,29.0,24.5,,,0.0,0.0,0.0,0.0,,,16.8,46.8,35.0,5.5,4.0,6.2,2.3
2025-01-22,RDS_20250122.pdf,357.8,3.7,127.1,23.0,32.0,27.5,,,0.0,0.0,0.0,0.0,,,16.0,57.1,35.9,5.4,4.0,6.4,2.3
2025-01-23,RDS_20250123.pdf,350.5,-7.3,129.4,23.0,36.0,29.5,,,0.0,0.0,0.0,0.0,,,14.5,59.4,36.1,5.7,3.9,7.5,2.3
2025-01-24,RDS_20250124.pdf,343.5,-6.9,126.2,25.0,33.0,29.0,,,0.0,0.0,0.0,0.0,,,14.0,57.0,36.1,6.0,3.9,6.8,2.4
2025-01-25,RDS_20250125.pdf,334.1,-9.4,119.7,21.0,31.0,26.0,,,0.0,0.0,0.0,0.0,,,12.2,53.7,35.0,5.6,3.9,6.9,2.4
2025-01-26,RDS_20250126.pdf,336.9,2.8,107.9,20.0,31.0,25.5,,,0.0,0.0,0.0,0.0,,,11.2,45.4,34.3,4.7,3.9,6.0,2.4
2025-01-27,RDS_20250127.pdf,350.7,13.7,122.1,22.0,31.0,26.5,,,0.0,0.0,0.0,0.0,,,15.6,53.1,35.6,5.6,3.9,6.0,2.3
2025-01-28,RDS_20250128.pdf,345.0,-5.6,126.5,22.0,30.0,26.0,,,0.0,0.0,0.0,0.0,,,14.2,57.6,36.1,5.5,3.8,7.0,2.3
2025-01-29,RDS_20250129.pdf,342.6,-2.4,128.0,21.0,30.0,25.5,,,0.0,0.0,0.0,0.0,,,16.0,57.1,36.0,5.4,4.0,7.2,2.3
2025-01-31,RDS_20250131.pdf,340.9,2.6,124.7,23.0,32.0,27.5,,,0.0,0.0,0.0,0.0,,,13.3,56.0,35.6,6.0,4.3,7.2,2.3
2025-02-01,RDS_20250201.pdf,336.5,-4.4,117.3,23.0,33.0,28.0,,,0.0,0.0,0.0,0.0,,,12.3,51.6,34.6,5.6,4.3,6.6,2.3
2025-02-02,RDS_20250202.pdf,342.2,5.8,115.5,25.0,35.0,30.0,,,0.0,1.0,0.0,0.0,,,11.4,52.5,33.8,4.8,4.2,6.5,2.3
2025-02-03,RDS_20250203.pdf,343.4,1.1,136.5,26.0,38.0,32.0,,,0.0,2.0,3.0,0.0,,,14.5,68.5,35.2,5.6,3.9,6.5,2.3
2025-02-04,RDS_20250204.pdf,334.9,-8.5,130.9,26.0,31.0,28.5,,,0.0,2.0,3.0,0.0,,,14.9,62.4,34.8,5.5,4.1,6.5,2.7
2025-02-05,RDS_20250205.pdf,332.0,-2.9,121.1,23.0,25.0,24.0,,,0.0,0.0,0.0,0.0,,,14.7,52.6,35.3,5.4,4.0,6.5,2.6
2025-02-06,RDS_20250206.pdf,326.0,-6.0,119.2,18.0,29.0,23.5,,,0.0,0.0,0.0,0.0,,,16.2,51.4,32.9,5.7,3.9,6.5,2.6
2025-02-07,RDS_20250207.pdf,326.9,0.8,121.1,21.0,31.0,26.0,,,0.0,0.0,0.0,0.0,,,15.6,51.5,34.8,6.0,4.0,6.6,2.6
2025-02-08,RDS_20250208.pdf,324.3,-2.6,116.3,24.0,35.0,29.5,,,0.0,2.0,0.0,0.0,,,14.4,50.3,33.6,5.6,4.2,5.6,2.6
2025-02-09,RDS_20250209.pdf,329.1,4.8,116.4,21.0,29.0,25.0,,,0.0,2.0,0.0,0.0,,,13.6,53.1,33.2,4.7,4.2,5.0,2.6
2025-02-10,RDS_20250210.pdf,336.8,7.6,133.4,24.0,38.0,31.0,,,0.0,2.0,0.0,0.0,,,15.6,62.8,35.8,5.6,4.2,6.8,2.6
2025-02-11,RDS_20250211.pdf,331.9,-4.9,133.4,16.0,26.0,21.0,,,0.0,1.8,0.0,0.0,,,18.0,60.6,35.6,5.5,3.7,7.8,2.2
2025-02-12,RDS_20250212.pdf,326.9,-5.0,124.5,20.0,26.0,23.0,,,0.0,0.4,0.0,0.0,,,17.9,51.4,35.6,5.4,4.0,8.0,2.2
2025-02-13,RDS_20250213.pdf,327.8,1.0,124.9,20.0,28.0,24.0,,,0.0,0.0,0.0,0.0,,,18.3,53.0,34.4,5.6,4.1,7.2,2.3
2025-02-14,RDS_20250214.pdf,327.6,-0.4,123.9,22.0,28.0,25.0,,,0.0,0.0,0.0,0.0,,,17.3,51.7,35.6,5.9,4.1,7.1,2.2
2025-02-15,RDS_20250215.pdf,326.8,-0.7,122.3,21.0,26.0,23.5,,,0.0,0.0,0.0,0.0,,,15.0,53.2,35.3,5.5,4.2,7.0,2.1
2025-02-16,RDS_20250216.pdf,336.1,9.3,109.6,22.0,31.0,26.5,,,0.0,0.0,0.0,0.0,,,14.1,43.7,34.9,4.6,4.2,6.0,2.1
2025-02-17,RDS_20250217.pdf,350.7,14.6,123.8,20.0,30.0,25.0,,,0.0,0.0,0.0,0.0,,,17.1,54.5,34.4,5.5,4.2,6.0,2.1
2025-02-18,RDS_20250218.pdf,352.5,1.7,112.1,12.0,23.0,17.5,,,0.0,0.0,0.0,0.0,,,18.0,47.2,33.4,5.4,3.4,2.0,2.7
2025-02-19,RDS_20250219.pdf,356.1,3.6,118.2,15.0,29.0,22.0,,,0.0,0.0,0.0,0.0,,,16.7,47.4,34.4,5.4,4.1,7.5,2.7
2025-02-20,RDS_20250220.pdf,353.6,-2.4,118.8,21.0,32.0,26.5,,,0.0,0.0,0.0,0.0,,,16.7,47.4,34.8,5.5,4.2,8.1,2.1
2025-02-21,RDS_20250221.pdf,344.7,-8.9,128.4,26.0,34.0,30.0,,,0.0,0.0,0.0,0.0,,,16.4,59.9,35.2,5.8,4.1,5.0,2.0
2025-02-22,RDS_20250222.pdf,334.0,-10.7,124.1,24.0,33.0,28.5,,,0.0,0.0,0.0,0.0,,,13.9,57.1,34.1,5.4,4.1,7.5,2.0
2025-02-23,RDS_20250223.pdf,337.3,3.3,121.6,25.0,34.0,29.5,,,0.0,0.0,5.0,0.0,,,13.4,56.5,33.6,4.5,4.1,7.5,2.0
2025-02-24,RDS_20250224.pdf,340.1,2.8,137.6,26.0,30.0,28.0,,,0.0,2.0,5.0,0.0,,,17.0,66.8,35.0,5.2,4.1,7.5,2.0
2025-02-25,RDS_20250225.pdf,337.4,-2.7,132.4,22.0,28.0,25.0,,,0.0,2.0,0.0,0.0,,,16.8,60.6,35.6,5.3,4.1,8.0,2.0
2025-02-26,RDS_20250226.pdf,337.6,0.2,128.5,21.0,26.0,23.5,,,0.0,0.0,0.0,0.0,,,18.9,54.8,35.4,5.2,4.1,8.1,2.0
2025-02-27,RDS_20250227.pdf,334.4,-3.2,126.9,22.0,26.0,24.0,,,0.0,0.0,0.0,0.0,,,18.0,57.2,35.4,5.5,4.3,4.5,2.0
2025-02-28,RDS_20250228.pdf,329.3,-5.2,128.7,24.0,28.0,26.0,,,0.0,0.0,0.0,0.0,,,17.4,56.9,34.3,5.9,4.2,8.0,2.0
2025-03-01,RDS_20250301.pdf,323.2,-6.1,123.9,23.0,29.0,26.0,,,0.0,0.0,0.0,0.0,,,14.6,55.3,33.4,5.4,4.2,9.0,2.0
2025-03-03,RDS_20250303.pdf,339.0,13.3,115.4,22.0,27.0,24.5,,,0.0,0.0,0.0,0.0,,,14.9,46.3,34.8,5.2,4.2,8.0,2.0
2025-03-04,RDS_20250304.pdf,344.0,4.9,114.2,21.0,30.0,25.5,,,0.0,0.0,0.0,0.0,,,14.1,45.9,35.1,5.4,4.2,7.5,2.0
2025-03-05,RDS_20250305.pdf,341.9,-2.0,135.8,25.0,33.0,29.0,,,0.0,0.0,0.0,0.0,,,16.0,64.9,35.8,5.4,4.2,7.5,2.0
2025-03-06,RDS_20250306.pdf,331.8,-10.2,137.8,25.0,35.0,30.0,,,0.0,0.0,0.0,0.0,,,17.3,66.4,35.0,5.4,4.2,7.5,2.0
2025-03-07,RDS_20250307.pdf,321.9,-9.8,135.3,27.0,35.0,31.0,,,0.0,0.0,5.0,0.0,,,17.5,66.4,35.2,5.9,4.3,4.0,2.0
2025-03-08,RDS_20250308.pdf,333.3,11.3,112.0,19.0,24.0,21.5,,,0.0,0.0,0.0,0.0,,,19.0,44.6,31.7,5.4,4.3,5.0,2.0
2025-03-09,RDS_20250309.pdf,351.0,17.6,103.4,14.0,21.0,17.5,,,0.0,0.0,0.0,0.0,,,19.8,31.1,33.7,4.5,4.3,8.0,2.0
2025-03-10,RDS_20250310.pdf,369.4,18.5,107.4,15.0,23.0,19.0,,,0.0,0.0,0.0,0.0,,,23.3,34.1,35.0,5.2,4.3,3.5,2.0
2025-03-11,RDS_20250311.pdf,373.1,3.7,105.6,18.0,22.0,20.0,,,0.0,0.0,0.0,0.0,,,21.5,39.0,29.7,5.2,3.7,4.5,2.0
2025-03-12,RDS_20250312.pdf,369.9,-3.2,108.5,15.0,20.0,17.5,,,0.0,0.0,0.0,0.0,,,22.8,39.6,28.7,5.5,3.4,6.5,2.0
2025-03-13,RDS_20250313.pdf,361.0,-8.7,105.7,13.0,22.0,17.5,,,0.0,0.0,0.0,0.0,,,21.3,37.3,30.8,5.6,3.2,5.5,2.0
2025-03-14,RDS_20250314.pdf,364.3,3.2,106.3,13.0,23.0,18.0,,,0.0,0.0,0.0,0.0,,,20.8,37.4,30.5,5.9,3.2,6.5,2.0
2025-03-15,RDS_20250315.pdf,360.8,-3.5,99.2,14.0,24.0,19.0,,,0.0,0.0,0.0,0.0,,,18.1,31.1,31.3,5.5,3.2,8.0,2.0
2025-03-16,RDS_20250316.pdf,367.1,6.3,94.6,19.0,25.0,22.0,,,0.0,0.0,0.0,0.0,,,15.7,31.7,29.5,4.5,3.2,8.0,2.0
2025-03-17,RDS_20250317.pdf,376.1,9.0,106.1,20.0,28.0,24.0,,,0.0,0.0,0.0,0.0,,,17.6,39.6,30.4,5.3,3.2,8.0,2.0
2025-03-18,RDS_20250318.pdf,375.1,-1.1,111.2,19.0,30.0,24.5,,,0.0,0.0,0.0,0.0,,,19.6,44.0,29.8,5.3,3.5,7.0,2.0
2025-03-19,RDS_20250319.pdf,367.1,-7.8,117.4,20.0,30.0,25.0,,,0.0,0.0,0.0,0.0,,,17.8,50.7,30.2,5.4,3.3,8.0,2.0
2025-03-20,RDS_20250320.pdf,358.6,-8.4,117.8,22.0,33.0,27.5,,,0.0,0.0,0.0,0.0,,,17.1,50.5,30.7,5.6,3.4,8.5,2.0
2025-03-21,RDS_20250321.pdf,354.1,-4.5,117.8,23.0,32.0,27.5,,,0.0,0.0,0.0,0.0,,,17.7,49.7,31.0,5.9,3.5,8.0,2.0
2025-03-22,RDS_20250322.pdf,347.7,-6.4,111.2,23.0,28.0,25.5,,,0.0,0.0,0.0,0.0,,,16.3,46.5,29.8,5.4,3.2,8.0,2.0
2025-03-23,RDS_20250323.pdf,352.2,4.4,95.8,19.0,24.0,21.5,,,0.0,0.0,0.0,0.0,,,17.9,30.6,29.6,4.5,3.2,8.0,2.0
2025-03-24,RDS_20250324.pdf,363.8,11.7,102.7,18.0,23.0,20.5,,,0.0,0.0,0.0,0.0,,,20.3,34.4,29.8,5.0,3.2,8.0,2.0
2025-03-25,RDS_20250325.pdf,362.8,-1.0,112.3,17.0,26.0,21.5,,,0.0,0.0,0.0,0.0,,,24.0,41.3,28.5,5.3,3.2,8.0,2.0
2025-03-26,RDS_20250326.pdf,358.6,-4.2,112.8,17.0,26.0,21.5,,,0.0,0.0,0.0,0.0,,,24.6,39.1,29.8,5.5,3.3,8.5,2.0
2025-03-27,RDS_20250327.pdf,361.0,2.4,113.8,20.0,27.0,23.5,,,0.0,0.0,0.0,0.0,,,22.1,41.0,30.8,5.6,3.3,9.0,2.0
2025-03-28,RDS_20250328.pdf,354.9,-6.1,114.1,19.0,26.0,22.5,,,0.0,0.0,0.0,0.0,,,21.1,42.0,30.8,5.9,3.3,9.0,2.0
2025-03-29,RDS_20250329.pdf,352.8,-2.2,100.4,16.0,26.0,21.0,,,0.0,0.0,0.0,0.0,,,17.9,33.3,29.6,5.4,3.2,9.0,2.0
2025-03-30,RDS_20250330.pdf,360.8,8.0,95.0,20.0,30.0,25.0,,,0.0,0.0,0.0,0.0,,,18.1,30.3,29.1,4.5,3.0,8.0,2.0
2025-03-31,RDS_20250331.pdf,369.8,9.1,111.8,13.0,21.0,17.0,,,0.0,0.0,0.0,0.0,,,25.6,37.4,30.4,5.2,3.2,8.0,2.0
2025-04-01,RDS_20250401.pdf,370.2,0.3,107.6,12.0,22.0,17.0,,,0.0,0.0,0.0,0.0,,,26.5,31.1,30.3,5.2,4.0,8.5,2.0
2025-04-02,RDS_20250402.pdf,367.1,-3.0,102.5,13.0,24.0,18.5,,,0.0,0.0,0.0,0.0,,,26.6,28.0,29.9,5.3,3.2,7.6,1.9
2025-04-03,RDS_20250403.pdf,370.0,2.9,112.0,15.0,24.0,19.5,,,0.0,0.0,0.0,0.0,,,31.9,31.3,30.9,5.5,2.9,7.6,1.9
2025-04-04,RDS_20250404.pdf,361.0,-9.0,118.6,7.0,17.0,12.0,,,0.0,0.0,0.0,0.0,,,32.1,35.8,30.7,5.8,2.8,9.5,1.9
2025-04-05,RDS_20250405.pdf,351.6,-9.5,111.5,10.0,19.0,14.5,,,0.0,0.0,0.0,0.0,,,31.1,31.9,29.1,5.4,2.8,9.2,2.0
2025-04-06,RDS_20250406.pdf,343.2,-8.4,98.6,15.0,22.0,18.5,,,0.0,0.0,0.0,0.0,,,25.8,26.8,28.8,4.5,2.6,8.1,2.0
2025-04-07,RDS_20250407.pdf,352.4,9.2,105.7,16.0,20.0,18.0,,,0.0,0.0,0.0,0.0,,,27.3,34.0,29.9,5.2,3.1,4.3,1.9
2025-04-08,RDS_20250408.pdf,351.8,-0.5,108.2,17.0,20.0,18.5,,,0.0,0.0,0.0,0.0,,,28.9,34.0,30.1,5.2,3.1,4.9,2.0
2025-04-09,RDS_20250409.pdf,351.2,-0.6,108.2,16.0,21.0,18.5,,,0.0,0.0,0.0,0.0,,,28.0,33.8,31.2,5.3,3.1,4.8,2.0
2025-04-10,RDS_20250410.pdf,349.2,-2.0,106.6,18.0,24.0,21.0,,,0.0,0.0,0.0,0.0,,,26.7,32.5,30.5,5.5,3.2,6.0,2.2
2025-04-11,RDS_20250411.pdf,352.6,3.4,111.0,19.0,24.0,21.5,,,0.0,0.0,0.0,0.0,,,28.0,34.6,30.8,5.8,3.1,6.5,2.2
2025-04-12,RDS_20250412.pdf,357.1,4.6,106.3,18.0,24.0,21.0,,,0.0,0.0,0.0,0.0,,,27.2,29.9,29.7,5.4,3.1,9.0,2.0
2025-04-13,RDS_20250413.pdf,363.6,6.5,105.5,11.0,22.0,16.5,,,0.0,0.0,0.0,0.0,,,28.1,28.8,29.5,4.7,3.4,9.0,2.0
2025-04-14,RDS_20250414.pdf,370.3,6.7,113.3,11.0,21.0,16.0,,,0.0,0.0,0.0,0.0,,,35.3,34.1,30.5,5.3,3.1,3.0,2.0
2025-04-15,RDS_20250415.pdf,357.4,-12.9,113.9,16.0,23.0,19.5,,,0.0,0.0,0.0,0.0,,,33.0,35.1,30.8,5.3,3.1,4.6,2.0
2025-04-16,RDS_20250416.pdf,349.6,-7.8,114.6,14.0,22.0,18.0,,,0.0,0.0,0.0,0.0,,,33.9,36.3,30.5,5.3,3.1,3.5,2.0
2025-04-17,RDS_20250417.pdf,341.8,-7.7,110.5,12.0,22.0,17.0,,,0.0,0.0,0.0,0.0,,,32.4,33.5,29.2,5.4,4.5,3.5,2.0
2025-04-18,RDS_20250418.pdf,334.6,-7.3,104.8,14.0,21.0,17.5,,,0.0,0.0,0.0,0.0,,,31.9,30.7,28.2,5.3,3.2,3.5,2.0
2025-04-19,RDS_20250419.pdf,342.7,8.2,107.6,11.0,19.0,15.0,,,0.0,0.0,0.0,0.0,,,33.3,32.2,27.8,5.3,3.0,4.0,2.0
2025-04-20,RDS_20250420.pdf,336.3,-6.5,105.7,9.0,19.0,14.0,,,0.0,0.0,0.0,0.0,,,31.2,31.5,27.7,4.7,4.6,4.0,2.0
2025-04-21,RDS_20250421.pdf,336.4,0.1,114.9,12.0,21.0,16.5,,,0.0,0.0,0.0,0.0,,,33.7,35.9,29.4,5.3,4.6,4.0,2.0
2025-04-22,RDS_20250422.pdf,341.6,5.2,117.9,15.0,23.0,19.0,,,0.0,0.0,,0.0,,,33.6,38.2,32.3,5.4,3.4,3.0,2.0
2025-04-23,RDS_20250423.pdf,343.8,2.1,122.3,16.0,25.0,20.5,,,0.0,0.0,,0.0,,,33.3,39.2,33.7,5.5,3.6,5.0,2.0
2025-04-24,RDS_20250424.pdf,344.7,0.9,121.3,16.0,22.0,19.0,,,0.0,0.0,,0.0,,,33.2,37.5,33.8,5.5,3.8,5.5,2.0
2025-04-25,RDS_20250425.pdf,346.7,2.0,117.1,16.0,24.0,20.0,,,0.0,0.0,,0.0,,,33.1,34.7,35.0,5.7,3.6,3.0,2.0
2025-04-26,RDS_20250426.pdf,351.5,4.8,118.0,15.0,20.0,17.5,,,0.0,0.0,,0.0,,,32.1,32.1,36.6,5.4,3.8,6.0,2.0
2025-04-27,RDS_20250427.pdf,358.1,6.6,113.6,10.0,22.0,16.0,,,0.0,0.0,,0.0,,,31.4,29.1,36.4,4.8,3.9,6.0,2.0
2025-04-28,RDS_20250428.pdf,364.0,5.9,131.3,8.0,20.0,14.0,,,0.0,0.0,,0.0,,,35.7,38.6,37.1,5.4,3.6,9.0,2.0
2025-04-29,RDS_20250429.pdf,356.8,-7.2,128.3,10.0,23.0,16.5,,,0.0,0.0,,0.0,,,35.1,39.2,35.1,5.4,3.5,8.0,2.0
2025-04-30,RDS_20250430.pdf,350.8,-6.0,129.1,11.0,24.0,17.5,,,0.0,0.0,,0.0,,,35.2,38.4,34.5,5.4,3.5,9.0,3.0
2025-05-01,RDS_20250501.pdf,352.4,1.6,113.4,12.0,23.0,17.5,,,0.0,0.0,,0.0,,,31.9,32.0,32.8,5.2,3.7,7.5,0.3
2025-05-02,RDS_20250502.pdf,366.3,13.9,115.1,14.0,24.0,19.0,,,0.0,0.0,,0.0,,,30.3,34.1,33.3,5.3,3.8,8.0,0.3
2025-05-03,RDS_20250503.pdf,358.8,-7.5,112.7,13.0,25.0,19.0,,,0.0,0.0,,0.0,,,29.0,33.0,33.3,5.3,3.8,8.0,0.3
2025-05-04,RDS_20250504.pdf,357.4,-1.4,113.4,18.0,26.0,22.0,,,0.0,0.0,,0.0,,,32.0,31.5,33.1,4.7,3.8,8.0,0.3
2025-05-05,RDS_20250505.pdf,363.8,6.4,127.3,16.0,19.0,17.5,,,0.0,0.0,,0.0,,,36.4,37.2,34.7,5.3,3.7,8.0,2.0
2025-05-06,RDS_20250506.pdf,359.1,-4.6,117.7,18.0,23.0,20.5,,,0.0,0.0,,0.0,,,33.7,36.7,33.4,5.3,3.7,4.5,0.3
2025-05-07,RDS_20250507.pdf,355.7,-1.2,129.2,17.0,22.0,19.5,,,0.0,0.0,,0.0,,,38.3,40.6,34.7,5.4,3.9,6.0,0.3
2025-05-08,RDS_20250508.pdf,350.6,-5.1,130.0,18.0,22.0,20.0,,,0.0,0.0,,0.0,,,37.6,39.7,34.1,5.5,3.7,9.0,0.3
2025-05-09,RDS_20250509.pdf,345.0,-5.6,121.7,15.0,21.0,18.0,,,0.0,0.0,,0.0,,,37.7,31.1,34.2,5.6,3.8,9.0,0.3
2025-05-10,RDS_20250510.pdf,346.6,1.6,113.3,14.0,22.0,18.0,,,0.0,0.0,,0.0,,,33.6,27.5,33.8,5.4,3.6,9.0,0.4
2025-05-11,RDS_20250511.pdf,353.7,7.1,110.2,11.0,21.0,16.0,,,0.0,0.0,,0.0,,,32.8,26.8,33.5,4.9,3.8,8.0,0.4
2025-05-12,RDS_20250512.pdf,365.2,11.5,118.2,13.0,21.0,17.0,,,0.0,0.0,,0.0,,,35.1,30.7,34.8,5.4,3.8,8.0,0.4
2025-05-13,RDS_20250513.pdf,364.2,-1.0,122.1,13.0,21.0,17.0,,,0.0,0.0,,0.0,,,36.0,32.9,34.9,5.4,3.6,9.0,0.3
2025-05-14,RDS_20250514.pdf,359.2,-5.0,123.7,17.0,25.0,21.0,,,0.0,0.0,,0.0,,,37.6,36.4,34.1,5.5,3.8,6.0,0.3
2025-05-15,RDS_20250515.pdf,355.9,-3.2,124.3,20.0,24.0,22.0,,,0.0,0.0,,0.0,,,34.2,37.5,35.0,5.5,3.9,8.0,0.3
2025-05-16,RDS_20250516.pdf,351.0,-5.0,120.8,19.0,23.0,21.0,,,0.0,0.0,,0.0,,,34.0,36.1,34.9,5.7,3.7,6.0,0.3
2025-05-17,RDS_20250517.pdf,356.5,5.5,111.2,18.0,23.0,20.5,,,0.0,0.0,,0.0,,,30.9,28.4,33.6,5.5,3.6,9.0,0.2
2025-05-18,RDS_20250518.pdf,366.6,10.2,108.6,13.0,18.0,15.5,,,0.0,0.0,,0.0,,,34.3,25.3,33.4,4.8,3.6,7.0,0.2
2025-05-19,RDS_20250519.pdf,370.7,4.1,131.8,10.0,15.0,12.5,,,0.0,0.0,,0.0,,,43.9,37.7,34.9,5.5,3.6,6.0,0.2
2025-05-20,RDS_20250520.pdf,357.9,-12.8,136.5,6.0,16.0,11.0,,,0.0,0.0,,0.0,,,48.5,38.3,35.3,5.4,3.6,5.0,0.4
2025-05-21,RDS_20250521.pdf,342.7,-15.1,143.1,9.0,15.0,12.0,,,0.0,0.0,,0.0,,,55.4,37.6,35.5,5.5,3.7,5.0,0.4
2025-05-22,RDS_20250522.pdf,333.7,-9.1,149.1,7.0,16.0,11.5,,,0.0,0.0,,0.0,,,57.2,39.1,36.5,5.5,3.6,7.0,0.4
2025-05-23,RDS_20250523.pdf,327.8,-5.9,142.2,11.0,15.0,13.0,,,0.0,0.0,,0.0,,,55.1,33.3,37.0,5.7,3.7,7.0,0.4
2025-05-24,RDS_20250524.pdf,330.6,2.8,130.5,13.0,16.0,14.5,,,0.0,0.0,,0.0,,,49.9,29.0,35.0,5.5,3.8,7.0,0.4
2025-05-25,RDS_20250525.pdf,340.1,9.5,124.6,13.0,18.0,15.5,,,0.0,0.0,,0.0,,,46.5,27.3,34.6,5.0,3.8,7.0,0.4
2025-05-26,RDS_20250526.pdf,351.4,11.3,140.1,15.0,20.0,17.5,,,0.0,0.0,,0.0,,,52.3,35.1,35.8,5.5,3.8,7.0,0.7
2025-05-27,RDS_20250527.pdf,355.8,4.3,140.7,12.0,18.0,15.0,,,0.0,0.0,,0.0,,,57.4,32.4,35.0,5.5,3.8,6.0,0.7
2025-05-28,RDS_20250528.pdf,352.2,-6.3,145.0,7.0,12.0,9.5,,,0.0,0.0,,0.0,,,63.6,29.5,35.8,5.5,3.7,6.0,0.9
2025-05-29,RDS_20250529.pdf,345.5,-6.8,148.3,5.0,12.0,8.5,,,0.0,0.0,,0.0,,,68.9,27.0,35.8,5.4,4.1,6.0,1.0
2025-05-30,RDS_20250530.pdf,338.6,-6.9,151.9,6.0,15.0,10.5,,,0.0,0.0,,0.0,,,73.2,28.7,35.5,5.6,4.0,4.0,1.0
2025-05-31,RDS_20250531.pdf,336.3,-2.3,146.1,7.0,16.0,11.5,,,0.0,0.0,,0.0,,,68.1,28.4,34.2,5.5,3.9,5.0,1.0
2025-06-01,RDS_20250601.pdf,340.9,4.6,136.8,4.0,16.0,10.0,,,0.0,0.0,,0.0,,,63.0,26.3,34.1,5.2,3.9,4.0,0.3
2025-06-02,RDS_20250602.pdf,349.7,8.8,146.5,9.0,18.0,13.5,,,0.0,0.0,,0.0,,,66.8,29.1,34.6,5.6,3.9,6.0,0.5
2025-06-03,RDS_20250603.pdf,350.1,0.4,148.8,8.0,18.0,13.0,,,0.0,0.0,,0.0,,,64.4,33.7,34.7,5.5,4.0,6.0,0.5
2025-06-04,RDS_20250604.pdf,351.6,1.5,145.7,11.0,19.0,15.0,,,0.0,0.0,,0.0,,,63.2,33.2,35.4,5.6,3.9,4.0,0.4
2025-06-05,RDS_20250605.pdf,352.4,0.8,154.2,8.0,15.0,11.5,,,0.0,0.0,,0.0,,,64.8,37.4,35.5,5.5,4.0,6.5,0.5
2025-06-06,RDS_20250606.pdf,347.4,-5.0,157.3,5.0,18.0,11.5,,,0.0,0.0,,0.0,,,63.5,42.2,35.0,5.7,3.9,6.5,0.5
2025-06-07,RDS_20250607.pdf,342.9,-4.5,148.8,7.0,17.0,12.0,,,0.0,0.0,,0.0,,,62.6,37.9,34.3,5.6,3.9,4.0,0.5
2025-06-08,RDS_20250608.pdf,343.2,0.3,140.8,8.0,16.0,12.0,,,0.0,0.0,,0.0,,,59.9,33.5,34.0,5.0,3.9,4.0,0.5
2025-06-09,RDS_20250609.pdf,352.2,9.1,154.4,7.0,15.0,11.0,,,0.0,0.0,,0.0,,,68.2,35.1,35.1,5.5,4.0,6.0,0.5
2025-06-10,RDS_20250610.pdf,344.2,-8.0,154.8,5.0,16.0,10.5,,,0.0,0.0,,0.0,,,68.0,36.7,35.4,5.5,3.8,5.0,0.5
2025-06-11,RDS_20250611.pdf,339.9,-4.2,151.8,9.0,16.0,12.5,,,0.0,0.0,,0.0,,,67.5,33.1,34.9,5.5,3.8,6.5,0.5
2025-06-12,RDS_20250612.pdf,335.9,-4.0,149.4,11.0,18.0,14.5,,,0.9,0.0,,0.0,,,68.9,30.7,35.1,5.5,3.7,5.0,0.5
2025-06-13,RDS_20250613.pdf,337.0,1.0,151.0,11.0,15.0,13.0,,,1.0,0.0,,0.0,,,69.0,31.2,34.9,5.7,3.7,6.0,0.5
2025-06-14,RDS_20250614.pdf,334.4,-2.6,144.6,11.0,13.0,12.0,,,0.6,0.0,,0.0,,,65.7,28.7,34.2,5.5,4.0,6.0,0.5
2025-06-15,RDS_20250615.pdf,335.2,0.8,141.2,5.0,13.0,9.0,,,0.8,0.0,,0.0,,,64.8,27.0,33.9,5.0,4.0,6.0,0.5
2025-06-16,RDS_20250616.pdf,345.5,10.3,141.2,7.0,16.0,11.5,,,0.8,0.0,,0.0,,,65.6,28.6,34.5,5.2,4.3,2.5,0.5
2025-06-17,RDS_20250617.pdf,351.7,6.2,156.4,11.0,16.0,13.5,,,0.9,0.0,,0.0,,,70.3,37.2,35.2,5.5,4.2,3.5,0.5
2025-06-18,RDS_20250618.pdf,344.8,-6.9,165.1,5.0,15.0,10.0,,,3.7,0.2,,0.0,,,73.4,39.0,36.4,5.5,4.3,6.0,0.5
2025-06-19,RDS_20250619.pdf,342.3,-2.5,163.2,6.0,17.0,11.5,,,1.4,0.2,,0.0,,,75.7,35.1,35.9,5.7,4.3,6.0,0.5
2025-06-20,RDS_20250620.pdf,343.1,0.8,159.9,6.0,16.0,11.0,,,1.1,0.0,,0.0,,,74.1,34.1,35.3,5.4,4.5,6.0,0.5
2025-06-21,RDS_20250621.pdf,344.8,1.7,153.3,8.0,17.0,12.5,,,2.0,0.2,,0.0,,,71.2,31.2,34.5,5.4,4.5,6.0,0.5
2025-06-22,RDS_20250622.pdf,346.7,1.9,147.3,8.0,15.0,11.5,,,3.3,0.4,,0.0,,,70.3,27.5,34.0,4.9,4.2,6.0,0.5
2025-06-23,RDS_20250623.pdf,352.6,5.9,166.0,3.0,9.0,6.0,,,0.6,0.0,,0.0,,,83.5,31.0,35.5,5.5,4.0,6.0,0.5
2025-06-24,RDS_20250624.pdf,342.6,-10.0,158.9,2.0,12.0,7.0,,,2.5,0.0,,0.0,,,83.8,24.0,34.7,5.5,4.2,6.2,0.5
2025-06-25,RDS_20250625.pdf,341.9,-0.7,158.1,8.0,15.0,11.5,,,3.2,0.0,,0.0,,,86.1,20.3,35.3,5.5,4.1,6.4,0.5
2025-06-26,RDS_20250626.pdf,342.9,1.0,153.7,3.0,14.0,8.5,,,0.7,0.0,,0.0,,,82.8,19.4,34.6,5.6,4.2,6.4,0.7
2025-06-27,RDS_20250627.pdf,345.2,2.3,156.9,4.0,15.0,9.5,,,3.0,0.2,,0.0,,,84.7,20.4,34.6,5.7,4.4,6.5,0.6
2025-06-28,RDS_20250628.pdf,342.9,-2.4,151.2,3.0,14.0,8.5,,,2.1,0.0,,0.0,,,79.8,21.0,33.3,5.4,4.6,6.5,0.6
2025-06-29,RDS_20250629.pdf,340.6,-2.3,150.1,5.0,9.0,7.0,,,4.4,0.0,,0.0,,,80.1,20.2,33.1,4.9,4.6,6.5,0.6
2025-06-30,RDS_20250630.pdf,337.6,-2.9,164.1,2.0,8.0,5.0,,,2.8,0.0,,0.0,,,91.8,20.9,34.5,5.5,4.5,6.5,0.5
2025-07-01,RDS_20250701.pdf,325.2,-12.5,157.5,,,,,,2.9,0.0,,0.0,,,93.7,21.0,32.1,5.5,4.4,0.3,0.5
2025-07-02,RDS_20250702.pdf,319.2,-6.0,156.6,,,,,,2.5,0.0,,0.0,,,97.3,21.4,27.6,5.5,4.1,0.3,0.4
2025-07-03,RDS_20250703.pdf,327.6,8.4,157.4,4.0,12.0,8.0,,,2.1,0.0,,0.0,,,94.2,20.9,30.9,5.6,4.0,1.5,0.3
2025-07-04,RDS_20250704.pdf,344.6,17.1,149.8,8.0,15.0,11.5,,,2.5,0.0,,0.0,,,93.6,19.2,23.7,5.7,4.1,3.0,0.5
2025-07-05,RDS_20250705.pdf,349.3,4.7,152.4,8.0,14.0,11.0,,,2.9,0.0,,0.0,,,83.1,25.1,29.6,5.5,4.2,4.5,0.5
2025-07-06,RDS_20250706.pdf,351.2,1.9,150.2,8.0,13.0,10.5,,,2.9,0.0,,0.0,,,74.0,30.2,30.3,5.0,4.2,6.0,0.5
2025-07-08,RDS_20250708.pdf,356.2,-0.7,162.4,8.0,17.0,12.5,,,2.1,0.0,,0.0,,,75.4,37.2,33.3,5.5,4.3,6.2,0.6
2025-07-09,RDS_20250709.pdf,351.5,-4.7,150.6,9.0,17.0,13.0,,,3.1,0.0,,0.0,,,67.6,32.1,33.8,5.4,4.1,7.0,0.6
2025-07-10,RDS_20250710.pdf,351.9,0.3,154.6,11.0,16.0,13.5,,,2.6,0.0,,0.0,,,66.4,36.1,34.7,5.5,4.3,7.0,0.6
2025-07-11,RDS_20250711.pdf,342.9,-8.9,151.8,10.0,17.0,13.5,,,2.6,0.0,,0.0,,,65.4,35.2,33.2,5.7,4.1,7.5,0.6
2025-07-12,RDS_20250712.pdf,342.1,-0.8,144.3,11.0,19.0,15.0,,,2.4,0.0,,0.0,,,62.4,32.1,32.2,5.5,4.1,7.5,0.5
2025-07-13,RDS_20250713.pdf,347.2,5.1,138.8,11.0,18.0,14.5,,,2.1,0.0,,0.0,,,57.3,32.5,32.5,4.9,4.1,7.0,0.5
2025-07-14,RDS_20250714.pdf,357.4,10.1,149.9,10.0,15.0,12.5,,,0.0,0.0,,0.0,,,63.0,35.5,33.7,5.5,4.1,7.5,0.6
2025-07-15,RDS_20250715.pdf,357.3,-0.1,147.4,13.0,19.0,16.0,,,0.6,0.0,,0.0,,,61.7,34.7,33.9,5.5,4.1,7.0,0.5
2025-07-16,RDS_20250716.pdf,362.5,5.2,152.3,11.0,17.0,14.0,,,0.0,0.0,,0.0,,,69.5,33.3,32.6,5.5,4.3,6.5,0.6
2025-07-17,RDS_20250717.pdf,354.9,-7.6,157.1,7.0,14.0,10.5,,,0.0,0.0,,0.0,,,70.3,35.1,34.7,5.6,4.3,6.5,0.6
2025-07-18,RDS_20250718.pdf,347.9,-7.0,158.2,5.0,16.0,10.5,,,0.2,0.0,,0.0,,,71.2,36.1,34.0,5.7,4.1,6.5,0.6
2025-07-19,RDS_20250719.pdf,348.2,0.3,145.4,7.0,17.0,12.0,,,0.2,0.0,,0.0,,,61.9,32.8,33.3,5.6,4.2,7.0,0.6
2025-07-20,RDS_20250720.pdf,354.8,6.7,141.6,9.0,19.0,14.0,,,0.5,0.0,,0.0,,,59.4,32.7,33.0,4.9,4.0,7.0,0.6
2025-07-21,RDS_20250721.pdf,365.0,10.2,158.1,11.0,19.0,15.0,,,0.0,0.0,,0.0,,,68.6,38.5,34.2,5.5,3.8,7.0,0.6
2025-07-22,RDS_20250722.pdf,364.4,-0.6,158.0,10.0,16.0,13.0,,,0.0,0.0,,0.0,,,68.8,37.4,34.7,5.5,4.1,7.0,0.6
2025-07-23,RDS_20250723.pdf,352.8,-11.6,161.7,6.0,12.0,9.0,,,0.5,0.0,,0.0,,,74.0,35.9,34.4,5.5,4.1,7.3,0.5
2025-07-24,RDS_20250724.pdf,344.6,-8.2,158.6,8.0,14.0,11.0,,,0.0,0.0,,0.0,,,75.4,31.2,34.3,5.6,4.1,7.5,0.5
2025-07-25,RDS_20250725.pdf,342.6,-2.0,156.8,11.0,15.0,13.0,,,0.5,0.0,,0.0,,,75.8,29.5,34.6,5.8,4.2,6.5,0.5
2025-07-26,RDS_20250726.pdf,344.9,2.4,150.8,8.0,12.0,10.0,,,0.0,0.0,,0.0,,,74.5,26.2,33.4,5.6,4.3,6.5,0.5
2025-07-27,RDS_20250727.pdf,341.3,-3.7,150.1,7.0,12.0,9.5,,,0.0,0.0,,0.0,,,74.0,26.6,33.3,5.0,4.2,6.5,0.5
2025-07-28,RDS_20250728.pdf,345.2,4.0,155.5,8.0,14.0,11.0,,,0.5,0.0,,0.0,,,82.1,21.8,34.5,5.5,4.1,7.0,0.6
2025-07-29,RDS_20250729.pdf,351.1,5.9,156.4,8.0,16.0,12.0,,,0.5,0.0,,0.0,,,75.6,30.0,34.2,5.5,4.1,6.5,0.6
2025-07-30,RDS_20250730.pdf,346.8,-4.4,156.5,10.0,17.0,13.5,,,0.5,0.0,,0.0,,,72.7,33.0,34.5,5.5,3.7,6.5,0.6
2025-07-31,RDS_20250731.pdf,347.4,0.7,149.7,12.0,20.0,16.0,,,0.5,0.0,,0.0,,,66.7,31.3,34.6,5.6,3.7,7.0,0.6
2025-08-01,RDS_20250801.pdf,351.1,3.7,149.5,15.0,17.0,16.0,,,1.3,0.0,,0.0,,,65.8,32.3,33.9,5.6,3.8,7.5,0.6
2025-08-02,RDS_20250802.pdf,359.8,8.7,139.8,13.0,17.0,15.0,,,1.8,0.0,,0.0,,,59.8,30.5,32.0,5.4,4.0,7.5,0.6
2025-08-03,RDS_20250803.pdf,370.3,10.5,139.9,9.0,16.0,12.5,,,1.8,0.0,,0.0,,,62.2,29.2,31.7,4.8,3.9,7.5,0.6
2025-08-04,RDS_20250804.pdf,372.1,1.8,169.4,9.0,15.0,12.0,,,1.8,0.0,,0.0,,,79.1,40.6,33.1,5.4,4.1,6.5,0.6
2025-08-05,RDS_20250805.pdf,369.5,-2.6,165.0,6.0,13.0,9.5,,,1.8,0.0,,0.0,,,74.2,39.2,34.7,5.4,3.9,7.0,0.6
2025-08-06,RDS_20250806.pdf,363.7,-5.8,164.3,8.0,16.0,12.0,,,3.5,0.0,,0.0,,,75.4,36.9,35.2,5.4,3.9,7.0,0.5
2025-08-07,RDS_20250807.pdf,358.3,-5.5,167.5,8.0,14.0,11.0,,,3.5,0.0,,0.0,,,74.7,40.4,35.5,5.5,3.9,7.0,0.5
2025-08-08,RDS_20250808.pdf,351.0,-7.2,166.2,5.0,14.0,9.5,,,5.0,0.0,,0.0,,,72.5,42.0,34.5,5.7,4.0,7.0,0.5
2025-08-09,RDS_20250809.pdf,352.1,1.1,159.7,5.0,15.0,10.0,,,5.6,0.0,,0.0,,,70.6,38.6,33.7,5.5,3.8,7.0,0.5
2025-08-10,RDS_20250810.pdf,355.4,3.2,151.9,5.0,18.0,11.5,,,3.4,0.0,,0.0,,,64.0,37.6,34.0,4.9,3.9,7.0,0.5
2025-08-11,RDS_20250811.pdf,361.1,5.7,156.5,8.0,19.0,13.5,,,4.2,0.0,,0.0,,,63.8,40.0,35.7,5.4,4.0,7.0,0.6
2025-08-12,RDS_20250812.pdf,367.0,6.0,149.4,11.0,22.0,16.5,,,4.6,0.0,,0.0,,,60.8,35.7,35.4,5.4,4.1,7.5,0.5
2025-08-13,RDS_20250813.pdf,370.0,3.0,155.1,10.0,15.0,12.5,,,4.3,0.0,,0.0,,,67.4,35.4,35.0,5.4,3.9,7.5,0.5
2025-08-14,RDS_20250814.pdf,360.8,-9.2,157.4,6.0,13.0,9.5,,,1.3,0.0,,0.0,,,69.5,36.5,34.4,5.6,3.4,7.5,0.5
2025-08-15,RDS_20250815.pdf,356.3,-4.5,151.6,6.0,14.0,10.0,,,1.8,0.0,,0.0,,,69.7,33.2,34.8,5.5,4.0,4.0,0.5
2025-08-16,RDS_20250816.pdf,350.7,-5.5,156.4,7.0,13.0,10.0,,,5.2,0.0,,0.0,,,69.2,36.9,34.4,5.4,4.0,6.0,0.5
2025-08-17,RDS_20250817.pdf,352.7,1.9,149.0,11.0,15.0,13.0,,,4.7,0.0,,0.0,,,64.9,34.4,34.3,5.0,4.0,6.0,0.5
2025-08-18,RDS_20250818.pdf,364.3,11.6,154.5,12.0,17.0,14.5,,,4.8,0.0,,0.0,,,64.7,38.8,35.2,5.4,4.0,6.0,0.5
2025-08-19,RDS_20250819.pdf,364.2,-0.1,154.4,14.0,16.0,15.0,,,6.1,0.0,,0.0,,,63.7,39.6,34.6,5.4,3.6,7.0,0.5
2025-08-20,RDS_20250820.pdf,364.2,-0.03,151.7,13.0,17.0,15.0,,,4.2,0.0,,0.0,,,63.0,37.2,34.9,5.3,3.8,7.0,0.5
2025-08-21,RDS_20250821.pdf,364.7,0.6,152.3,9.0,18.0,13.5,,,4.0,0.0,,0.0,,,63.9,36.7,35.0,5.5,3.8,7.0,0.5
2025-08-22,RDS_20250822.pdf,369.9,5.2,152.0,13.0,18.0,15.5,,,4.0,0.0,,0.0,,,65.6,34.0,35.5,5.7,3.8,7.0,0.4
2025-08-23,RDS_20250823.pdf,363.7,-6.2,141.6,8.0,15.0,11.5,,,2.8,0.0,,0.0,,,61.7,28.4,34.8,5.4,3.8,7.0,0.4
2025-08-24,RDS_20250824.pdf,356.3,-7.4,130.8,6.0,18.0,12.0,,,1.3,0.0,,0.0,,,57.3,22.9,34.5,4.9,3.8,7.0,0.4
2025-08-25,RDS_20250825.pdf,354.9,-1.7,140.2,10.0,22.0,16.0,,,1.8,0.0,,0.0,,,57.0,31.7,35.8,5.4,3.8,6.0,0.4
2025-08-26,RDS_20250826.pdf,349.3,-5.5,137.9,8.0,21.0,14.5,,,1.8,0.0,,0.0,,,55.7,30.5,35.9,5.4,4.0,6.0,0.5
2025-08-27,RDS_20250827.pdf,350.4,1.1,130.4,11.0,22.0,16.5,,,1.8,0.0,,0.0,,,49.9,29.2,35.6,5.3,3.9,6.0,0.4
2025-08-28,RDS_20250828.pdf,356.9,6.5,125.3,12.0,22.0,17.0,,,1.3,0.0,0.0,0.0,,,45.6,28.0,35.3,5.5,4.0,6.5,0.4
2025-08-29,RDS_20250829.pdf,364.5,7.6,124.3,14.0,20.0,17.0,,,0.0,0.0,0.0,0.0,,,48.0,24.3,34.4,5.7,3.9,7.5,0.4
2025-08-31,RDS_20250831.pdf,365.5,-5.0,122.1,15.0,19.0,17.0,,,0.0,0.0,0.0,0.0,,,48.9,23.5,33.5,4.9,3.9,7.0,0.4
2025-09-01,RDS_20250901.pdf,363.3,-2.2,137.5,12.0,17.0,14.5,,,0.0,0.0,0.0,0.0,,,55.6,30.2,35.1,5.3,3.9,7.0,0.4
2025-09-02,RDS_20250902.pdf,353.0,-10.3,136.1,8.0,15.0,11.5,,,0.0,0.0,0.0,0.0,,,58.8,29.4,35.2,5.3,3.9,3.0,0.5
2025-09-03,RDS_20250903.pdf,347.1,-6.0,136.0,10.0,21.0,15.5,,,3.1,0.0,0.0,0.0,,,61.8,27.4,35.2,5.3,3.9,2.0,0.4
2025-09-04,RDS_20250904.pdf,343.0,-4.1,145.0,5.0,12.0,8.5,,,3.5,0.0,0.0,0.0,,,69.1,28.4,35.3,5.4,3.9,2.5,0.4
2025-09-05,RDS_20250905.pdf,340.6,-2.4,141.0,3.0,13.0,8.0,,,3.0,0.0,0.0,0.0,,,69.3,22.5,35.2,5.7,3.9,4.0,0.4
2025-09-06,RDS_20250906.pdf,338.1,-2.5,140.5,3.0,16.0,9.5,,,3.3,0.0,3.0,0.0,,,67.5,27.1,34.2,5.4,3.9,2.0,0.4
2025-09-07,RDS_20250907.pdf,342.6,4.6,136.3,8.0,16.0,12.0,,,3.3,0.0,0.0,0.0,,,59.7,27.3,34.2,4.8,3.9,6.0,0.4
2025-09-08,RDS_20250908.pdf,349.0,6.4,141.3,11.0,18.0,14.5,,,2.8,0.0,0.0,0.0,,,60.1,29.9,35.7,5.3,3.9,6.0,0.4
2025-09-09,RDS_20250909.pdf,349.7,0.7,128.4,10.0,23.0,16.5,,,2.1,0.0,0.0,0.0,,,52.2,31.4,34.5,5.3,3.9,0.6,0.5
2025-09-10,RDS_20250910.pdf,349.9,0.2,123.8,12.0,24.0,18.0,,,0.0,0.0,0.0,0.0,,,48.3,24.8,35.2,5.3,3.7,6.0,0.5
2025-09-11,RDS_20250911.pdf,359.6,9.7,121.3,10.0,23.0,16.5,,,0.0,0.0,0.0,0.0,,,45.9,24.1,35.6,5.4,3.8,6.0,0.5
2025-09-12,RDS_20250912.pdf,363.4,3.7,117.5,10.0,21.0,15.5,,,0.0,0.0,0.0,0.0,,,42.4,23.9,35.0,5.7,4.1,6.0,0.5
2025-09-13,RDS_20250913.pdf,361.7,-1.7,109.2,13.0,18.0,15.5,,,0.0,0.0,0.0,0.0,,,39.4,21.0,34.3,5.5,4.0,4.5,0.5
2025-09-14,RDS_20250914.pdf,360.9,-0.8,109.6,12.0,23.0,17.5,,,0.0,0.0,0.0,0.0,,,39.2,23.7,33.2,4.8,3.8,4.5,0.5
2025-09-15,RDS_20250915.pdf,361.2,0.3,117.3,14.0,21.0,17.5,,,0.0,0.0,0.0,0.0,,,42.9,28.1,35.3,5.3,3.8,1.5,0.5
2025-09-16,RDS_20250916.pdf,362.3,1.2,115.3,11.0,21.0,16.0,,,0.0,0.0,0.0,0.0,,,37.7,28.3,35.1,5.3,4.5,4.0,0.5
2025-09-17,RDS_20250917.pdf,363.0,0.7,113.3,14.0,24.0,19.0,,,0.0,0.0,0.0,0.0,,,36.2,28.6,34.4,5.3,4.4,4.0,0.5
2025-09-18,RDS_20250918.pdf,365.0,2.0,112.7,17.0,22.0,19.5,,,0.0,0.0,0.0,0.0,,,35.7,30.7,34.7,5.5,3.7,2.0,0.4
2025-09-19,RDS_20250919.pdf,365.2,0.1,111.1,17.0,23.0,20.0,,,0.0,0.0,0.0,0.0,,,33.3,32.0,35.4,5.7,3.8,0.5,0.4
2025-09-20,RDS_20250920.pdf,365.4,0.3,109.7,15.0,19.0,17.0,,,0.0,0.0,0.0,0.0,,,35.4,26.8,33.9,5.4,3.8,4.0,0.4
2025-09-21,RDS_20250921.pdf,367.3,1.9,103.6,12.0,15.0,13.5,,,0.0,0.0,0.0,0.0,,,36.2,22.0,32.5,4.8,3.8,4.0,0.4
2025-09-22,RDS_20250922.pdf,369.1,1.8,117.1,9.0,19.0,14.0,,,0.0,0.0,0.0,0.0,,,44.6,24.2,32.7,5.3,3.8,6.0,0.5
2025-09-23,RDS_20250923.pdf,366.8,-2.3,121.0,8.0,19.0,13.5,,,0.0,0.0,0.0,0.0,,,46.9,28.0,32.1,5.3,3.8,4.5,0.5
2025-09-24,RDS_20250924.pdf,364.3,-2.4,116.1,9.0,17.0,13.0,,,0.0,0.0,0.0,0.0,,,44.2,25.1,32.3,5.3,3.8,5.0,0.5
2025-09-25,RDS_20250925.pdf,358.9,-5.4,110.1,10.0,18.0,14.0,,,0.0,0.0,0.0,0.0,,,39.9,22.8,32.8,5.4,3.8,5.0,0.5
2025-09-26,RDS_20250926.pdf,359.8,0.9,109.5,12.0,22.0,17.0,,,0.0,0.0,0.0,0.0,,,39.3,22.6,32.6,5.7,4.0,5.0,0.5
2025-09-27,RDS_20250927.pdf,362.6,2.8,104.5,15.0,18.0,16.5,,,0.0,0.0,0.0,0.0,,,35.9,20.5,34.8,5.4,3.9,3.6,0.5
2025-09-28,RDS_20250928.pdf,364.8,2.2,97.6,11.0,22.0,16.5,,,0.0,0.0,0.0,0.0,,,33.3,17.5,34.3,4.7,3.9,3.5,0.5
2025-09-29,RDS_20250929.pdf,370.0,5.1,113.0,11.0,24.0,17.5,,,0.0,0.0,0.0,0.0,,,37.8,25.8,35.8,5.3,3.9,4.0,0.5
2025-09-30,RDS_20250930.pdf,367.6,-2.4,108.4,14.0,22.0,18.0,,,0.0,0.0,0.0,0.0,,,33.9,24.5,35.0,5.3,4.1,5.0,0.6
2025-10-01,RDS_20251001.pdf,368.5,0.9,106.1,12.0,23.0,17.5,,,0.0,0.0,0.0,0.0,,,32.7,23.0,34.7,5.4,3.6,4.5,2.2
2025-10-02,RDS_20251002.pdf,369.6,1.2,100.9,15.0,24.0,19.5,,,0.0,0.0,0.0,0.0,,,28.4,21.2,35.3,5.5,3.5,4.8,2.2
2025-10-03,RDS_20251003.pdf,372.3,2.7,98.9,16.0,26.0,21.0,,,0.0,0.0,0.0,0.0,,,25.6,21.2,35.5,5.7,3.5,5.4,2.1
2025-10-04,RDS_20251004.pdf,369.6,-2.7,100.0,19.0,29.0,24.0,,,0.0,0.0,0.0,0.0,,,24.6,24.7,35.4,5.5,3.5,4.3,2.1
2025-10-05,RDS_20251005.pdf,364.4,-5.2,95.8,15.0,20.0,17.5,,,0.0,0.0,0.0,0.0,,,23.9,22.0,35.1,4.8,3.5,4.3,2.1
2025-10-06,RDS_20251006.pdf,361.5,-3.0,114.2,9.0,18.0,13.5,,,0.0,0.0,0.0,0.0,,,34.8,25.6,37.0,5.4,3.9,5.4,2.1
2025-10-07,RDS_20251007.pdf,356.1,-5.4,110.9,9.0,23.0,16.0,,,0.0,0.0,0.0,0.0,,,33.4,25.8,35.3,5.4,3.8,5.3,2.0
2025-10-08,RDS_20251008.pdf,357.2,1.2,104.9,14.0,26.0,20.0,,,0.0,0.0,0.0,0.0,,,28.2,23.1,37.0,5.4,3.4,5.3,2.5
2025-10-09,RDS_20251009.pdf,363.1,5.9,100.5,16.0,27.0,21.5,,,0.0,0.0,0.0,0.0,,,26.2,22.1,36.8,5.5,3.6,3.8,2.5
2025-10-10,RDS_20251010.pdf,365.3,2.2,98.4,17.0,29.0,23.0,,,0.0,0.0,0.0,0.0,,,22.6,23.9,35.9,5.5,3.8,4.3,2.5
2025-10-11,RDS_20251011.pdf,364.7,-0.5,101.2,19.0,27.0,23.0,,,0.0,0.0,0.0,0.0,,,24.9,24.6,35.6,5.4,3.9,4.3,2.5
2025-10-12,RDS_20251012.pdf,364.3,-0.5,94.8,14.0,18.0,16.0,,,0.0,0.0,0.0,0.0,,,23.6,20.4,35.3,4.9,3.8,4.3,2.5
2025-10-13,RDS_20251013.pdf,368.4,4.1,100.3,13.0,23.0,18.0,,,0.0,0.0,0.0,0.0,,,28.5,21.6,36.4,5.4,3.6,2.3,2.5
2025-10-14,RDS_20251014.pdf,367.3,-1.0,101.7,15.0,24.0,19.5,,,0.0,0.0,0.0,0.0,,,26.9,23.3,36.3,5.4,3.4,3.9,2.5
2025-10-15,RDS_20251015.pdf,365.0,-2.3,102.3,19.0,27.0,23.0,,,0.0,0.0,0.0,0.0,,,23.9,24.7,36.6,5.4,3.5,5.6,2.5
2025-10-16,RDS_20251016.pdf,363.3,-1.7,108.4,18.0,28.0,23.0,,,0.0,0.0,0.0,0.0,,,25.3,28.0,36.5,5.5,4.0,6.6,2.5
2025-10-17,RDS_20251017.pdf,356.6,-6.6,109.9,19.0,22.0,20.5,,,0.0,0.0,0.0,0.0,,,27.6,27.9,35.4,5.8,4.0,7.0,2.3
2025-10-18,RDS_20251018.pdf,355.7,-0.9,95.4,11.0,22.0,16.5,,,0.0,0.0,0.0,0.0,,,23.5,20.8,33.6,5.5,4.0,5.5,2.5
2025-10-19,RDS_20251019.pdf,357.4,1.7,85.5,12.0,22.0,17.0,,,0.0,0.0,0.0,0.0,,,19.0,15.9,33.2,4.9,4.0,6.0,2.5
2025-10-20,RDS_20251020.pdf,363.3,5.9,97.4,15.0,25.0,20.0,,,0.0,0.0,0.0,0.0,,,23.3,22.2,34.0,5.4,4.1,6.0,2.4
2025-10-21,RDS_20251021.pdf,365.7,2.4,98.8,18.0,28.0,23.0,,,0.0,0.0,0.0,0.0,,,23.1,25.0,34.7,5.4,3.4,4.8,2.4
2025-10-22,RDS_20251022.pdf,367.8,2.1,104.4,19.0,26.0,22.5,,,0.0,0.0,0.0,0.0,,,24.1,28.8,35.5,5.4,3.3,4.8,2.4
2025-10-23,RDS_20251023.pdf,364.2,-3.5,103.6,19.0,30.0,24.5,,,0.0,0.0,0.0,0.0,,,21.0,30.5,35.4,5.5,3.5,5.4,2.3
2025-10-24,RDS_20251024.pdf,359.8,-4.4,106.8,20.0,23.0,21.5,,,0.0,0.0,0.0,0.0,,,24.7,30.2,34.7,5.7,3.7,5.4,2.3
2025-10-25,RDS_20251025.pdf,358.8,-1.0,100.2,16.0,20.0,18.0,,,0.0,0.0,0.0,0.0,,,25.9,24.7,33.2,5.6,3.7,4.8,2.3
2025-10-26,RDS_20251026.pdf,364.5,5.7,88.5,5.0,23.0,14.0,,,0.0,0.0,0.0,0.0,,,24.9,15.4,32.9,5.1,3.7,4.3,2.3
2025-10-27,RDS_20251027.pdf,369.8,5.2,112.7,11.0,15.0,13.0,,,0.0,0.0,0.0,0.0,,,34.9,27.4,33.9,5.5,3.4,5.3,2.3
2025-10-28,RDS_20251028.pdf,358.9,-10.9,115.3,8.0,16.0,12.0,,,0.0,0.0,0.0,0.0,,,37.0,29.1,33.8,5.5,3.2,4.3,2.4
2025-10-29,RDS_20251029.pdf,355.0,-3.8,114.5,10.0,17.0,13.5,,,0.0,0.0,0.0,0.0,,,39.4,26.5,34.0,5.5,2.4,4.3,2.4
2025-10-30,RDS_20251030.pdf,354.5,-0.5,108.7,13.0,19.0,16.0,,,0.0,0.0,0.0,0.0,,,32.9,26.6,33.5,5.6,2.4,5.3,2.4
2025-10-31,RDS_20251031.pdf,355.9,1.4,100.5,14.0,25.0,19.5,,,0.0,0.0,0.0,0.0,,,29.3,23.1,33.2,5.8,2.4,4.3,2.4
2025-11-01,RDS_20251101.pdf,364.0,8.0,92.5,15.0,28.0,21.5,,,0.0,0.0,0.0,0.0,,,25.0,20.3,31.8,5.5,2.4,5.0,2.4
2025-11-02,RDS_20251102.pdf,367.2,3.2,90.4,19.0,25.0,22.0,,,0.0,0.0,0.0,0.0,,,20.1,23.9,31.7,4.9,2.4,5.0,2.4
2025-11-03,RDS_20251103.pdf,373.7,6.5,99.9,18.0,29.0,23.5,,,0.0,0.0,0.0,0.0,,,22.5,28.1,32.9,5.4,3.2,5.3,2.4
2025-11-04,RDS_20251104.pdf,371.0,-2.7,102.1,19.0,25.0,22.0,,,0.0,0.0,0.0,0.0,,,22.5,28.2,33.2,5.5,3.5,6.8,2.4
2025-11-05,RDS_20251105.pdf,367.9,-3.0,105.5,14.0,21.0,17.5,,,0.0,0.0,0.0,0.0,,,27.5,27.5,34.5,5.5,3.3,4.8,2.4
2025-11-06,RDS_20251106.pdf,367.8,-0.1,109.1,14.0,21.0,17.5,,,0.0,0.0,0.0,0.0,,,28.9,28.1,34.9,5.6,3.5,5.8,2.4
2025-11-07,RDS_20251107.pdf,365.1,-3.2,107.4,14.0,18.0,16.0,,,0.0,0.0,0.0,0.0,,,27.9,27.9,34.8,5.8,3.8,4.8,2.4
2025-11-08,RDS_20251108.pdf,357.9,-7.2,98.9,12.0,21.0,16.5,,,0.0,0.0,0.0,0.0,,,25.6,24.1,33.0,5.5,3.3,4.8,2.6
2025-11-09,RDS_20251109.pdf,363.7,5.9,91.2,12.0,26.0,19.0,,,0.0,0.0,0.0,0.0,,,22.0,20.4,32.7,5.0,3.3,5.3,2.6
2025-11-10,RDS_20251110.pdf,375.0,11.3,101.2,15.0,27.0,21.0,,,0.0,0.0,0.0,0.0,,,22.7,27.9,33.7,5.5,3.3,5.8,2.4
2025-11-11,RDS_20251111.pdf,376.0,1.0,98.7,18.0,27.0,22.5,,,0.0,0.0,0.0,0.0,,,22.4,25.5,33.6,5.5,3.5,5.8,2.4
2025-11-12,RDS_20251112.pdf,375.4,-0.6,99.2,13.0,26.0,19.5,,,0.0,0.0,0.0,0.0,,,22.2,26.3,34.3,5.4,2.5,5.8,2.6
2025-11-13,RDS_20251113.pdf,375.8,0.4,101.4,13.0,27.0,20.0,,,0.0,0.0,0.0,0.0,,,22.9,28.3,34.3,5.6,2.5,5.4,2.5
2025-11-14,RDS_20251114.pdf,379.6,3.9,94.5,18.0,30.0,24.0,,,0.0,0.0,0.0,0.0,,,18.9,26.1,33.9,5.7,2.5,4.9,2.5
2025-11-15,RDS_20251115.pdf,374.1,-5.5,92.1,18.0,31.0,24.5,,,0.0,0.0,0.0,0.0,,,16.7,26.8,33.1,5.5,2.4,5.0,2.6
2025-11-16,RDS_20251116.pdf,369.9,-4.3,81.9,18.0,24.0,21.0,,,0.0,0.0,0.0,0.0,,,16.8,19.6,32.1,4.9,2.4,3.5,2.6
2025-11-17,RDS_20251117.pdf,378.7,8.8,91.2,11.0,24.0,17.5,,,0.0,0.0,0.0,0.0,,,21.2,21.5,33.9,5.5,3.5,3.0,2.6
2025-11-18,RDS_20251118.pdf,382.5,3.8,103.3,17.0,29.0,23.0,,,0.0,0.0,0.0,0.0,,,20.2,31.2,34.6,5.5,3.4,5.8,2.6
2025-11-19,RDS_20251119.pdf,374.9,-7.6,109.2,16.0,25.0,20.5,,,0.0,0.0,0.0,0.0,,,22.6,34.5,35.0,5.5,3.2,5.8,2.6
2025-11-20,RDS_20251120.pdf,365.7,-9.2,109.8,17.0,26.0,21.5,,,0.0,0.0,0.0,0.0,,,21.4,35.4,35.8,5.6,3.1,5.8,2.6
2025-11-21,RDS_20251121.pdf,357.1,-8.5,102.9,15.0,23.0,19.0,,,0.0,0.0,0.0,0.0,,,19.4,32.1,35.2,5.5,3.1,5.0,2.6
2025-11-22,RDS_20251122.pdf,349.3,-7.8,96.7,10.0,21.0,15.5,,,0.0,0.0,0.0,0.0,,,18.4,27.0,34.2,5.4,3.1,6.0,2.6
2025-11-23,RDS_20251123.pdf,351.6,2.2,86.0,12.0,24.0,18.0,,,0.0,0.0,0.0,0.0,,,15.7,21.8,33.7,4.9,3.1,4.2,2.6
2025-11-24,RDS_20251124.pdf,368.4,16.9,93.5,16.0,26.0,21.0,,,0.0,0.0,0.0,0.0,,,16.4,26.1,34.0,5.2,3.1,6.1,2.6
2025-11-25,RDS_20251125.pdf,375.6,7.2,105.9,16.0,29.0,22.5,,,0.0,0.0,0.0,0.0,,,16.5,37.4,35.1,5.5,3.1,5.8,2.6
2025-11-26,RDS_20251126.pdf,370.0,-5.7,109.2,19.0,31.0,25.0,,,0.0,0.0,0.0,0.0,,,15.9,42.3,34.1,5.5,3.0,5.8,2.6
2025-11-27,RDS_20251127.pdf,362.9,-7.1,115.8,21.0,32.0,26.5,,,0.0,0.0,0.0,0.0,,,16.7,47.4,35.3,5.6,1.9,6.2,2.6
2025-11-28,RDS_20251128.pdf,355.7,-7.2,115.8,19.0,28.0,23.5,,,0.0,0.0,0.0,0.0,,,18.9,45.1,35.2,5.6,1.9,6.5,2.6
2025-11-29,RDS_20251129.pdf,350.1,-5.6,113.8,17.0,20.0,18.5,,,0.0,0.0,0.0,0.0,,,18.9,45.1,34.1,5.5,1.9,5.6,2.6
2025-11-30,RDS_20251130.pdf,345.1,-5.0,99.5,17.0,21.0,19.0,,,0.0,0.0,0.0,0.0,,,18.2,32.6,33.6,5.1,1.9,5.5,2.6
2025-12-01,RDS_20251201.pdf,357.7,12.7,108.9,17.0,23.0,20.0,,,0.0,0.0,0.0,0.0,,,18.9,38.6,34.8,5.6,3.3,5.2,2.6
2025-12-02,RDS_20251202.pdf,358.2,0.5,111.1,15.0,28.0,21.5,,,0.0,0.0,0.0,0.0,,,18.4,41.2,34.9,5.5,3.2,5.2,2.6
2025-12-03,RDS_20251203.pdf,358.5,0.3,116.1,18.0,29.0,23.5,,,0.0,0.0,0.0,0.0,,,16.9,46.3,35.8,5.5,3.2,5.8,2.6
2025-12-04,RDS_20251204.pdf,358.7,0.2,118.0,23.0,35.0,29.0,,,0.0,0.0,0.0,0.0,,,16.1,50.5,35.5,5.6,3.1,4.5,2.6
2025-12-05,RDS_20251205.pdf,346.2,-12.5,125.6,24.0,35.0,29.5,,,0.0,0.0,0.0,0.0,,,15.7,56.4,35.3,5.8,3.2,5.5,3.6
2025-12-06,RDS_20251206.pdf,341.1,-5.1,121.0,23.0,31.0,27.0,,,0.0,0.0,0.0,0.0,,,14.8,54.1,34.7,5.6,3.3,5.5,3.0
2025-12-07,RDS_20251207.pdf,344.8,3.7,103.9,18.0,27.0,22.5,,,0.0,0.0,0.0,0.0,,,13.6,39.0,34.9,4.9,3.4,5.5,2.6
2025-12-08,RDS_20251208.pdf,357.6,12.9,100.4,18.0,26.0,22.0,,,0.0,0.0,0.0,0.0,,,14.3,34.7,35.1,5.2,3.4,5.0,2.6
2025-12-09,RDS_20251209.pdf,367.8,10.2,110.6,20.0,25.0,22.5,,,0.0,0.0,0.0,0.0,,,17.2,41.3,35.6,5.5,3.4,5.0,2.6
2025-12-10,RDS_20251210.pdf,361.5,-6.3,116.6,19.0,28.0,23.5,,,0.0,0.0,0.0,0.0,,,16.9,46.1,37.2,5.5,3.3,5.5,2.1
2025-12-11,RDS_20251211.pdf,357.6,-3.9,125.1,18.0,32.0,25.0,,,0.0,0.0,0.0,0.0,,,16.1,52.3,37.5,5.6,3.5,6.5,3.6
2025-12-12,RDS_20251212.pdf,355.1,-2.5,121.9,20.0,34.0,27.0,,,0.0,0.0,0.0,0.0,,,17.2,51.2,36.8,5.8,3.5,5.0,2.4
2025-12-13,RDS_20251213.pdf,353.7,-1.4,108.1,22.0,34.0,28.0,,,0.0,0.0,0.0,0.0,,,15.1,40.0,35.6,5.5,3.5,5.5,2.8
2025-12-14,RDS_20251214.pdf,356.1,2.4,97.9,17.0,24.0,20.5,,,0.0,0.0,0.0,0.0,,,16.3,31.6,35.4,4.9,3.5,4.5,1.8
2025-12-15,RDS_20251215.pdf,365.5,9.4,115.1,16.0,28.0,22.0,,,0.0,0.0,0.0,0.0,,,21.8,40.7,36.4,5.5,3.5,5.5,1.8
2025-12-16,RDS_20251216.pdf,366.2,0.7,113.9,15.0,26.0,20.5,,,0.0,0.0,0.0,0.0,,,20.5,40.6,36.3,5.5,3.4,5.4,2.1
2025-12-17,RDS_20251217.pdf,368.2,1.9,108.3,17.0,31.0,24.0,,,0.0,0.0,0.0,0.0,,,16.3,39.6,35.6,5.5,3.4,5.6,2.3
2025-12-18,RDS_20251218.pdf,371.6,2.7,120.1,22.0,34.0,28.0,,,0.0,0.0,0.0,0.0,,,17.3,48.1,37.4,5.6,3.7,5.6,2.3
2025-12-19,RDS_20251219.pdf,368.6,-3.0,121.4,20.0,31.0,25.5,,,0.0,0.0,0.0,0.0,,,16.6,50.1,37.3,5.8,3.7,5.6,2.3
2025-12-20,RDS_20251220.pdf,357.7,-10.9,112.4,24.0,27.0,25.5,,,0.0,0.0,0.0,0.0,,,13.2,46.8,35.5,5.5,3.7,5.3,2.3
2025-12-21,RDS_20251221.pdf,358.9,1.2,104.5,22.0,28.0,25.0,,,0.0,0.0,0.0,0.0,,,14.1,39.1,35.1,5.0,3.6,5.3,2.3
2025-12-22,RDS_20251222.pdf,363.6,4.7,117.7,22.0,29.0,25.5,,,0.0,0.0,0.0,0.0,,,17.2,47.7,36.4,5.4,3.3,5.3,2.3
2025-12-23,RDS_20251223.pdf,360.1,-3.6,114.9,21.0,32.0,26.5,,,0.0,0.0,0.0,0.0,,,15.7,50.4,35.5,5.5,3.3,4.3,0.2
2025-12-24,RDS_20251224.pdf,356.0,-4.0,108.5,21.0,34.0,27.5,,,0.0,0.0,0.0,0.0,,,14.9,46.4,33.7,5.4,3.8,4.2,0.2
2025-12-25,RDS_20251225.pdf,357.8,1.8,99.4,20.0,30.0,25.0,,,0.0,0.0,0.0,0.0,,,12.4,41.4,33.3,5.2,3.8,3.2,0.2
2025-12-26,RDS_20251226.pdf,368.3,10.5,105.4,19.0,33.0,26.0,,,0.0,0.0,0.0,0.0,,,14.5,43.0,35.0,5.8,3.8,3.2,0.2
2025-12-27,RDS_20251227.pdf,362.8,-5.4,108.6,23.0,35.0,29.0,,,0.0,0.0,0.0,0.0,,,13.3,48.1,33.5,5.5,3.8,4.2,0.2
2025-12-28,RDS_20251228.pdf,363.9,1.1,108.3,24.0,32.0,28.0,,,0.0,0.0,0.0,0.0,,,10.9,50.9,33.4,5.0,3.8,4.2,0.2
2025-12-29,RDS_20251229.pdf,364.4,0.5,126.3,21.0,35.0,28.0,,,0.0,0.0,0.0,0.0,,,14.9,62.3,34.4,5.4,3.3,4.2,1.8
2025-12-30,RDS_20251230.pdf,363.0,-1.4,126.5,25.0,37.0,31.0,,,0.0,0.0,0.0,0.0,,,12.7,63.9,35.6,5.5,3.4,5.3,0.2
2025-12-31,RDS_20251231.pdf,355.6,-7.4,118.2,27.0,39.0,33.0,,,0.0,0.0,0.0,0.0,,,11.2,59.4,33.4,5.5,3.3,5.3,0.1
2026-01-01,RDS_20260101.pdf,360.6,5.0,97.6,20.0,29.0,24.5,,,0.0,0.0,0.0,0.0,,,8.3,43.2,32.1,5.3,3.3,5.3,0.1
2026-01-02,RDS_20260102.pdf,367.9,7.3,110.0,19.0,28.0,23.5,,,0.0,0.0,0.0,0.0,,,13.7,47.6,34.2,5.8,3.3,5.3,0.1
2026-01-03,RDS_20260103.pdf,364.1,-3.8,98.0,14.0,23.0,18.5,,,0.0,0.0,0.0,0.0,,,12.1,40.3,31.1,5.6,3.5,5.2,0.2
2026-01-04,RDS_20260104.pdf,372.1,8.0,88.8,13.0,25.0,19.0,,,0.0,0.0,0.0,0.0,,,11.1,32.8,31.1,5.0,3.5,5.2,0.2
2026-01-05,RDS_20260105.pdf,379.2,7.1,93.1,17.0,28.0,22.5,,,0.0,0.0,0.0,0.0,,,13.0,35.8,32.4,5.5,1.2,5.2,0.1
2026-01-07,RDS_20260107.pdf,363.5,-10.2,104.1,19.0,28.0,23.5,,,0.0,0.0,0.0,0.0,,,13.4,41.0,34.0,5.5,3.2,6.9,0.1
2026-01-08,RDS_20260108.pdf,360.5,-3.0,105.3,15.0,24.0,19.5,,,0.0,0.0,0.0,0.0,,,14.2,40.5,35.0,5.5,3.2,6.7,0.1
2026-01-09,RDS_20260109.pdf,361.2,0.7,99.1,18.0,25.0,21.5,,,0.0,0.0,0.0,0.0,,,14.2,35.4,33.6,5.8,3.3,6.7,0.1
2026-01-10,RDS_20260110.pdf,363.5,2.4,94.4,19.0,24.0,21.5,,,0.0,0.0,0.0,0.0,,,12.3,33.3,33.6,5.5,3.4,6.2,0.1
2026-01-11,RDS_20260111.pdf,365.7,2.1,83.5,15.0,30.0,22.5,,,0.0,0.0,0.0,0.0,,,10.9,26.5,32.6,4.9,3.4,5.2,0.1
2026-01-12,RDS_20260112.pdf,364.2,-1.5,110.7,22.0,35.0,28.5,,,0.0,0.0,0.0,0.0,,,13.5,47.6,34.0,5.4,3.4,6.7,0.1
2026-01-13,RDS_20260113.pdf,353.5,-10.6,119.9,25.0,33.0,29.0,,,0.0,0.0,0.0,0.0,,,13.1,55.1,34.5,5.4,3.3,6.7,1.9
2026-01-14,RDS_20260114.pdf,348.2,-5.4,123.7,23.0,34.0,28.5,,,0.0,0.0,0.0,0.0,,,13.8,58.5,35.2,5.3,3.3,5.7,2.0
2026-01-15,RDS_20260115.pdf,346.5,-1.7,123.5,25.0,33.0,29.0,,,2.5,0.0,0.0,0.0,,,14.2,57.5,34.5,5.4,3.3,6.7,2.0
2026-01-16,RDS_20260116.pdf,341.2,-5.3,121.2,19.0,27.0,23.0,,,0.0,0.0,0.0,0.0,,,14.2,55.3,34.5,5.6,3.4,6.2,2.0
2026-01-17,RDS_20260117.pdf,341.3,0.1,114.4,23.0,34.0,28.5,,,0.0,0.0,0.0,0.0,,,13.3,49.2,35.0,5.4,3.4,6.2,2.0
2026-01-18,RDS_20260118.pdf,345.8,4.5,104.7,19.0,28.0,23.5,,,0.0,0.0,0.0,0.0,,,13.5,40.2,34.8,4.7,3.4,6.2,2.0
2026-01-19,RDS_20260119.pdf,360.1,14.4,113.0,15.0,25.0,20.0,,,0.0,0.0,0.0,0.0,,,15.1,44.5,35.6,5.3,3.4,7.2,2.0
2026-01-20,RDS_20260120.pdf,361.2,1.1,111.6,19.0,29.0,24.0,,,0.0,0.0,0.0,0.0,,,14.3,43.8,36.0,5.4,3.4,6.7,2.0
2026-01-21,RDS_20260121.pdf,359.0,-2.3,117.2,20.0,31.0,25.5,,,0.0,0.0,0.0,0.0,,,14.5,47.8,36.8,5.3,3.5,7.4,2.0
2026-01-22,RDS_20260122.pdf,355.6,-3.4,121.0,22.0,31.0,26.5,,,0.0,0.0,0.0,0.0,,,14.6,52.9,36.1,5.3,3.4,6.7,2.0
2026-01-23,RDS_20260123.pdf,351.6,-4.0,127.1,22.0,32.0,27.0,,,0.0,0.0,0.0,0.0,,,14.1,57.3,36.5,5.7,3.4,8.2,2.0
2026-01-24,RDS_20260124.pdf,345.4,-6.2,120.2,24.0,33.0,28.5,,,0.0,0.0,0.0,0.0,,,12.2,53.2,35.5,5.4,3.6,8.3,2.1
2026-01-25,RDS_20260125.pdf,347.1,1.7,113.5,25.0,34.0,29.5,,,0.0,0.0,0.0,0.0,,,10.9,49.2,35.2,4.8,3.7,7.7,2.1
2026-01-26,RDS_20260126.pdf,358.6,11.6,131.1,26.0,36.0,31.0,,,0.0,0.0,0.0,0.0,,,14.0,61.0,37.0,5.1,3.7,8.2,2.1
2026-01-27,RDS_20260127.pdf,357.6,-1.0,131.6,22.0,33.0,27.5,,,0.0,0.0,3.0,0.0,,,14.0,60.9,36.6,5.2,3.4,8.5,3.1
2026-01-28,RDS_20260128.pdf,351.5,-6.1,132.2,21.0,30.0,25.5,,,0.0,0.0,3.0,0.0,,,14.8,60.1,36.3,5.2,3.8,9.1,3.1
2026-01-29,RDS_20260129.pdf,348.7,-3.3,133.3,21.0,30.0,25.5,,,0.0,0.0,0.0,0.0,,,15.0,60.8,36.5,5.1,3.9,8.7,3.4
2026-01-30,RDS_20260130.pdf,345.2,-3.5,132.9,23.0,30.0,26.5,,,0.0,0.0,3.0,0.0,,,15.4,59.5,36.3,5.6,3.9,8.7,3.6
2026-01-31,RDS_20260131.pdf,340.9,-4.3,125.7,22.0,29.0,25.5,,,0.0,0.0,0.0,0.0,,,13.2,56.3,34.8,5.4,3.9,8.5,3.6
2026-02-01,RDS_20260201.pdf,346.1,5.2,120.3,22.0,31.0,26.5,,,0.0,0.0,0.0,0.0,,,11.4,54.7,34.2,4.8,3.9,7.7,3.6
2026-02-02,RDS_20260202.pdf,350.5,4.4,130.0,23.0,34.0,28.5,,,0.0,0.0,0.0,0.0,,,15.3,57.9,35.9,5.3,3.9,8.4,3.4
2026-02-03,RDS_20260203.pdf,351.2,0.7,134.1,25.0,36.0,30.5,,,0.0,0.0,3.0,0.0,,,13.8,64.7,36.3,5.4,3.4,8.2,2.4
2026-02-04,RDS_20260204.pdf,348.1,-3.1,131.8,23.0,32.0,27.5,,,0.0,0.0,4.0,0.0,,,14.7,60.8,36.9,5.3,3.6,8.2,2.4
2026-02-05,RDS_20260205.pdf,342.8,-5.3,129.9,23.0,31.0,27.0,,,0.0,0.0,4.0,0.0,,,14.7,59.0,36.3,5.3,3.6,8.7,2.4
2026-02-06,RDS_20260206.pdf,342.8,,127.3,18.0,28.0,23.0,,,0.0,0.0,0.0,0.0,,,16.2,52.1,37.2,5.6,3.9,9.1,3.3
2026-02-07,RDS_20260207.pdf,343.6,0.8,120.0,17.0,32.0,24.5,,,0.0,0.0,0.0,0.0,,,13.3,52.2,36.0,5.4,3.9,7.2,2.0
2026-02-08,RDS_20260208.pdf,348.2,4.6,109.2,22.0,31.0,26.5,,,0.0,0.0,0.0,0.0,,,11.9,44.6,35.3,4.9,3.9,6.7,2.0
2026-02-09,RDS_20260209.pdf,354.4,6.3,122.0,22.0,31.0,26.5,,,0.0,0.0,0.0,0.0,,,14.7,52.5,36.7,5.3,3.5,7.2,2.1
2026-02-10,RDS_20260210.pdf,351.8,-2.7,130.5,22.0,34.0,28.0,,,0.0,0.0,0.0,0.0,,,14.9,59.7,36.2,5.3,3.7,7.3,3.4
2026-02-11,RDS_20260211.pdf,345.4,-6.4,128.1,23.0,31.0,27.0,,,3.0,0.0,0.0,0.0,,,16.3,56.8,35.8,5.2,3.5,7.2,3.4
2026-02-12,RDS_20260212.pdf,343.4,-2.0,124.1,21.0,28.0,24.5,,,0.0,0.0,0.0,0.0,,,17.0,52.4,35.1,5.3,3.7,7.2,3.4
2026-02-13,RDS_20260213.pdf,340.4,-3.0,126.4,17.0,27.0,22.0,,,0.0,0.0,0.0,0.0,,,19.1,51.4,36.1,5.5,3.6,7.4,3.4
2026-02-14,RDS_20260214.pdf,339.5,-0.9,105.8,18.0,26.0,22.0,,,0.0,0.0,0.0,0.0,,,15.4,37.3,35.4,5.3,3.6,6.7,2.1
2026-02-15,RDS_20260215.pdf,345.6,6.1,103.6,22.0,27.0,24.5,,,0.0,0.0,0.0,0.0,,,12.7,38.8,34.8,4.6,3.6,6.2,2.8
2026-02-16,RDS_20260216.pdf,353.7,8.1,108.9,20.0,30.0,25.0,,,0.0,0.0,0.0,0.0,,,12.6,44.2,34.9,4.8,3.6,6.7,2.1
2026-02-17,RDS_20260217.pdf,359.8,6.0,111.9,22.0,30.0,26.0,,,0.0,0.0,0.0,0.0,,,12.4,46.2,35.0,4.9,3.6,7.7,2.1
2026-02-18,RDS_20260218.pdf,362.6,2.9,129.3,21.0,31.0,26.0,,,0.0,0.0,0.0,0.0,,,14.3,61.9,35.8,5.2,3.6,5.7,2.8
2026-02-19,RDS_20260219.pdf,344.9,-17.8,133.6,23.0,29.0,26.0,,,0.0,0.0,0.0,0.0,,,15.3,61.8,35.9,5.3,3.8,8.2,3.3
2026-02-20,RDS_20260220.pdf,342.5,-2.4,128.5,19.0,28.0,23.5,,,0.0,0.0,0.0,0.0,,,15.4,55.8,37.3,5.5,3.6,7.7,3.3
2026-02-21,RDS_20260221.pdf,340.8,-1.6,114.6,20.0,28.0,24.0,,,0.0,0.0,0.0,0.0,,,13.4,46.2,35.9,5.3,3.6,8.2,2.1
2026-02-22,RDS_20260222.pdf,344.1,3.3,110.3,21.0,28.0,24.5,,,0.0,0.0,0.0,0.0,,,12.2,44.5,35.4,4.8,3.6,7.7,2.1
2026-02-23,RDS_20260223.pdf,351.3,7.2,123.3,22.0,29.0,25.5,,,0.0,0.0,0.0,0.0,,,14.9,53.1,36.7,5.2,3.6,7.7,2.1
2026-02-24,RDS_20260224.pdf,343.7,-7.5,126.4,21.0,32.0,26.5,,,0.0,0.0,0.0,0.0,,,15.8,55.9,37.4,5.2,3.0,7.2,2.0
2026-02-25,RDS_20260225.pdf,334.6,-9.1,123.2,15.0,26.0,20.5,,,0.0,0.0,0.0,0.0,,,17.1,51.0,36.8,5.2,3.4,7.2,2.5
2026-02-26,RDS_20260226.pdf,331.7,-3.0,121.3,16.0,26.0,21.0,,,0.0,0.0,0.0,0.0,,,16.8,47.9,36.7,5.3,3.6,8.3,2.7
2026-02-27,RDS_20260227.pdf,329.7,-1.9,119.4,20.0,28.0,24.0,,,0.0,0.0,0.0,0.0,,,15.7,47.4,36.8,5.5,3.6,8.3,2.1
2026-02-28,RDS_20260228.pdf,330.0,0.3,114.7,21.0,31.0,26.0,,,0.0,0.0,0.0,0.0,,,12.7,48.0,35.4,5.3,3.6,7.7,2.1
2026-03-01,RDS_20260301.pdf,340.3,10.3,106.9,20.0,32.0,26.0,,,0.0,0.0,0.0,0.0,,,11.4,42.3,35.2,4.6,3.6,7.7,2.1
2026-03-02,RDS_20260302.pdf,352.7,12.4,127.7,22.0,31.0,26.5,,,0.0,0.0,0.0,0.0,,,14.7,58.5,36.1,5.1,3.6,7.7,2.1
2026-03-03,RDS_20260303.pdf,350.1,-2.6,128.4,20.0,28.0,24.0,,,2.0,0.0,0.0,0.0,,,16.2,56.1,36.3,5.1,3.6,8.0,3.1
2026-03-04,RDS_20260304.pdf,349.2,-1.0,126.8,19.0,29.0,24.0,,,0.0,0.0,0.0,0.0,,,17.5,53.0,36.7,5.1,3.6,7.9,3.1
2026-03-05,RDS_20260305.pdf,348.8,-0.4,120.0,19.0,26.0,22.5,,,0.0,0.0,0.0,0.0,,,20.3,44.2,36.8,5.1,3.5,7.9,2.2
2026-03-06,RDS_20260306.pdf,343.0,-5.8,123.1,21.0,25.0,23.0,,,0.0,0.0,0.0,0.0,,,19.6,48.1,36.7,5.4,3.6,7.7,2.1
2026-03-07,RDS_20260307.pdf,341.1,-1.9,110.3,20.0,25.0,22.5,,,0.0,0.0,0.0,0.0,,,15.8,40.1,35.8,5.2,3.7,7.7,2.1
2026-03-08,RDS_20260308.pdf,349.9,8.8,98.1,19.0,24.0,21.5,,,0.0,0.0,0.0,0.0,,,14.8,30.2,35.0,4.7,3.8,7.7,2.0
2026-03-09,RDS_20260309.pdf,363.4,13.5,116.2,18.0,25.0,21.5,,,0.0,0.0,0.0,0.0,,,17.8,42.9,35.7,5.2,3.8,7.7,3.1
2026-03-10,RDS_20260310.pdf,362.3,-1.2,120.7,18.0,25.0,21.5,,,0.0,0.0,0.0,0.0,,,17.7,48.2,36.0,5.1,3.4,7.9,2.5
2026-03-11,RDS_20260311.pdf,358.2,-4.1,121.9,19.0,26.0,22.5,,,0.0,0.0,0.0,0.0,,,17.3,48.3,36.7,5.1,3.5,7.9,3.1
2026-03-12,RDS_20260312.pdf,361.1,2.9,122.9,21.0,26.0,23.5,,,1.0,1.2,0.0,0.0,,,17.2,48.0,37.4,5.2,3.8,7.9,3.4
2026-03-13,RDS_20260313.pdf,361.4,0.3,124.8,19.0,27.0,23.0,,,0.0,0.0,0.0,0.0,,,18.4,50.1,36.1,5.5,3.6,7.9,3.4
2026-03-14,RDS_20260314.pdf,355.0,-6.4,116.8,20.0,27.0,23.5,,,0.0,0.0,0.0,0.0,,,15.9,46.0,35.9,5.2,3.9,6.7,3.3
2026-03-15,RDS_20260315.pdf,359.5,4.5,115.6,19.0,32.0,25.5,,,0.0,0.0,0.0,0.0,,,15.0,44.2,35.6,4.8,5.0,7.7,3.3
2026-03-16,RDS_20260316.pdf,363.3,3.8,127.5,24.0,29.0,26.5,,,0.0,0.0,0.0,0.0,,,16.8,54.6,36.3,5.1,5.0,7.7,2.1
2026-03-17,RDS_20260317.pdf,354.6,-8.7,127.3,21.0,28.0,24.5,,,0.0,0.0,0.0,0.0,,,19.7,50.3,37.1,5.1,3.3,8.7,3.1
2026-03-18,RDS_20260318.pdf,342.2,-12.4,126.2,16.0,26.0,21.0,,,0.5,0.0,0.0,0.0,,,19.7,48.7,37.4,5.1,3.8,8.5,3.1
2026-03-19,RDS_20260319.pdf,334.4,-7.9,126.1,18.0,25.0,21.5,,,0.0,0.0,0.0,0.0,,,21.3,46.9,38.1,5.3,3.6,8.0,3.0
2026-03-20,RDS_20260320.pdf,330.3,-4.0,127.9,20.0,27.0,23.5,,,0.0,0.0,0.0,0.0,,,21.6,49.0,37.3,5.5,3.8,8.0,2.7
2026-03-21,RDS_20260321.pdf,329.8,-0.5,113.5,19.0,24.0,21.5,,,0.0,0.0,0.0,0.0,,,19.9,38.3,36.0,5.4,3.6,8.2,2.1
2026-03-22,RDS_20260322.pdf,340.1,10.3,110.8,13.0,24.0,18.5,,,0.0,0.0,0.0,0.0,,,20.1,35.4,36.1,4.8,3.7,8.2,2.6
2026-03-23,RDS_20260323.pdf,351.4,11.3,111.3,17.0,23.0,20.0,,,0.0,0.0,0.0,0.0,,,22.6,33.5,35.7,4.9,3.7,8.2,2.7
2026-03-24,RDS_20260324.pdf,354.0,2.6,111.7,10.0,23.0,16.5,,,0.0,0.0,0.0,0.0,,,21.5,34.9,36.0,4.9,3.7,8.0,2.7
2026-03-25,RDS_20260325.pdf,354.4,0.5,126.5,12.0,25.0,18.5,,,0.0,0.0,0.0,0.0,,,24.4,43.6,37.9,5.3,4.5,7.6,3.3
2026-03-26,RDS_20260326.pdf,351.7,-2.7,121.1,15.0,27.0,21.0,,,0.0,0.0,0.0,0.0,,,23.3,43.3,37.9,5.3,3.3,4.7,3.4
2026-03-27,RDS_20260327.pdf,344.8,-6.9,123.7,20.0,27.0,23.5,,,0.0,0.0,0.0,0.0,,,22.0,45.2,38.3,5.6,3.3,6.2,3.2
2026-03-28,RDS_20260328.pdf,335.5,-9.3,116.0,21.0,27.0,24.0,,,0.0,0.0,0.0,0.0,,,17.3,41.8,38.0,5.4,3.5,7.2,2.9
2026-03-29,RDS_20260329.pdf,338.0,2.4,122.1,21.0,29.0,25.0,,,0.0,0.0,0.0,0.0,,,16.2,49.7,37.8,4.8,3.5,7.2,2.9
2026-03-30,RDS_20260330.pdf,350.3,12.3,127.0,21.0,29.0,25.0,,,0.0,0.0,0.0,0.0,,,18.8,50.7,38.5,5.2,3.5,7.2,3.1
2026-03-31,RDS_20260331.pdf,352.3,2.0,127.7,22.0,29.0,25.5,,,0.0,0.0,0.0,0.0,,,18.8,50.4,37.9,5.1,3.7,8.4,3.4
2026-04-01,RDS_20260401.pdf,347.9,-4.4,130.0,22.0,30.0,26.0,,,0.0,0.0,0.0,0.0,,,19.2,52.6,37.8,5.5,3.7,8.4,2.9
2026-04-02,RDS_20260402.pdf,342.7,-5.9,127.8,22.0,27.0,24.5,,,0.0,0.0,0.0,0.0,,,18.2,52.7,37.0,5.1,3.7,8.4,2.7
2026-04-03,RDS_20260403.pdf,342.7,0.0,122.5,22.0,29.0,25.5,,,0.0,0.0,0.0,0.0,,,19.0,47.3,36.7,5.1,3.3,8.4,2.7
2026-04-04,RDS_20260404.pdf,344.4,1.7,116.9,15.0,20.0,17.5,,,0.0,0.0,0.0,0.0,,,21.8,38.1,37.1,5.3,3.6,8.4,2.7
2026-04-05,RDS_20260405.pdf,353.2,8.8,103.0,12.0,21.0,16.5,,,0.0,0.0,0.0,0.0,,,20.0,29.2,36.4,4.7,3.6,7.4,1.7
2026-04-06,RDS_20260406.pdf,355.3,2.1,118.3,17.0,20.0,18.5,,,0.0,0.0,0.0,0.0,,,26.9,37.0,37.5,5.2,3.6,5.4,2.9
2026-04-07,RDS_20260407.pdf,355.4,0.1,124.0,16.0,20.0,18.0,,,1.5,0.0,0.0,0.0,,,27.1,40.1,37.4,5.1,3.6,8.4,2.2
2026-04-08,RDS_20260408.pdf,355.5,0.1,129.1,16.0,21.0,18.5,,,1.1,0.0,0.0,0.0,,,28.7,41.0,38.9,5.2,3.5,8.6,3.1
2026-04-09,RDS_20260409.pdf,355.6,0.2,125.7,14.0,22.0,18.0,,,0.0,0.0,0.0,0.0,,,28.5,38.9,38.2,5.2,3.6,8.6,2.6
2026-04-10,RDS_20260410.pdf,357.5,1.9,120.2,11.0,23.0,17.0,,,0.0,0.0,0.0,0.0,,,26.7,35.1,38.0,5.5,3.6,8.7,2.6
2026-04-11,RDS_20260411.pdf,359.9,2.4,107.5,13.0,23.0,18.0,,,0.0,0.0,0.0,0.0,,,22.3,26.9,37.7,5.3,3.8,9.4,2.1
2026-04-12,RDS_20260412.pdf,369.9,10.0,106.9,15.0,25.0,20.0,,,0.0,0.0,0.0,0.0,,,21.6,27.6,37.7,4.8,3.8,9.4,2.1
2026-04-13,RDS_20260413.pdf,371.6,1.7,112.2,13.0,24.0,18.5,,,0.0,0.0,0.0,0.0,,,24.3,30.5,38.7,5.2,3.8,7.7,2.1
2026-04-14,RDS_20260414.pdf,366.5,-5.1,115.7,19.0,24.0,21.5,,,0.0,0.0,0.0,0.0,,,24.1,33.2,38.6,5.2,3.8,8.7,2.1
2026-04-15,RDS_20260415.pdf,358.2,-8.3,122.4,20.0,22.0,21.0,,,0.0,0.0,0.0,0.0,,,25.2,38.8,38.8,5.2,3.6,8.7,2.1
2026-04-16,RDS_20260416.pdf,351.7,-6.5,120.7,19.0,23.0,21.0,,,0.0,0.0,0.0,0.0,,,23.8,37.1,40.0,5.4,3.7,8.7,2.1
2026-04-17,RDS_20260417.pdf,348.2,-3.5,124.4,17.0,25.0,21.0,,,0.0,0.0,0.0,0.0,,,25.4,39.3,39.7,5.6,3.7,8.7,2.1
2026-04-18,RDS_20260418.pdf,347.9,-0.3,117.1,16.0,26.0,21.0,,,0.0,0.0,0.0,0.0,,,24.2,35.0,38.1,5.4,4.0,8.4,2.1
2026-04-19,RDS_20260419.pdf,349.2,1.4,118.5,18.0,26.0,22.0,,,0.0,0.0,0.0,0.0,,,25.9,35.4,38.0,4.8,4.0,8.4,2.1
2026-04-20,RDS_20260420.pdf,355.1,5.9,122.9,19.0,23.0,21.0,,,0.0,0.0,0.0,0.0,,,28.3,38.8,39.1,5.2,4.0,5.4,2.1
2026-04-21,RDS_20260421.pdf,347.2,-7.9,125.0,19.0,23.0,21.0,,,0.0,0.0,0.0,0.0,,,31.8,38.6,40.0,5.2,3.7,3.8,2.1
2026-04-22,RDS_20260422.pdf,339.1,-8.2,131.9,12.0,21.0,16.5,,,0.7,0.0,0.0,0.0,,,37.0,36.3,39.7,5.2,3.4,8.2,2.1
2026-04-23,RDS_20260423.pdf,341.0,1.9,125.4,12.0,22.0,17.0,,,0.5,0.0,0.0,0.0,,,36.0,33.4,37.0,5.3,3.4,8.2,2.1
2026-04-24,RDS_20260424.pdf,343.8,2.9,119.5,12.0,24.0,18.0,,,0.5,0.0,0.0,0.0,,,35.5,34.4,34.9,5.5,3.2,3.9,2.1
2026-04-25,RDS_20260425.pdf,335.5,-8.3,112.6,14.0,23.0,18.5,,,2.0,0.0,0.0,0.0,,,33.7,30.1,34.3,5.3,3.2,3.9,2.1
2026-04-26,RDS_20260426.pdf,340.7,5.2,115.1,12.0,17.0,14.5,,,0.0,0.0,0.0,0.0,,,35.5,27.5,33.9,4.7,3.2,8.3,2.1
2026-04-27,RDS_20260427.pdf,341.9,1.2,127.6,7.0,18.0,12.5,,,0.0,0.0,0.0,0.0,,,41.0,33.7,38.6,5.2,3.2,3.9,2.1
2026-04-28,RDS_20260428.pdf,331.4,-10.5,130.8,10.0,20.0,15.0,,,2.2,0.0,0.0,0.0,,,44.7,30.1,36.1,5.2,3.4,9.3,2.1
2026-04-29,RDS_20260429.pdf,328.8,-2.6,129.3,12.0,23.0,17.5,,,3.2,0.0,0.0,0.0,,,43.2,29.2,36.5,5.3,3.6,9.6,2.0
2026-04-30,RDS_20260430.pdf,329.7,0.9,126.5,8.0,23.0,15.5,,,4.0,0.0,0.0,0.0,,,42.3,30.0,35.4,5.5,3.6,7.8,2.0
2026-05-01,RDS_20260501.pdf,331.9,2.2,117.0,13.0,25.0,19.0,,,3.5,0.0,0.0,0.0,11-may,,40.6,25.1,33.6,5.1,3.6,7.5,1.6
2026-05-02,RDS_20260502.pdf,352.3,20.4,123.4,13.0,18.0,15.5,,,3.5,0.0,0.0,0.0,11-may,,41.7,29.8,34.4,5.4,3.6,7.0,1.6
2026-05-03,RDS_20260503.pdf,357.9,3.1,116.5,5.0,18.0,11.5,,,3.5,0.0,0.0,0.0,11-may,,40.1,27.4,34.1,4.8,3.6,5.0,1.6
2026-05-04,RDS_20260504.pdf,362.7,4.8,135.7,10.0,21.0,15.5,,,2.0,0.0,0.0,0.0,11-may,,46.4,35.8,36.5,5.4,4.0,6.0,1.6
2026-05-05,RDS_20260505.pdf,361.1,-1.2,130.3,13.0,24.0,18.5,,,2.5,0.0,0.0,0.0,11-may,,44.3,32.4,34.9,5.3,3.4,8.1,1.9
2026-05-06,RDS_20260506.pdf,362.6,1.8,125.3,19.0,23.0,21.0,,,0.0,0.0,0.0,0.0,11-may,,39.3,31.9,35.4,5.4,3.4,8.1,1.9
2026-05-07,RDS_20260507.pdf,368.7,6.0,125.5,15.0,20.0,17.5,,,1.0,0.0,0.0,0.0,11-may,,41.1,31.5,35.3,5.5,3.4,6.6,2.0
2026-05-08,RDS_20260508.pdf,372.2,3.5,136.5,7.0,13.0,10.0,,,1.0,0.0,0.0,0.0,11-may,,52.8,30.6,34.5,5.7,3.3,7.6,2.0
2026-05-09,RDS_20260509.pdf,363.3,-8.9,135.2,6.0,13.0,9.5,,,1.0,0.0,0.0,0.0,11-may,,54.4,29.0,33.4,5.4,3.3,7.6,2.0
2026-05-10,RDS_20260510.pdf,353.4,-9.9,130.9,3.0,15.0,9.0,,,1.0,0.0,0.0,0.0,11-may,,53.9,25.9,33.2,4.9,3.5,7.6,2.0
2026-05-11,RDS_20260511.pdf,349.2,-4.1,142.9,4.0,16.0,10.0,,,1.0,0.0,0.0,0.0,11-may,,63.8,26.3,35.2,5.4,3.4,7.0,1.9
2026-05-12,RDS_20260512.pdf,347.1,-2.3,136.7,9.0,21.0,15.0,,,1.2,1.2,0.0,0.0,20-may,,59.7,25.3,35.4,5.3,3.3,6.0,1.8
2026-05-13,RDS_20260513.pdf,348.2,1.2,135.8,9.0,16.0,12.5,,,1.0,0.0,0.0,0.0,21-may,,59.4,25.3,34.7,5.3,3.5,6.2,1.4
2026-05-14,RDS_20260514.pdf,346.9,-1.4,133.1,10.0,18.0,14.0,,,1.0,0.0,0.0,0.0,21-may,,57.4,25.2,34.5,5.4,2.7,7.2,0.8
2026-05-15,RDS_20260515.pdf,345.0,-1.8,132.9,8.0,19.0,13.5,,,1.0,0.0,0.0,0.0,21-may,,56.5,24.6,34.6,5.6,3.5,7.2,0.9
2026-05-16,RDS_20260516.pdf,344.9,0.1,133.2,12.0,17.0,14.5,,,1.0,0.0,6.0,0.0,20-may,,58.4,25.0,34.2,5.4,3.5,6.2,0.5
2026-05-17,RDS_20260517.pdf,348.7,3.8,134.8,9.0,15.0,12.0,,,1.0,0.0,6.0,0.0,21-may,,60.7,25.5,33.7,4.8,3.5,6.2,0.5
2026-05-18,RDS_20260518.pdf,353.2,4.5,148.6,3.0,17.0,10.0,,,1.0,0.0,6.0,0.0,21-may,,68.4,30.0,34.6,5.4,3.5,6.2,0.5
2026-05-19,RDS_20260519.pdf,345.6,-7.6,148.0,6.0,19.0,12.5,,,1.1,0.0,10.6,0.0,21-may,,67.0,30.2,33.2,5.4,5.0,6.7,0.5
2026-05-20,RDS_20260520.pdf,341.3,-4.3,148.1,8.0,15.0,11.5,,,1.6,0.0,7.5,0.0,21-may,,67.0,29.7,34.1,5.4,4.7,6.7,0.5
2026-05-21,RDS_20260521.pdf,334.1,-7.2,148.6,6.0,13.0,9.5,,,1.9,0.0,7.5,0.0,21-may,,67.6,30.9,33.1,5.5,3.7,7.2,0.6
2026-05-22,RDS_20260522.pdf,335.0,0.8,146.5,5.0,13.0,9.0,,,1.4,0.0,12.1,0.0,01-jun,,66.9,29.8,32.9,5.6,4.2,6.6,0.5
2026-05-23,RDS_20260523.pdf,335.6,0.7,142.1,10.0,15.0,12.5,,,1.0,0.0,18.0,0.0,01-jun,,63.8,29.8,32.1,5.5,4.3,6.1,0.5
2026-05-24,RDS_20260524.pdf,343.0,7.4,138.0,9.0,16.0,12.5,,,1.8,0.0,7.0,0.0,01-jun,,60.6,29.8,31.8,4.9,4.3,6.1,0.5
2026-05-25,RDS_20260525.pdf,346.5,3.5,143.6,9.0,17.0,13.0,,,0.0,0.0,3.0,0.0,01-jun,,63.5,31.9,32.1,5.2,4.3,6.1,0.5
2026-05-27,RDS_20260527.pdf,342.8,-3.0,144.1,9.0,16.0,12.5,,,3.3,0.0,0.0,0.0,01-jun,,64.7,29.1,33.6,5.4,4.4,6.6,0.3
2026-05-28,RDS_20260528.pdf,341.6,-1.2,134.7,11.0,16.0,13.5,,,4.0,0.0,0.0,0.0,01-jun,,61.9,25.2,33.1,5.5,4.5,4.1,0.3
2026-05-29,RDS_20260529.pdf,343.8,2.2,135.7,12.0,16.0,14.0,,,0.0,0.0,3.0,0.0,01-jun,,62.2,25.3,32.7,5.7,4.5,5.1,0.3
2026-05-30,RDS_20260530.pdf,343.4,-0.4,130.4,10.0,16.0,13.0,,,0.5,0.0,0.0,0.0,01-jun,,58.6,22.5,32.2,5.5,4.5,6.8,0.3
2026-05-31,RDS_20260531.pdf,342.9,-0.6,128.5,3.0,18.0,10.5,,,0.5,0.0,0.0,0.0,01-jun,,55.7,24.0,32.3,5.0,4.5,6.8,0.3
2026-06-01,RDS_20260601.pdf,349.1,6.3,151.3,10.0,15.0,12.5,,,0.3,0.0,18.0,0.0,01-jun,,63.1,38.7,33.3,5.4,4.5,6.1,0.3
2026-06-02,RDS_20260602.pdf,353.3,4.1,146.5,10.0,15.0,12.5,,,1.1,0.0,16.0,0.0,05-jun,,57.7,39.1,33.8,5.4,4.2,6.1,0.3
2026-06-03,RDS_20260603.pdf,350.3,-2.9,151.9,13.0,18.0,15.5,,,1.1,0.0,12.0,0.0,05-jun,,60.7,39.6,33.8,5.4,4.6,7.6,0.3
2026-06-04,RDS_20260604.pdf,348.7,-1.6,152.2,13.0,18.0,15.5,,,1.9,0.0,12.0,0.0,05-jun,,58.9,40.6,34.6,5.5,4.5,7.4,0.7
2026-06-05,RDS_20260605.pdf,350.4,1.7,152.8,15.0,18.0,16.5,,,2.1,0.0,12.0,0.0,05-jun,,57.9,40.0,36.9,5.6,4.4,7.3,0.7
2026-06-06,RDS_20260606.pdf,352.3,1.9,143.6,14.0,18.0,16.0,,,1.0,0.0,12.0,0.0,09-jun,,54.1,37.7,33.9,5.5,4.5,7.3,0.6
2026-06-07,RDS_20260607.pdf,357.0,4.7,143.5,13.0,16.0,14.5,,,1.0,0.0,12.0,0.0,09-jun,,55.1,38.2,33.6,4.9,4.6,6.5,0.6
2026-06-08,RDS_20260608.pdf,359.0,2.0,155.1,12.0,14.0,13.0,,,1.0,0.0,11.0,0.0,09-jun,,61.8,41.7,34.6,5.4,4.6,6.5,0.6
2026-06-09,RDS_20260609.pdf,351.6,-7.4,155.3,7.0,16.0,11.5,,,1.2,0.0,12.0,0.0,09-jun,,62.6,42.1,34.2,5.5,4.1,6.3,0.5
2026-06-10,RDS_20260610.pdf,348.9,-2.7,152.3,9.0,15.0,12.0,,,1.1,0.0,15.0,0.0,13-jun,,65.2,37.0,33.6,5.5,4.3,6.3,0.4
2026-06-11,RDS_20260611.pdf,347.0,-1.9,150.7,12.0,17.0,14.5,,,0.5,0.0,17.0,0.0,13-jun,,66.4,35.3,32.9,5.7,4.2,5.8,0.5
2026-06-12,RDS_20260612.pdf,350.4,3.4,147.9,7.0,17.0,12.0,,,1.0,0.0,16.0,0.0,13-jun,,64.7,35.5,32.7,5.9,4.2,4.5,0.5
2026-06-13,RDS_20260613.pdf,350.7,0.2,148.8,9.0,14.0,11.5,,,1.0,0.0,15.0,0.0,16-jun,,68.6,34.6,31.1,5.7,3.9,4.5,0.5
2026-06-14,RDS_20260614.pdf,350.9,0.3,151.5,3.0,10.0,6.5,,,1.0,0.0,15.0,0.0,16-jun,,72.4,34.0,30.9,5.1,3.9,4.8,0.5
2026-06-15,RDS_20260615.pdf,353.3,2.4,152.0,2.0,15.0,8.5,,,1.0,0.0,15.0,0.0,16-jun,,72.9,32.9,31.5,5.6,3.9,4.8,0.5
2026-06-16,RDS_20260616.pdf,356.1,2.8,156.5,8.0,17.0,12.5,,,1.0,0.0,18.0,0.0,16-jun,,70.0,38.3,32.3,5.6,3.9,6.0,0.5
2026-06-17,RDS_20260617.pdf,348.7,-7.4,158.2,7.0,14.0,10.5,,,1.0,0.0,18.0,0.0,20-jun,,75.3,34.5,31.4,5.5,3.9,7.0,0.6
2026-06-18,RDS_20260618.pdf,344.9,-3.9,146.2,10.0,13.0,11.5,,,1.2,0.0,15.0,0.0,20-jun,,69.3,31.3,30.8,5.6,4.0,4.5,0.6
2026-06-19,RDS_20260619.pdf,341.1,-3.8,149.8,8.0,15.0,11.5,,,1.0,0.0,15.5,0.0,20-jun,,75.5,29.0,30.7,5.9,3.9,4.5,0.4
2026-06-20,RDS_20260620.pdf,343.3,2.2,146.2,4.0,15.0,9.5,,,1.0,0.0,15.5,0.0,23-jun,,71.2,29.7,29.4,5.6,4.0,6.0,0.4
2026-06-21,RDS_20260621.pdf,352.0,8.7,142.2,9.0,14.0,11.5,,,2.0,0.0,15.5,0.0,23-jun,,69.1,28.0,29.6,5.0,4.0,6.0,0.4
2026-06-22,RDS_20260622.pdf,362.5,10.5,155.5,7.0,13.0,10.0,,,1.4,0.0,15.5,0.0,23-jun,,80.4,28.9,31.3,5.4,4.0,5.0,0.5
2026-06-23,RDS_20260623.pdf,363.1,0.6,153.6,4.0,12.0,8.0,,,1.4,0.0,15.5,0.0,23-jun,,79.1,29.5,28.6,5.6,3.9,6.5,0.5
2026-06-24,RDS_20260624.pdf,362.2,-0.9,156.0,4.0,12.0,8.0,,,1.0,0.0,19.0,0.0,26-jun,,82.5,29.3,27.5,5.9,3.9,6.5,0.5
2026-06-25,RDS_20260625.pdf,355.6,-6.6,158.0,8.0,13.0,10.5,,,0.9,0.0,19.0,0.0,26-jun,,84.3,30.3,26.8,5.7,3.9,6.5,0.6
2026-06-26,RDS_20260626.pdf,355.9,0.3,155.4,3.0,14.0,8.5,,,0.5,0.0,20.0,0.0,26-jun,,82.6,29.1,27.4,5.9,3.8,6.0,0.6
2026-06-27,RDS_20260627.pdf,356.2,0.3,151.1,7.0,16.0,11.5,,,0.5,0.0,20.0,0.0,29-jun,,76.9,30.9,26.8,5.7,3.9,6.5,0.5
2026-06-28,RDS_20260628.pdf,362.5,6.4,146.4,8.0,13.0,10.5,,,0.5,0.0,20.0,0.0,29-jun,,74.3,29.0,27.1,5.1,3.9,6.5,0.5
2026-06-29,RDS_20260629.pdf,369.3,6.8,154.8,5.0,14.0,9.5,,,0.0,0.0,19.0,0.0,29-jun,,81.7,29.4,27.4,5.4,3.9,6.5,0.5
2026-06-30,RDS_20260630.pdf,369.0,-0.3,154.4,3.0,14.0,8.5,,,0.0,0.0,18.0,0.0,02-jul,,80.3,29.2,28.4,5.5,3.9,6.5,0.5
2026-07-01,RDS_20260701.pdf,370.8,1.8,160.4,4.0,13.0,8.5,,,0.8,0.0,17.0,0.0,02-jul,,86.4,30.4,27.2,5.6,3.9,6.5,0.5
2026-07-02,RDS_20260702.pdf,363.4,-7.5,165.8,1.0,9.0,5.0,,,1.2,0.0,20.0,0.0,05-jul,,92.1,30.6,26.9,5.7,3.9,6.2,0.5
2026-07-03,RDS_20260703.pdf,351.9,-11.5,166.3,,,,,,1.9,0.0,20.0,0.0,05-jul,,94.1,30.6,26.1,5.9,3.7,5.5,0.5
2026-07-04,RDS_20260704.pdf,346.2,-5.7,154.6,0.0,11.0,5.5,,,2.0,0.0,19.0,0.0,05-jul,,89.0,25.0,25.2,5.6,3.7,5.5,0.5
2026-07-05,RDS_20260705.pdf,347.2,1.1,155.3,5.0,9.0,7.0,,,2.0,0.0,19.0,0.0,05-jul,,87.6,27.6,25.3,5.1,3.7,5.5,0.5
2026-07-06,RDS_20260706.pdf,352.0,4.8,160.3,5.0,13.0,9.0,,,1.4,0.0,19.0,0.0,08-jul,,95.2,23.3,26.4,5.5,3.9,5.5,0.5
2026-07-07,RDS_20260707.pdf,352.8,0.8,157.6,,,,,,1.0,0.0,20.0,0.0,08-jul,,86.2,30.2,25.9,5.5,3.8,5.6,0.4
2026-07-08,RDS_20260708.pdf,356.7,3.9,157.8,8.0,20.0,14.0,,,1.1,0.0,20.0,0.0,08-jul,,85.6,30.3,26.5,5.6,3.8,5.6,0.4
2026-07-09,RDS_20260709.pdf,361.3,4.6,151.6,8.0,17.0,12.5,,,0.5,0.0,17.0,0.0,12-jul,,73.8,33.9,27.0,5.5,4.0,7.0,0.4
2026-07-10,RDS_20260710.pdf,362.9,1.7,157.5,10.0,13.0,11.5,,,0.4,0.0,17.0,0.0,12-jul,,76.4,36.9,27.1,5.8,3.9,7.0,0.4
2026-07-11,RDS_20260711.pdf,355.3,-7.6,148.5,7.0,15.0,11.0,,,0.0,0.0,18.0,0.0,12-jul,,70.5,34.3,26.8,5.6,3.9,7.0,0.4
2026-07-12,RDS_20260712.pdf,347.9,-7.5,147.5,7.0,13.0,10.0,,,0.0,0.0,18.0,0.0,15-jul,,72.8,31.4,26.7,5.3,3.9,7.0,0.4
2026-07-13,RDS_20260713.pdf,351.3,3.4,157.6,4.0,14.0,9.0,,,1.6,0.0,18.0,0.0,15-jul,,,,27.5,5.5,4.0,7.0,0.4
2026-07-14,RDS_20260714.pdf,347.5,-3.8,159.8,8.0,16.0,12.0,,,2.7,0.0,17.0,0.0,15-jul,,,,32.3,5.5,3.7,7.0,0.4
2026-07-15,RDS_20260715.pdf,345.7,-1.8,155.0,11.0,17.0,14.0,,,2.4,0.0,18.0,0.0,18-jul,,,,31.0,5.5,3.8,7.0,0.4
2026-07-16,RDS_20260716.pdf,354.7,9.1,149.5,17.0,20.0,18.5,,,0.9,0.0,17.0,0.0,18-jul,,,,31.1,5.6,3.9,7.3,0.5
2026-07-17,RDS_20260717.pdf,366.8,14.3,136.7,18.0,23.0,20.5,,,0.9,0.0,15.0,0.0,18-jul,,,,30.7,5.8,3.8,7.0,0.5
2026-07-18,RDS_20260718.pdf,372.9,6.2,138.5,14.0,17.0,15.5,,,0.5,0.0,4.0,0.0,18-jul,,,,31.7,5.6,3.8,6.6,0.4
2026-07-19,RDS_20260719.pdf,368.1,-4.8,143.2,9.0,15.0,12.0,,,1.4,0.0,3.0,0.0,21-jul,,,,30.9,5.0,3.8,6.6,0.4
2026-07-20,RDS_20260720.pdf,359.3,-8.8,156.0,9.0,13.0,11.0,,,0.0,0.0,8.0,0.0,21-jul,,,,32.3,5.4,3.8,7.0,0.4
2026-07-21,RDS_20260721.pdf,352.8,-6.6,163.0,10.0,14.0,12.0,,,1.4,0.0,19.0,0.0,21-jul,,,,34.7,5.5,3.7,6.5,0.4
2026-07-22,RDS_20260722.pdf,347.0,-5.8,157.6,9.0,13.0,11.0,,,0.5,0.0,20.0,0.0,22-jul,,,,32.0,5.6,3.5,6.0,0.4
2026-07-23,RDS_20260723.pdf,343.9,-3.1,159.0,8.0,13.0,10.5,,,1.9,0.0,21.0,0.0,25-jul,,,,30.4,5.6,3.6,6.4,0.4
2026-07-24,RDS_20260724.pdf,350.7,6.9,156.0,12.0,15.0,13.5,,,2.1,0.0,21.0,0.0,25-jul,,,,30.1,5.9,3.4,6.4,0.4
2026-07-25,RDS_20260725.pdf,355.4,4.7,147.8,11.0,16.0,13.5,,,0.3,0.0,11.0,0.0,25-jul,,,,32.0,5.6,3.4,6.4,0.4
2026-07-26,RDS_20260726.pdf,363.0,7.6,139.4,12.0,20.0,16.0,,,1.0,0.0,7.0,0.0,28-jul,,,,30.5,4.9,3.4,6.4,0.4
2026-07-27,RDS_20260727.pdf,372.4,9.4,143.9,13.0,19.0,16.0,,,0.3,0.0,7.0,0.0,28-jul,,,,32.9,5.5,3.6,6.4,0.4
2026-07-28,RDS_20260728.pdf,372.4,0.0,152.2,11.0,16.0,13.5,,,0.8,0.0,9.0,0.0,28-jul,,,,32.8,5.6,3.7,7.0,0.5
2026-07-29,RDS_20260729.pdf,362.5,-9.9,152.4,9.0,15.0,12.0,,,0.0,0.0,6.0,0.0,29-jul,,,,34.3,5.6,3.5,7.0,0.5
2026-07-30,RDS_20260730.pdf,349.0,-13.5,145.2,11.0,18.0,14.5,,,0.0,0.0,7.0,0.0,31-jul,,,,34.6,5.7,3.5,7.0,0.5
2026-07-31,RDS_20260731.pdf,351.9,2.9,137.6,14.0,21.0,17.5,,,1.2,0.0,7.0,0.0,05-ago,,,,35.0,5.9,3.2,6.0,0.5
2026-08-01,RDS_20260801.pdf,360.5,8.6,132.5,14.0,19.0,16.5,,,1.2,0.0,3.0,0.0,05-ago,,,,33.6,5.6,3.2,3.0,0.5
2026-08-02,RDS_20260802.pdf,368.3,7.8,120.4,12.0,15.0,13.5,,,1.3,0.0,0.0,0.0,05-ago,,,,32.5,5.0,3.2,3.0,0.5
2026-08-03,RDS_20260803.pdf,375.8,7.5,140.5,13.0,16.0,14.5,,,1.2,0.0,0.0,0.0,05-ago,,,,34.6,5.3,3.2,3.0,0.5
2026-08-04,RDS_20260804.pdf,366.7,-9.2,142.5,11.0,15.0,13.0,,,1.6,0.0,3.0,0.0,05-ago,,,,34.7,5.5,3.5,7.0,0.5
2026-08-05,RDS_20260805.pdf,361.6,-5.1,147.2,13.0,16.0,14.5,,,2.7,0.0,8.0,0.0,05-ago,,,,35.6,5.5,3.5,7.0,0.4
2026-08-06,RDS_20260806.pdf,360.3,-1.3,147.0,9.0,14.0,11.5,,,0.8,0.0,6.0,0.0,09-ago,,,,34.8,5.6,3.5,6.0,0.4
2026-08-07,RDS_20260807.pdf,355.9,-4.4,151.5,5.0,13.0,9.0,,,0.0,0.0,10.6,0.0,09-ago,,,,35.1,5.8,3.5,5.0,0.4
2026-08-08,RDS_20260808.pdf,356.6,0.6,145.2,7.0,13.0,10.0,,,0.7,0.0,8.5,0.0,09-ago,,,,33.5,5.6,3.5,4.5,0.5
2026-08-09,RDS_20260809.pdf,360.0,3.4,146.3,3.0,15.0,9.0,,,1.2,0.0,10.8,0.0,09-ago,,,,33.4,5.0,3.5,5.0,0.5
2026-08-10,RDS_20260810.pdf,361.2,1.2,169.3,4.0,12.0,8.0,,,0.8,0.0,12.6,0.0,11-ago,,,,36.0,5.5,3.4,6.0,0.5
2026-08-11,RDS_20260811.pdf,344.9,-16.3,159.1,6.0,12.0,9.0,,,0.8,0.0,18.0,0.0,11-ago,,,,28.6,5.6,3.5,5.0,0.5
2026-08-12,RDS_20260812.pdf,339.7,-5.2,166.5,8.0,13.0,10.5,,,1.0,0.0,20.0,0.0,21-ago,,,,28.0,5.6,5.0,6.0,0.5
2026-08-13,RDS_20260813.pdf,335.0,-4.7,163.8,8.0,12.0,10.0,,,1.5,0.0,20.0,0.0,21-ago,,,,29.0,5.7,4.5,6.0,0.5
2026-08-14,RDS_20260814.pdf,336.8,1.8,155.9,10.0,13.0,11.5,,,1.5,0.0,21.0,0.0,19-ago,,,,28.0,5.8,4.4,6.0,0.5
2026-08-15,RDS_20260815.pdf,338.4,1.5,141.3,13.0,15.0,14.0,,,1.7,0.0,7.0,0.0,19-ago,,,,26.3,5.7,4.0,5.0,0.5
2026-08-16,RDS_20260816.pdf,345.8,7.4,131.5,12.0,18.0,15.0,,,2.6,0.0,0.0,0.0,19-ago,,,,27.3,5.1,4.1,5.0,0.5
2026-08-17,RDS_20260817.pdf,358.1,12.3,135.6,12.0,14.0,13.0,,,2.4,0.0,0.0,0.0,19-ago,,,,27.4,5.3,1.7,5.0,0.0
2026-08-18,RDS_20260818.pdf,358.1,0.0,145.0,7.0,13.0,10.0,,,2.3,0.0,7.0,0.0,19-ago,,,,29.3,5.7,3.9,5.0,0.5
2026-08-19,RDS_20260819.pdf,355.9,-2.2,142.8,6.0,15.0,10.5,,,2.6,0.0,7.0,0.0,19-ago,,,,28.9,5.6,4.0,4.0,0.5
2026-08-20,RDS_20260820.pdf,359.2,3.4,144.1,8.0,17.0,12.5,,,3.7,0.0,5.6,0.0,25-ago,,,,29.3,5.6,4.1,4.0,0.5
2026-08-21,RDS_20260821.pdf,363.7,4.5,152.2,6.0,12.0,9.0,,,4.8,0.0,9.0,0.0,25-ago,,,,31.0,5.8,4.1,3.0,0.5
2026-08-22,RDS_20260822.pdf,356.2,-7.6,143.9,4.0,14.0,9.0,,,4.3,0.0,6.0,0.0,25-ago,,,,30.8,5.7,4.0,2.0,0.5
2026-08-23,RDS_20260823.pdf,356.2,0.1,142.3,4.0,13.0,8.5,,,5.0,0.0,7.0,0.0,25-ago,,,,30.9,5.0,4.0,2.0,0.5
2026-08-24,RDS_20260824.pdf,354.2,-2.1,153.9,7.0,13.0,10.0,,,3.7,0.0,9.0,0.0,25-ago,,,,33.0,5.6,4.0,4.0,0.5
2026-08-25,RDS_20260825.pdf,344.4,-9.8,144.5,8.0,14.0,11.0,,,3.7,0.0,7.3,0.0,25-ago,,,,32.3,5.5,3.8,6.2,0.5
2026-08-26,RDS_20260826.pdf,340.2,-4.2,138.5,10.0,18.0,14.0,,,1.2,0.0,3.5,0.0,,,,,32.7,5.5,4.0,6.0,0.5
2026-08-27,RDS_20260827.pdf,341.0,0.8,136.8,10.0,18.0,14.0,13.5,16.7,2.6,0.0,4.0,0.0,,,,,33.0,5.6,4.0,6.0,0.4
