fecha,linepack_tgn_est,linepack_tgs_est,linepack_total_est,temp_prom
2026-09-28,135.88,232.06,,
2026-09-29,135.26,230.0,,
2026-09-30,134.73,228.56,368.82,13.7
2026-10-01,134.28,227.55,367.37,12.8
2026-10-02,133.9,226.85,366.35,11.6
2026-10-03,133.57,226.36,365.64,14.8
2026-10-04,133.29,226.01,365.14,15.9
2026-10-05,133.06,225.77,364.79,15.1
2026-10-06,132.86,225.6,364.55,16.5
2026-10-07,132.69,225.48,364.38,16.2
2026-10-08,132.55,225.4,364.26,14.9
2026-10-09,132.43,225.34,364.18,16.1
2026-10-10,132.32,225.3,364.12,16.2
2026-10-11,132.23,225.27,364.08,16.1
2026-10-12,132.15,225.25,364.05,17.1
2026-10-13,132.09,225.24,364.03,17.3
